time,open,high,low,close,Volume
1771584120,96.365,96.365,96.365,96.365,2
1771586520,96.365,96.365,96.365,96.365,26
1771587000,96.365,96.365,96.365,96.365,29
1771587780,96.365,96.365,96.365,96.365,1
1771591260,96.37,96.37,96.37,96.37,106
1771592160,96.365,96.365,96.365,96.365,35
1771592400,96.37,96.37,96.37,96.37,41
1771592520,96.37,96.37,96.37,96.37,28
1771592760,96.37,96.37,96.37,96.37,1
1771593060,96.37,96.37,96.37,96.37,11
1771594140,96.37,96.37,96.37,96.37,1
1771594260,96.365,96.365,96.365,96.365,2
1771594320,96.37,96.37,96.37,96.37,509
1771594920,96.37,96.37,96.37,96.37,1
1771595040,96.37,96.37,96.37,96.37,1
1771596840,96.37,96.37,96.37,96.37,1
1771598520,96.365,96.365,96.365,96.365,1
1771599540,96.365,96.365,96.365,96.365,48
1771599660,96.365,96.365,96.365,96.365,62
1771599720,96.365,96.365,96.365,96.365,74
1771599780,96.365,96.365,96.365,96.365,468
1771599840,96.365,96.365,96.365,96.365,18
1771599900,96.365,96.365,96.365,96.365,569
1771599960,96.365,96.365,96.365,96.365,15
1771600020,96.365,96.365,96.365,96.365,277
1771600140,96.365,96.365,96.365,96.365,100
1771600260,96.365,96.365,96.365,96.365,8
1771600560,96.365,96.365,96.365,96.365,15
1771600620,96.365,96.365,96.365,96.365,22
1771600920,96.365,96.365,96.365,96.365,5
1771601160,96.365,96.365,96.365,96.365,10
1771601220,96.365,96.365,96.365,96.365,8
1771601280,96.365,96.365,96.365,96.365,7
1771601520,96.365,96.365,96.365,96.365,7
1771601820,96.365,96.365,96.365,96.365,16
1771602060,96.365,96.365,96.365,96.365,38
1771602420,96.365,96.365,96.365,96.365,2
1771602480,96.365,96.365,96.365,96.365,64
1771602540,96.365,96.365,96.365,96.365,9
1771602600,96.365,96.365,96.365,96.365,2531
1771602720,96.365,96.365,96.365,96.365,2
1771602900,96.365,96.365,96.365,96.365,10
1771603140,96.365,96.365,96.365,96.365,20
1771603200,96.365,96.365,96.365,96.365,58
1771603320,96.365,96.365,96.365,96.365,12
1771603380,96.365,96.365,96.365,96.365,2
1771603560,96.365,96.365,96.365,96.365,95
1771604400,96.365,96.365,96.365,96.365,54
1771604580,96.365,96.365,96.365,96.365,1
1771604640,96.365,96.365,96.365,96.365,34
1771605180,96.365,96.365,96.365,96.365,1
1771605780,96.365,96.365,96.365,96.365,77
1771606140,96.365,96.365,96.365,96.365,5
1771606620,96.365,96.365,96.365,96.365,1
1771606800,96.365,96.365,96.365,96.365,3
1771607160,96.365,96.365,96.365,96.365,17
1771607340,96.365,96.365,96.365,96.365,9
1771607520,96.365,96.365,96.365,96.365,2098
1771607580,96.365,96.365,96.365,96.365,20
1771608120,96.365,96.365,96.365,96.365,12
1771608180,96.365,96.365,96.365,96.365,8
1771608420,96.365,96.365,96.365,96.365,1
1771608600,96.365,96.365,96.365,96.365,58
1771608660,96.365,96.365,96.365,96.365,2
1771608720,96.365,96.365,96.365,96.365,2
1771608780,96.365,96.365,96.365,96.365,1
1771608900,96.365,96.365,96.365,96.365,11
1771608960,96.365,96.365,96.365,96.365,2
1771609080,96.365,96.365,96.365,96.365,67
1771609260,96.365,96.365,96.365,96.365,11
1771609440,96.365,96.365,96.365,96.365,64
1771609980,96.365,96.365,96.365,96.365,2
1771610100,96.365,96.365,96.365,96.365,6
1771610400,96.365,96.365,96.365,96.365,21
1771610820,96.365,96.365,96.365,96.365,2
1771611120,96.365,96.365,96.365,96.365,44
1771611840,96.365,96.365,96.365,96.365,30
1771612500,96.365,96.365,96.365,96.365,35
1771612560,96.365,96.365,96.365,96.365,1
1771612860,96.365,96.365,96.365,96.365,1
1771612980,96.365,96.365,96.365,96.365,9
1771613820,96.365,96.365,96.365,96.365,3
1771613880,96.365,96.365,96.365,96.365,3
1771614420,96.365,96.365,96.365,96.365,215
1771615800,96.365,96.365,96.365,96.365,17
1771615860,96.365,96.365,96.365,96.365,1
1771616040,96.365,96.365,96.365,96.365,5
1771616460,96.365,96.365,96.365,96.365,4
1771616700,96.365,96.365,96.365,96.365,6
1771616760,96.365,96.365,96.365,96.365,3
1771616820,96.365,96.365,96.365,96.365,150
1771617180,96.365,96.365,96.365,96.365,8
1771617540,96.365,96.365,96.365,96.365,1
1771618200,96.365,96.365,96.365,96.365,136
1771618320,96.365,96.365,96.365,96.365,3
1771618380,96.365,96.365,96.365,96.365,1
1771619220,96.365,96.365,96.365,96.365,9
1771619400,96.365,96.365,96.365,96.365,1
1771620960,96.365,96.365,96.365,96.365,3
1771621140,96.365,96.365,96.365,96.365,19
1771621200,96.365,96.365,96.365,96.365,13
1771621260,96.365,96.365,96.365,96.365,17
1771621740,96.365,96.365,96.365,96.365,28
1771621800,96.365,96.365,96.365,96.365,3
1771623480,96.365,96.365,96.365,96.365,219
1771623600,96.365,96.365,96.365,96.365,1
1771623900,96.365,96.365,96.365,96.365,11
1771624020,96.365,96.365,96.365,96.365,13
1771624080,96.365,96.365,96.365,96.365,100
1771624260,96.365,96.365,96.365,96.365,95
1771624320,96.365,96.365,96.365,96.365,12
1771624440,96.365,96.365,96.365,96.365,62
1771624500,96.365,96.365,96.365,96.365,384
1771624560,96.365,96.365,96.365,96.365,517
1771624680,96.365,96.37,96.365,96.37,67
1771624740,96.365,96.365,96.365,96.365,243
1771801200,96.365,96.365,96.365,96.365,1
1771801260,96.365,96.365,96.365,96.365,135
1771801380,96.365,96.365,96.365,96.365,36
1771803900,96.365,96.365,96.365,96.365,6
1771804020,96.365,96.365,96.365,96.365,1
1771804200,96.365,96.365,96.365,96.365,313
1771807560,96.365,96.365,96.365,96.365,18
1771817520,96.365,96.365,96.365,96.365,17
1771830000,96.365,96.365,96.365,96.365,115
1771830060,96.365,96.365,96.365,96.365,31
1771830180,96.365,96.365,96.365,96.365,32
1771832040,96.365,96.365,96.365,96.365,31
1771832100,96.365,96.365,96.365,96.365,31
1771833420,96.365,96.365,96.365,96.365,2
1771833660,96.365,96.365,96.365,96.365,303
1771834860,96.365,96.365,96.365,96.365,2
1771835040,96.37,96.37,96.37,96.37,10
1771835160,96.365,96.365,96.365,96.365,4
1771835220,96.365,96.365,96.365,96.365,4
1771835760,96.365,96.365,96.365,96.365,72
1771835880,96.365,96.365,96.365,96.365,2
1771836000,96.365,96.365,96.365,96.365,49
1771836060,96.365,96.365,96.365,96.365,320
1771836180,96.365,96.365,96.365,96.365,5
1771836660,96.365,96.365,96.365,96.365,1911
1771836720,96.365,96.365,96.365,96.365,223
1771839600,96.365,96.365,96.365,96.365,126
1771845060,96.365,96.365,96.365,96.365,1
1771846020,96.365,96.365,96.365,96.365,1
1771846800,96.365,96.365,96.365,96.365,400
1771847100,96.365,96.365,96.365,96.365,161
1771848660,96.365,96.365,96.365,96.365,14
1771848720,96.365,96.365,96.365,96.365,100
1771849020,96.365,96.365,96.365,96.365,8
1771849080,96.365,96.365,96.365,96.365,500
1771849680,96.365,96.365,96.365,96.365,1
1771850460,96.365,96.365,96.365,96.365,200
1771850580,96.365,96.365,96.365,96.365,100
1771851060,96.365,96.365,96.365,96.365,7
1771851120,96.365,96.365,96.365,96.365,5
1771851420,96.365,96.365,96.365,96.365,14
1771851600,96.365,96.365,96.365,96.365,2
1771851660,96.365,96.365,96.365,96.365,2
1771851780,96.365,96.365,96.365,96.365,2128
1771852020,96.365,96.365,96.365,96.365,725
1771852860,96.365,96.365,96.365,96.365,40
1771852980,96.365,96.365,96.365,96.365,1
1771853640,96.365,96.365,96.365,96.365,325
1771853940,96.365,96.365,96.365,96.365,10
1771854000,96.365,96.365,96.365,96.365,30
1771854060,96.365,96.365,96.365,96.365,10
1771854600,96.365,96.365,96.365,96.365,2
1771854660,96.365,96.365,96.365,96.365,1
1771854720,96.365,96.365,96.365,96.365,501
1771854840,96.365,96.365,96.365,96.365,2
1771855140,96.365,96.365,96.365,96.365,1154
1771855320,96.365,96.365,96.365,96.365,1
1771855380,96.365,96.365,96.365,96.365,16
1771855440,96.365,96.365,96.365,96.365,80
1771855500,96.365,96.365,96.365,96.365,80
1771855560,96.365,96.365,96.365,96.365,21
1771855620,96.365,96.365,96.365,96.365,296
1771855680,96.365,96.365,96.365,96.365,173
1771855740,96.365,96.365,96.365,96.365,121
1771855800,96.365,96.365,96.365,96.365,42
1771855860,96.365,96.365,96.365,96.365,17
1771855980,96.365,96.365,96.365,96.365,8
1771856160,96.365,96.365,96.365,96.365,18
1771856340,96.365,96.365,96.365,96.365,1
1771856400,96.365,96.365,96.365,96.365,21
1771856940,96.365,96.365,96.365,96.365,23
1771857000,96.365,96.365,96.365,96.365,3
1771857720,96.365,96.365,96.365,96.365,16
1771859160,96.365,96.365,96.365,96.365,22
1771859880,96.365,96.365,96.365,96.365,1052
1771859940,96.365,96.365,96.365,96.365,46
1771860000,96.365,96.365,96.365,96.365,36
1771860060,96.365,96.365,96.365,96.365,91
1771860180,96.365,96.365,96.365,96.365,3
1771860660,96.365,96.365,96.365,96.365,3
1771860720,96.365,96.365,96.365,96.365,6
1771860780,96.365,96.365,96.365,96.365,168
1771861020,96.365,96.365,96.365,96.365,13
1771861140,96.365,96.365,96.365,96.365,10
1771861260,96.365,96.365,96.365,96.365,3
1771861320,96.365,96.365,96.365,96.365,1753
1771861620,96.365,96.365,96.365,96.365,3
1771862460,96.365,96.365,96.365,96.365,43
1771862520,96.365,96.365,96.365,96.365,6
1771862640,96.365,96.365,96.365,96.365,13
1771862700,96.365,96.365,96.365,96.365,115
1771862760,96.365,96.365,96.365,96.365,500
1771862820,96.365,96.37,96.365,96.365,121
1771862880,96.365,96.365,96.365,96.365,47
1771863000,96.37,96.37,96.37,96.37,3
1771863420,96.365,96.365,96.365,96.365,11
1771863840,96.365,96.365,96.365,96.365,105
1771864260,96.365,96.365,96.365,96.365,17
1771864440,96.365,96.365,96.365,96.365,12
1771864500,96.365,96.365,96.365,96.365,122
1771864620,96.365,96.365,96.365,96.365,12
1771864680,96.365,96.365,96.365,96.365,1
1771864800,96.365,96.365,96.365,96.365,42
1771864920,96.365,96.365,96.365,96.365,37
1771865040,96.365,96.365,96.365,96.365,6
1771865640,96.365,96.365,96.365,96.365,4
1771866180,96.365,96.365,96.365,96.365,156
1771866240,96.365,96.365,96.365,96.365,45
1771866540,96.365,96.365,96.365,96.365,59
1771866900,96.365,96.365,96.365,96.365,7
1771867080,96.365,96.365,96.365,96.365,2
1771867380,96.365,96.365,96.365,96.365,1035
1771868040,96.365,96.365,96.365,96.365,609
1771868280,96.365,96.365,96.365,96.365,13
1771868340,96.365,96.365,96.365,96.365,194
1771868820,96.365,96.365,96.365,96.365,25
1771868940,96.365,96.365,96.365,96.365,5
1771869000,96.37,96.37,96.365,96.365,501
1771869540,96.365,96.365,96.365,96.365,4
1771871040,96.365,96.365,96.365,96.365,28
1771871520,96.365,96.365,96.365,96.365,506
1771871580,96.365,96.365,96.365,96.365,1
1771871760,96.365,96.365,96.365,96.365,1
1771871820,96.365,96.365,96.365,96.365,5
1771872060,96.365,96.365,96.365,96.365,3
1771872480,96.365,96.365,96.365,96.365,1
1771872840,96.365,96.365,96.365,96.365,2
1771874880,96.365,96.365,96.365,96.365,1521
1771875660,96.365,96.365,96.365,96.365,16
1771875780,96.365,96.365,96.365,96.365,27
1771875840,96.365,96.365,96.365,96.365,510
1771875900,96.365,96.365,96.365,96.365,81
1771876020,96.365,96.365,96.365,96.365,1
1771876080,96.365,96.365,96.365,96.365,1
1771876140,96.365,96.365,96.365,96.365,3949
1771876500,96.365,96.365,96.365,96.365,100
1771876740,96.365,96.365,96.365,96.365,74
1771876980,96.365,96.365,96.365,96.365,1
1771877820,96.365,96.365,96.365,96.365,4
1771877880,96.365,96.365,96.365,96.365,22
1771877940,96.365,96.365,96.365,96.365,1
1771878840,96.365,96.365,96.365,96.365,1
1771883400,96.365,96.365,96.365,96.365,5
1771883880,96.365,96.365,96.365,96.365,1
1771883940,96.365,96.365,96.365,96.365,25
1771887600,96.365,96.365,96.365,96.365,159
1771887660,96.365,96.365,96.365,96.365,937
1771887960,96.365,96.365,96.365,96.365,29
1771917000,96.365,96.365,96.365,96.365,200
1771917120,96.365,96.365,96.365,96.365,101
1771917300,96.365,96.365,96.365,96.365,1
1771920060,96.365,96.365,96.365,96.365,1120
1771921080,96.365,96.365,96.365,96.365,1
1771923360,96.365,96.365,96.365,96.365,3
1771923420,96.365,96.365,96.365,96.365,1
1771923840,96.365,96.365,96.365,96.365,20
1771925520,96.365,96.365,96.365,96.365,3
1771926180,96.365,96.365,96.365,96.365,2
1771926240,96.365,96.365,96.365,96.365,6
1771929780,96.365,96.365,96.365,96.365,200
1771930200,96.365,96.365,96.365,96.365,1
1771930320,96.365,96.365,96.365,96.365,100
1771933080,96.365,96.365,96.365,96.365,17
1771936140,96.365,96.365,96.365,96.365,1
1771936500,96.365,96.365,96.365,96.365,105
1771936560,96.365,96.365,96.365,96.365,1
1771937280,96.365,96.365,96.365,96.365,1
1771937460,96.365,96.365,96.365,96.365,6
1771937580,96.365,96.365,96.365,96.365,244
1771937640,96.365,96.365,96.365,96.365,300
1771937880,96.365,96.365,96.365,96.365,9
1771938420,96.365,96.365,96.365,96.365,96
1771938720,96.365,96.365,96.365,96.365,2
1771938840,96.365,96.365,96.365,96.365,200
1771939020,96.365,96.365,96.365,96.365,4
1771939740,96.365,96.365,96.365,96.365,499
1771941540,96.36,96.36,96.36,96.36,2
1771941660,96.365,96.365,96.365,96.365,54
1771941720,96.365,96.365,96.365,96.365,51
1771942020,96.365,96.365,96.365,96.365,8
1771942380,96.36,96.365,96.36,96.365,25
1771942440,96.36,96.36,96.36,96.36,1893
1771942920,96.365,96.365,96.365,96.365,954
1771943640,96.365,96.365,96.365,96.365,11
1771943700,96.365,96.365,96.365,96.365,3
1771944960,96.36,96.36,96.36,96.36,1
1771945020,96.365,96.365,96.365,96.365,54
1771945500,96.36,96.36,96.36,96.36,2
1771945560,96.365,96.365,96.365,96.365,10
1771945920,96.36,96.36,96.36,96.36,1
1771947480,96.365,96.365,96.365,96.365,48
1771948200,96.365,96.365,96.365,96.365,49
1771948380,96.365,96.365,96.365,96.365,119
1771948920,96.365,96.365,96.365,96.365,25
1771949580,96.365,96.365,96.365,96.365,37
1771949820,96.365,96.365,96.365,96.365,146
1771949880,96.365,96.365,96.365,96.365,55
1771950120,96.365,96.365,96.365,96.365,44
1771950240,96.365,96.365,96.365,96.365,397
1771950900,96.365,96.365,96.365,96.365,17
1771951200,96.365,96.365,96.365,96.365,37
1771951500,96.365,96.365,96.365,96.365,121
1771951980,96.365,96.365,96.365,96.365,17
1771952940,96.365,96.365,96.365,96.365,144
1771955400,96.365,96.365,96.365,96.365,100
1771955760,96.365,96.365,96.365,96.365,52
1771955820,96.365,96.365,96.365,96.365,26
1771956600,96.365,96.365,96.365,96.365,11
1771957260,96.365,96.365,96.365,96.365,18
1771957440,96.365,96.365,96.365,96.365,37
1771957500,96.365,96.365,96.365,96.365,200
1771957800,96.365,96.365,96.365,96.365,1000
1771960140,96.365,96.365,96.365,96.365,5
1771960260,96.365,96.365,96.365,96.365,127
1771960440,96.365,96.365,96.365,96.365,1
1771962060,96.365,96.365,96.365,96.365,442
1771962120,96.365,96.365,96.365,96.365,324
1771962180,96.365,96.365,96.365,96.365,25
1771962360,96.365,96.365,96.365,96.365,218
1771962420,96.365,96.365,96.365,96.365,95
1771963140,96.365,96.365,96.365,96.365,9
1771964760,96.365,96.365,96.365,96.365,893
1771965540,96.365,96.365,96.365,96.365,3
1771966680,96.36,96.36,96.36,96.36,30
1771967100,96.365,96.365,96.365,96.365,6
1771967160,96.365,96.365,96.365,96.365,7
1771967280,96.36,96.36,96.36,96.36,25
1771967340,96.36,96.36,96.36,96.36,102
1771968360,96.365,96.365,96.365,96.365,58
1771968900,96.365,96.365,96.365,96.365,27
1771969260,96.365,96.365,96.365,96.365,7
1771969800,96.365,96.365,96.365,96.365,9
1771970160,96.365,96.365,96.365,96.365,30
1771970280,96.365,96.365,96.365,96.365,2
1771970340,96.365,96.365,96.36,96.36,24
1771978620,96.36,96.36,96.36,96.36,94
1772000160,96.365,96.365,96.365,96.365,1
1772001360,96.365,96.365,96.365,96.365,100
1772003940,96.36,96.36,96.36,96.36,1
1772004120,96.36,96.36,96.36,96.36,1
1772009220,96.365,96.365,96.365,96.365,100
1772009280,96.365,96.365,96.365,96.365,98
1772009880,96.36,96.36,96.36,96.36,5
1772011920,96.36,96.36,96.36,96.36,3
1772012040,96.36,96.36,96.36,96.36,3
1772022660,96.365,96.365,96.365,96.365,17
1772023440,96.365,96.365,96.365,96.365,3
1772024220,96.365,96.365,96.365,96.365,68
1772026620,96.365,96.365,96.365,96.365,27
1772027820,96.365,96.365,96.365,96.365,14
1772028840,96.365,96.365,96.365,96.365,36
1772029020,96.365,96.365,96.365,96.365,3
1772029080,96.365,96.365,96.365,96.365,1
1772029140,96.365,96.365,96.365,96.365,1
1772029200,96.365,96.365,96.365,96.365,1
1772029260,96.365,96.365,96.365,96.365,1
1772029320,96.365,96.365,96.365,96.365,1
1772029380,96.365,96.365,96.365,96.365,66
1772030520,96.365,96.365,96.365,96.365,1
1772030580,96.365,96.365,96.365,96.365,1
1772030640,96.365,96.365,96.365,96.365,5
1772030700,96.365,96.365,96.365,96.365,2
1772030760,96.365,96.365,96.365,96.365,1
1772030880,96.365,96.365,96.365,96.365,1
1772030940,96.365,96.365,96.365,96.365,1
1772031480,96.365,96.365,96.365,96.365,2
1772031540,96.365,96.365,96.365,96.365,1
1772032260,96.365,96.365,96.365,96.365,68
1772032380,96.365,96.365,96.365,96.365,39
1772032860,96.365,96.365,96.365,96.365,8
1772032980,96.365,96.365,96.365,96.365,230
1772033400,96.365,96.365,96.365,96.365,28
1772033760,96.365,96.365,96.365,96.365,3
1772035500,96.365,96.365,96.365,96.365,40
1772035860,96.365,96.365,96.365,96.365,199
1772036160,96.365,96.365,96.365,96.365,95
1772036940,96.365,96.365,96.365,96.365,1
1772037000,96.365,96.365,96.365,96.365,35
1772037420,96.365,96.365,96.365,96.365,495
1772038020,96.365,96.365,96.365,96.365,7
1772038500,96.36,96.36,96.36,96.36,1
1772039220,96.365,96.365,96.365,96.365,32
1772039340,96.365,96.365,96.365,96.365,7
1772039820,96.36,96.36,96.36,96.36,101
1772039880,96.365,96.365,96.365,96.365,16
1772039940,96.36,96.36,96.36,96.36,100
1772040000,96.36,96.36,96.36,96.36,90
1772040720,96.365,96.365,96.365,96.365,189
1772041020,96.36,96.36,96.36,96.36,1
1772041680,96.36,96.36,96.36,96.36,1
1772042340,96.36,96.36,96.36,96.36,80
1772044560,96.365,96.365,96.365,96.365,5
1772045220,96.36,96.36,96.36,96.36,1
1772045280,96.365,96.365,96.365,96.365,4
1772045400,96.365,96.365,96.365,96.365,470
1772045580,96.365,96.365,96.365,96.365,1
1772045700,96.365,96.365,96.365,96.365,283
1772046420,96.365,96.365,96.365,96.365,3
1772047680,96.36,96.365,96.36,96.365,19
1772049300,96.365,96.365,96.365,96.365,895
1772049480,96.365,96.365,96.365,96.365,1303
1772049540,96.36,96.36,96.36,96.36,9
1772049600,96.365,96.365,96.365,96.365,193
1772049960,96.365,96.365,96.365,96.365,337
1772050020,96.365,96.365,96.36,96.36,40
1772050440,96.365,96.365,96.365,96.365,2
1772050800,96.365,96.365,96.365,96.365,27
1772050980,96.365,96.365,96.365,96.365,51
1772051580,96.365,96.365,96.365,96.365,1
1772051640,96.365,96.365,96.365,96.365,16
1772051820,96.365,96.365,96.365,96.365,283
1772052000,96.365,96.365,96.365,96.365,15
1772053080,96.365,96.365,96.365,96.365,2
1772053500,96.36,96.36,96.36,96.36,2
1772053620,96.365,96.365,96.365,96.365,13
1772053740,96.36,96.36,96.36,96.36,4
1772053920,96.365,96.365,96.365,96.365,159
1772054880,96.365,96.365,96.365,96.365,37
1772055300,96.365,96.365,96.365,96.365,2
1772056680,96.36,96.36,96.36,96.36,3
1772074560,96.365,96.365,96.365,96.365,59
1772083920,96.365,96.365,96.365,96.365,100
1772083980,96.365,96.365,96.365,96.365,1
1772084100,96.365,96.365,96.365,96.365,1
1772088780,96.365,96.365,96.365,96.365,1
1772092860,96.365,96.365,96.365,96.365,18
1772094420,96.365,96.365,96.365,96.365,3
1772094600,96.365,96.365,96.365,96.365,36
1772095440,96.365,96.365,96.365,96.365,10
1772095620,96.365,96.365,96.365,96.365,1
1772095920,96.365,96.365,96.365,96.365,8
1772096220,96.365,96.365,96.365,96.365,1
1772102640,96.365,96.365,96.365,96.365,32
1772102700,96.365,96.365,96.365,96.365,29
1772104080,96.365,96.365,96.365,96.365,1
1772110380,96.365,96.365,96.365,96.365,15
1772110620,96.365,96.365,96.365,96.365,21
1772112420,96.36,96.36,96.36,96.36,76
1772112780,96.36,96.36,96.36,96.36,8
1772113140,96.36,96.36,96.36,96.36,4
1772113620,96.365,96.365,96.365,96.365,1
1772115300,96.365,96.365,96.365,96.365,10
1772115660,96.36,96.36,96.36,96.36,22
1772117400,96.365,96.365,96.365,96.365,25
1772117460,96.365,96.365,96.365,96.365,71
1772117520,96.365,96.365,96.365,96.365,242
1772117700,96.365,96.365,96.365,96.365,40
1772118060,96.36,96.36,96.36,96.36,100
1772118360,96.365,96.365,96.365,96.365,50
1772118480,96.365,96.365,96.365,96.365,13
1772118840,96.365,96.365,96.365,96.365,125
1772118960,96.365,96.365,96.365,96.365,3
1772119560,96.365,96.365,96.365,96.365,38
1772119800,96.365,96.365,96.365,96.365,19
1772119860,96.365,96.365,96.365,96.365,20
1772119920,96.365,96.365,96.365,96.365,7
1772120280,96.365,96.365,96.365,96.365,486
1772120400,96.365,96.365,96.365,96.365,50
1772121420,96.365,96.365,96.365,96.365,37
1772121900,96.36,96.36,96.36,96.36,75
1772122260,96.365,96.365,96.365,96.365,1
1772122500,96.365,96.365,96.365,96.365,100
1772122560,96.365,96.365,96.365,96.365,25
1772122920,96.365,96.365,96.365,96.365,10
1772123040,96.365,96.365,96.365,96.365,6
1772123460,96.365,96.365,96.365,96.365,1
1772123520,96.36,96.36,96.36,96.36,161
1772123700,96.365,96.365,96.365,96.365,1
1772123760,96.36,96.36,96.36,96.36,3
1772124000,96.365,96.365,96.365,96.365,1
1772124060,96.365,96.365,96.365,96.365,500
1772124240,96.365,96.365,96.365,96.365,16
1772124300,96.365,96.365,96.365,96.365,13
1772124480,96.365,96.365,96.365,96.365,1000
1772124600,96.365,96.365,96.365,96.365,1
1772124900,96.365,96.365,96.365,96.365,1
1772125200,96.365,96.365,96.365,96.365,1
1772125620,96.365,96.365,96.365,96.365,1
1772125980,96.365,96.365,96.365,96.365,1
1772126280,96.365,96.365,96.365,96.365,1
1772126400,96.365,96.365,96.365,96.365,1
1772126760,96.36,96.36,96.36,96.36,43
1772126880,96.365,96.365,96.365,96.365,1
1772127000,96.365,96.365,96.365,96.365,7
1772127120,96.36,96.36,96.36,96.36,50
1772127360,96.365,96.365,96.365,96.365,1
1772127480,96.36,96.36,96.36,96.36,12
1772127840,96.365,96.365,96.365,96.365,1
1772128080,96.365,96.365,96.365,96.365,11
1772128380,96.365,96.365,96.365,96.365,684
1772128440,96.365,96.365,96.365,96.365,1
1772129280,96.365,96.365,96.365,96.365,1
1772129760,96.365,96.365,96.365,96.365,1
1772130300,96.365,96.365,96.365,96.365,1
1772130540,96.365,96.365,96.365,96.365,52
1772131200,96.365,96.365,96.365,96.365,131
1772131260,96.365,96.365,96.365,96.365,7
1772131500,96.365,96.365,96.365,96.365,12
1772131620,96.365,96.365,96.365,96.365,830
1772132040,96.365,96.365,96.365,96.365,1
1772132640,96.36,96.365,96.36,96.365,101
1772132760,96.365,96.365,96.365,96.365,320
1772132820,96.365,96.365,96.365,96.365,65
1772133240,96.365,96.365,96.365,96.365,1
1772133780,96.365,96.365,96.365,96.365,1
1772134320,96.365,96.365,96.365,96.365,5
1772134380,96.365,96.365,96.365,96.365,1
1772134800,96.365,96.365,96.365,96.365,32
1772135040,96.365,96.365,96.365,96.365,1
1772135940,96.36,96.365,96.36,96.36,18
1772136120,96.365,96.365,96.365,96.365,4
1772136240,96.36,96.36,96.36,96.36,25
1772136300,96.365,96.365,96.365,96.365,4
1772136960,96.365,96.365,96.365,96.365,136
1772137020,96.365,96.365,96.365,96.365,81
1772137320,96.36,96.36,96.36,96.36,171
1772138460,96.365,96.365,96.365,96.365,78
1772139600,96.365,96.365,96.365,96.365,28
1772140320,96.365,96.365,96.365,96.365,3
1772140440,96.365,96.365,96.365,96.365,49
1772141820,96.36,96.36,96.36,96.36,755
1772142120,96.365,96.365,96.365,96.365,30
1772142240,96.365,96.365,96.365,96.365,47
1772142360,96.365,96.365,96.365,96.365,44
1772142480,96.365,96.365,96.365,96.365,44
1772142600,96.365,96.365,96.365,96.365,44
1772142720,96.365,96.365,96.365,96.365,41
1772142840,96.365,96.365,96.365,96.365,45
1772142900,96.365,96.365,96.365,96.365,21
1772143080,96.36,96.36,96.36,96.36,3
1772143140,96.365,96.365,96.36,96.36,11
1772146800,96.365,96.365,96.365,96.365,25
1772147040,96.36,96.36,96.36,96.36,12
1772150100,96.365,96.365,96.365,96.365,80
1772150280,96.365,96.365,96.365,96.365,21
1772150460,96.365,96.365,96.365,96.365,31
1772150640,96.365,96.365,96.365,96.365,36
1772154840,96.365,96.365,96.365,96.365,200
1772164200,96.365,96.365,96.36,96.365,21
1772174100,96.365,96.365,96.365,96.365,3
1772174220,96.36,96.36,96.36,96.36,100
1772183820,96.365,96.365,96.365,96.365,44
1772185680,96.365,96.365,96.365,96.365,2000
1772186460,96.365,96.365,96.365,96.365,495
1772186640,96.365,96.365,96.365,96.365,200
1772190480,96.365,96.365,96.365,96.365,3
1772193120,96.365,96.365,96.365,96.365,8
1772193960,96.365,96.365,96.365,96.365,2550
1772194740,96.36,96.36,96.36,96.36,100
1772194800,96.36,96.365,96.36,96.365,101
1772195940,96.365,96.365,96.365,96.365,1112
1772196780,96.365,96.365,96.365,96.365,200
1772196960,96.365,96.365,96.365,96.365,4
1772197020,96.365,96.365,96.365,96.365,1
1772197080,96.365,96.365,96.365,96.365,1
1772197200,96.365,96.365,96.365,96.365,1
1772197260,96.365,96.365,96.365,96.365,1
1772197320,96.365,96.365,96.365,96.365,56
1772197380,96.365,96.365,96.365,96.365,1
1772197500,96.365,96.365,96.365,96.365,1
1772197560,96.365,96.365,96.365,96.365,1
1772197620,96.365,96.365,96.365,96.365,1
1772197680,96.365,96.365,96.365,96.365,1
1772197800,96.365,96.365,96.365,96.365,1
1772197860,96.365,96.365,96.365,96.365,1
1772197920,96.365,96.365,96.365,96.365,1
1772197980,96.365,96.365,96.365,96.365,53
1772198040,96.365,96.365,96.365,96.365,1
1772198100,96.365,96.365,96.365,96.365,1
1772198160,96.365,96.365,96.365,96.365,1
1772198220,96.365,96.365,96.365,96.365,2
1772198340,96.365,96.365,96.365,96.365,60
1772198400,96.365,96.365,96.365,96.365,1
1772198460,96.365,96.365,96.365,96.365,201
1772198520,96.365,96.365,96.365,96.365,16
1772198580,96.365,96.365,96.365,96.365,1
1772198640,96.365,96.365,96.365,96.365,75
1772198700,96.365,96.365,96.365,96.365,3
1772198820,96.365,96.365,96.365,96.365,1
1772198880,96.365,96.365,96.365,96.365,3
1772198940,96.365,96.365,96.365,96.365,987
1772199060,96.365,96.365,96.365,96.365,8746
1772199120,96.37,96.37,96.37,96.37,334
1772199180,96.365,96.37,96.365,96.37,3986
1772199240,96.37,96.37,96.37,96.37,186
1772199300,96.365,96.37,96.365,96.37,936
1772199360,96.37,96.37,96.37,96.37,122
1772199420,96.37,96.37,96.37,96.37,402
1772199480,96.37,96.37,96.37,96.37,117
1772199540,96.37,96.37,96.365,96.37,168
1772199600,96.37,96.37,96.365,96.37,923
1772199660,96.37,96.37,96.37,96.37,186
1772199720,96.365,96.37,96.365,96.365,428
1772199780,96.365,96.365,96.365,96.365,1945
1772199840,96.365,96.365,96.365,96.365,94
1772199900,96.365,96.365,96.365,96.365,10
1772199960,96.365,96.365,96.365,96.365,277
1772200140,96.365,96.365,96.365,96.365,525
1772200440,96.365,96.365,96.365,96.365,126
1772200620,96.365,96.365,96.365,96.365,75
1772200680,96.365,96.365,96.365,96.365,200
1772200740,96.365,96.365,96.365,96.365,759
1772200920,96.365,96.365,96.365,96.365,445
1772200980,96.365,96.365,96.365,96.365,5
1772201040,96.365,96.365,96.365,96.365,200
1772201100,96.365,96.365,96.365,96.365,17
1772201160,96.365,96.365,96.365,96.365,12
1772201220,96.365,96.365,96.365,96.365,11
1772201280,96.365,96.365,96.365,96.365,4
1772201340,96.365,96.365,96.365,96.365,6
1772201400,96.365,96.365,96.365,96.365,396
1772201760,96.365,96.365,96.365,96.365,24
1772201820,96.365,96.365,96.365,96.365,30
1772202000,96.365,96.365,96.365,96.365,12
1772202120,96.365,96.365,96.365,96.365,118
1772202180,96.365,96.365,96.36,96.36,64
1772202240,96.365,96.365,96.365,96.365,154
1772202360,96.365,96.365,96.365,96.365,44
1772202420,96.365,96.365,96.365,96.365,30
1772202480,96.365,96.365,96.365,96.365,243
1772202600,96.365,96.365,96.365,96.365,21
1772203140,96.365,96.365,96.365,96.365,3
1772203320,96.365,96.365,96.365,96.365,26
1772203740,96.37,96.37,96.37,96.37,11
1772204160,96.37,96.37,96.37,96.37,41
1772204640,96.37,96.37,96.37,96.37,10
1772205120,96.365,96.365,96.365,96.365,1
1772207040,96.365,96.365,96.365,96.365,1
1772207520,96.365,96.365,96.365,96.365,5
1772207880,96.365,96.365,96.365,96.365,26
1772210220,96.37,96.37,96.37,96.37,150
1772211180,96.37,96.37,96.37,96.37,1
1772212320,96.37,96.37,96.37,96.37,61
1772212620,96.37,96.37,96.37,96.37,1
1772212920,96.365,96.365,96.365,96.365,71
1772213040,96.37,96.37,96.37,96.37,14
1772213160,96.37,96.37,96.37,96.37,21
1772213760,96.37,96.37,96.37,96.37,57
1772214060,96.37,96.37,96.37,96.37,13
1772214540,96.37,96.37,96.37,96.37,1
1772215320,96.37,96.37,96.37,96.37,125
1772215680,96.37,96.37,96.37,96.37,10
1772216220,96.37,96.37,96.37,96.37,14
1772217120,96.365,96.365,96.365,96.365,250
1772218080,96.37,96.37,96.37,96.37,1
1772218260,96.365,96.365,96.365,96.365,20
1772220360,96.37,96.37,96.37,96.37,3
1772220480,96.37,96.37,96.37,96.37,1
1772222340,96.37,96.37,96.37,96.37,13
1772222760,96.365,96.365,96.365,96.365,83
1772223360,96.37,96.37,96.37,96.37,13
1772224200,96.37,96.37,96.37,96.37,5
1772224260,96.37,96.37,96.365,96.365,2005
1772225280,96.37,96.37,96.37,96.37,15
1772225760,96.37,96.37,96.37,96.37,2
1772225880,96.37,96.37,96.37,96.37,5
1772226000,96.37,96.37,96.37,96.37,2
1772226240,96.37,96.37,96.37,96.37,2
1772226660,96.37,96.37,96.37,96.37,11
1772227080,96.365,96.365,96.365,96.365,800
1772228520,96.365,96.365,96.365,96.365,850
1772228580,96.37,96.37,96.37,96.37,16
1772229060,96.365,96.365,96.365,96.365,13
1772229120,96.37,96.37,96.37,96.37,1
1772229180,96.365,96.365,96.365,96.365,3
1772229300,96.37,96.37,96.37,96.37,20
1772229360,96.37,96.37,96.37,96.37,39
1772229480,96.365,96.365,96.365,96.365,5
1772229540,96.365,96.365,96.365,96.365,707
1772406000,96.385,96.385,96.38,96.38,4636
1772406120,96.375,96.375,96.375,96.375,6
1772406180,96.375,96.375,96.375,96.375,175
1772406240,96.375,96.375,96.375,96.375,2
1772406480,96.375,96.375,96.375,96.375,4216
1772406540,96.375,96.375,96.375,96.375,406
1772406600,96.375,96.375,96.375,96.375,1009
1772406660,96.375,96.375,96.375,96.375,396
1772406720,96.375,96.375,96.375,96.375,4
1772406780,96.375,96.375,96.375,96.375,50
1772407260,96.375,96.375,96.375,96.375,1190
1772407500,96.375,96.375,96.375,96.375,3
1772407620,96.375,96.375,96.375,96.375,1532
1772407800,96.375,96.375,96.375,96.375,22
1772407860,96.375,96.375,96.375,96.375,325
1772408160,96.375,96.375,96.375,96.375,227
1772408220,96.37,96.375,96.37,96.375,2
1772408280,96.375,96.375,96.375,96.375,300
1772408340,96.375,96.375,96.375,96.375,100
1772408460,96.375,96.375,96.375,96.375,102
1772408580,96.375,96.375,96.375,96.375,14
1772408640,96.375,96.375,96.375,96.375,3
1772408700,96.375,96.375,96.375,96.375,50
1772409120,96.375,96.375,96.375,96.375,147
1772409300,96.375,96.375,96.375,96.375,1
1772409360,96.375,96.375,96.375,96.375,3
1772409420,96.375,96.375,96.375,96.375,820
1772409900,96.375,96.375,96.375,96.375,841
1772410140,96.375,96.375,96.375,96.375,3
1772410440,96.375,96.375,96.375,96.375,838
1772410560,96.375,96.375,96.375,96.375,385
1772410740,96.38,96.38,96.38,96.38,2
1772410800,96.38,96.38,96.38,96.38,13
1772411040,96.375,96.375,96.375,96.375,613
1772411460,96.375,96.375,96.375,96.375,1
1772412060,96.375,96.375,96.375,96.375,200
1772413140,96.375,96.375,96.375,96.375,1
1772413320,96.375,96.375,96.375,96.375,1
1772413500,96.375,96.375,96.375,96.375,1
1772414220,96.375,96.375,96.375,96.375,1
1772414640,96.375,96.375,96.375,96.375,1
1772415420,96.375,96.375,96.375,96.375,1
1772415480,96.37,96.37,96.37,96.37,224
1772415780,96.375,96.375,96.375,96.375,1
1772416020,96.375,96.375,96.375,96.375,1
1772417340,96.375,96.375,96.375,96.375,1
1772418660,96.375,96.375,96.375,96.375,1
1772419980,96.375,96.375,96.375,96.375,1
1772421360,96.375,96.375,96.375,96.375,1
1772422680,96.375,96.375,96.375,96.375,1
1772424000,96.375,96.375,96.375,96.375,1
1772425080,96.375,96.375,96.375,96.375,6
1772425320,96.375,96.375,96.375,96.375,1
1772426700,96.375,96.375,96.375,96.375,1
1772428020,96.375,96.375,96.375,96.375,1
1772429340,96.375,96.375,96.375,96.375,1
1772430720,96.375,96.375,96.375,96.375,1
1772431020,96.375,96.375,96.375,96.375,79
1772431440,96.375,96.375,96.375,96.375,500
1772432040,96.375,96.375,96.375,96.375,1
1772433360,96.375,96.375,96.375,96.375,1
1772434380,96.375,96.375,96.375,96.375,200
1772434680,96.375,96.375,96.375,96.375,1
1772436060,96.375,96.375,96.375,96.375,1
1772436720,96.37,96.37,96.37,96.37,3
1772436960,96.375,96.375,96.375,96.375,28
1772437140,96.37,96.37,96.37,96.37,1
1772437380,96.375,96.375,96.375,96.375,1
1772438700,96.375,96.375,96.375,96.375,1
1772439660,96.37,96.37,96.37,96.37,1
1772439900,96.37,96.37,96.37,96.37,1320
1772440020,96.375,96.375,96.375,96.375,1
1772440200,96.37,96.37,96.37,96.37,91
1772440320,96.37,96.37,96.37,96.37,104
1772440560,96.37,96.37,96.37,96.37,19
1772440740,96.37,96.37,96.37,96.37,16
1772441220,96.37,96.37,96.37,96.37,3
1772441400,96.375,96.375,96.375,96.375,1
1772441460,96.37,96.37,96.37,96.37,12
1772441580,96.37,96.37,96.37,96.37,1
1772442120,96.37,96.37,96.37,96.37,7
1772442240,96.37,96.37,96.37,96.37,75
1772442360,96.37,96.37,96.37,96.37,6
1772442600,96.37,96.37,96.37,96.37,7
1772442720,96.375,96.375,96.375,96.375,1
1772442840,96.375,96.375,96.375,96.375,11
1772442960,96.37,96.37,96.37,96.37,78
1772443680,96.37,96.37,96.37,96.37,50
1772444040,96.375,96.375,96.375,96.375,1
1772444940,96.37,96.37,96.37,96.37,16
1772445120,96.37,96.37,96.37,96.37,2
1772445360,96.375,96.375,96.375,96.375,1
1772446080,96.37,96.37,96.37,96.37,30
1772446200,96.37,96.37,96.37,96.37,9
1772446740,96.375,96.375,96.375,96.375,1
1772447940,96.37,96.37,96.37,96.37,1
1772448060,96.375,96.375,96.375,96.375,1
1772448180,96.375,96.375,96.375,96.375,17
1772449080,96.37,96.37,96.37,96.37,288
1772449200,96.37,96.37,96.37,96.37,25
1772449380,96.375,96.375,96.375,96.375,1
1772450280,96.37,96.37,96.37,96.37,75
1772450340,96.37,96.37,96.37,96.37,28
1772450760,96.375,96.375,96.375,96.375,1
1772451120,96.375,96.375,96.375,96.375,10
1772452080,96.375,96.375,96.375,96.375,1
1772453400,96.375,96.375,96.375,96.375,1
1772454720,96.375,96.375,96.375,96.375,1
1772455320,96.37,96.37,96.37,96.37,2
1772455680,96.37,96.37,96.37,96.37,41
1772455740,96.37,96.37,96.37,96.37,6152
1772455980,96.37,96.37,96.37,96.37,37
1772456100,96.37,96.37,96.37,96.37,1
1772456280,96.37,96.37,96.37,96.37,11152
1772456580,96.37,96.37,96.37,96.37,1
1772457240,96.37,96.37,96.37,96.37,100
1772457420,96.37,96.37,96.37,96.37,151
1772457540,96.37,96.37,96.37,96.37,8
1772458080,96.365,96.365,96.365,96.365,2
1772458200,96.37,96.37,96.37,96.37,300
1772458440,96.37,96.37,96.37,96.37,100
1772458740,96.37,96.37,96.37,96.37,1
1772459040,96.37,96.37,96.37,96.37,16
1772459100,96.37,96.37,96.37,96.37,12
1772459160,96.37,96.37,96.37,96.37,75
1772459520,96.37,96.37,96.37,96.37,84
1772459640,96.37,96.37,96.37,96.37,309
1772459700,96.37,96.37,96.37,96.37,100
1772459820,96.37,96.37,96.37,96.37,24
1772459880,96.37,96.37,96.37,96.37,12
1772460000,96.37,96.37,96.37,96.37,472
1772460060,96.37,96.37,96.37,96.37,1
1772460840,96.37,96.37,96.37,96.37,175
1772460960,96.37,96.37,96.37,96.37,100
1772461380,96.37,96.37,96.37,96.37,1
1772462160,96.37,96.37,96.365,96.365,170
1772462760,96.37,96.37,96.37,96.37,1
1772462880,96.37,96.37,96.37,96.37,1
1772462940,96.37,96.37,96.37,96.37,2
1772463120,96.37,96.37,96.37,96.37,1
1772463360,96.37,96.37,96.37,96.37,15
1772463420,96.37,96.37,96.37,96.37,700
1772463540,96.365,96.365,96.365,96.365,2
1772463600,96.365,96.365,96.365,96.365,1
1772463660,96.37,96.37,96.37,96.37,2
1772463720,96.37,96.37,96.37,96.37,7
1772463780,96.37,96.37,96.37,96.37,4
1772463840,96.37,96.37,96.37,96.37,167
1772463900,96.37,96.37,96.37,96.37,1
1772464080,96.37,96.37,96.37,96.37,2
1772464260,96.37,96.37,96.37,96.37,1
1772464500,96.37,96.37,96.37,96.37,2
1772464680,96.37,96.37,96.37,96.37,99
1772465040,96.37,96.37,96.37,96.37,1
1772465400,96.37,96.37,96.37,96.37,1
1772465880,96.37,96.37,96.365,96.37,110
1772466000,96.37,96.37,96.37,96.37,20
1772466240,96.37,96.37,96.37,96.37,1
1772466360,96.37,96.37,96.37,96.37,1
1772466420,96.37,96.37,96.37,96.37,1
1772466720,96.37,96.37,96.37,96.37,1
1772467140,96.37,96.37,96.37,96.37,100
1772467560,96.37,96.37,96.37,96.37,26
1772467620,96.37,96.37,96.37,96.37,3
1772467740,96.37,96.37,96.37,96.37,1
1772468040,96.365,96.365,96.365,96.365,2
1772468100,96.37,96.37,96.37,96.37,1
1772468220,96.37,96.37,96.37,96.37,6
1772468400,96.37,96.37,96.37,96.37,100
1772469360,96.37,96.37,96.37,96.37,4
1772469420,96.37,96.37,96.37,96.37,2
1772469600,96.37,96.37,96.37,96.37,100
1772469900,96.37,96.37,96.37,96.37,13
1772470320,96.365,96.365,96.365,96.365,1
1772470500,96.365,96.365,96.365,96.365,4
1772470680,96.37,96.37,96.37,96.37,523
1772470740,96.37,96.37,96.37,96.37,567
1772470860,96.37,96.37,96.37,96.37,103
1772470920,96.37,96.37,96.37,96.37,36
1772471100,96.37,96.37,96.37,96.37,1
1772471280,96.37,96.37,96.37,96.37,7
1772471520,96.365,96.365,96.365,96.365,2
1772471700,96.37,96.37,96.37,96.37,1
1772472120,96.37,96.37,96.37,96.37,101
1772472840,96.37,96.37,96.37,96.37,2400
1772473320,96.37,96.37,96.37,96.37,100
1772473440,96.37,96.37,96.37,96.37,1
1772474580,96.37,96.37,96.37,96.37,99
1772474760,96.37,96.37,96.37,96.37,1
1772475180,96.365,96.365,96.365,96.365,6
1772475600,96.365,96.365,96.365,96.365,2
1772475840,96.37,96.37,96.37,96.37,100
1772476080,96.37,96.37,96.37,96.37,1
1772476320,96.37,96.37,96.37,96.37,1
1772477040,96.37,96.37,96.37,96.37,100
1772477340,96.37,96.37,96.37,96.37,2
1772477460,96.37,96.37,96.37,96.37,7
1772477520,96.37,96.37,96.37,96.37,5
1772477700,96.37,96.37,96.37,96.37,1
1772478000,96.37,96.37,96.37,96.37,38
1772478300,96.37,96.37,96.37,96.37,199
1772478780,96.37,96.37,96.37,96.37,1
1772478900,96.37,96.37,96.37,96.37,3
1772478960,96.365,96.365,96.365,96.365,1
1772479080,96.37,96.37,96.37,96.37,1
1772479200,96.37,96.37,96.37,96.37,2
1772479260,96.37,96.37,96.37,96.37,11
1772480100,96.37,96.37,96.37,96.37,1
1772481420,96.37,96.37,96.37,96.37,1
1772481480,96.37,96.37,96.37,96.37,5
1772481540,96.365,96.365,96.365,96.365,1
1772482380,96.37,96.37,96.37,96.37,5696
1772482440,96.37,96.37,96.37,96.37,300
1772482500,96.37,96.37,96.37,96.37,55
1772482620,96.37,96.37,96.37,96.37,2
1772482800,96.37,96.37,96.37,96.37,1
1772482860,96.37,96.37,96.365,96.365,743
1772483220,96.37,96.37,96.37,96.37,1
1772483340,96.37,96.37,96.37,96.37,39
1772483640,96.37,96.37,96.37,96.37,3
1772483760,96.37,96.37,96.37,96.37,1
1772483820,96.37,96.37,96.37,96.37,2
1772483880,96.37,96.37,96.37,96.37,5
1772484120,96.37,96.37,96.37,96.37,1
1772484360,96.37,96.37,96.37,96.37,3
1772484900,96.37,96.37,96.37,96.37,1
1772485440,96.37,96.37,96.37,96.37,1
1772485740,96.37,96.37,96.37,96.37,68
1772485860,96.37,96.37,96.37,96.37,1
1772485920,96.37,96.37,96.37,96.37,1
1772486160,96.365,96.365,96.365,96.365,25
1772486340,96.37,96.37,96.37,96.37,1
1772486520,96.37,96.37,96.37,96.37,677
1772486580,96.37,96.37,96.37,96.37,27
1772486700,96.37,96.37,96.37,96.37,1
1772486760,96.37,96.37,96.37,96.37,1
1772487000,96.365,96.365,96.365,96.365,63
1772487240,96.37,96.37,96.37,96.37,26
1772487360,96.37,96.37,96.37,96.37,142
1772487600,96.37,96.37,96.37,96.37,9
1772487900,96.37,96.37,96.37,96.37,11
1772488140,96.37,96.37,96.37,96.37,1
1772488380,96.37,96.37,96.37,96.37,72
1772488500,96.37,96.37,96.37,96.37,11
1772488560,96.37,96.37,96.37,96.37,19
1772488620,96.365,96.365,96.365,96.365,63
1772488680,96.37,96.37,96.37,96.37,3
1772492400,96.37,96.37,96.37,96.37,2324
1772492460,96.37,96.37,96.37,96.37,1
1772492700,96.37,96.37,96.37,96.37,2
1772492760,96.37,96.37,96.37,96.37,4
1772495040,96.37,96.37,96.37,96.37,14
1772496720,96.37,96.37,96.37,96.37,40
1772497740,96.37,96.37,96.37,96.37,1
1772500080,96.37,96.37,96.37,96.37,1
1772500560,96.37,96.37,96.37,96.37,1
1772501220,96.37,96.37,96.37,96.37,1
1772503440,96.37,96.37,96.37,96.37,51
1772503920,96.37,96.37,96.37,96.37,101
1772508360,96.37,96.37,96.37,96.37,26
1772508540,96.37,96.37,96.37,96.37,13
1772508600,96.37,96.37,96.37,96.37,26
1772508720,96.37,96.37,96.37,96.37,13
1772525520,96.365,96.365,96.365,96.365,2
1772525820,96.365,96.365,96.365,96.365,1
1772526360,96.365,96.365,96.365,96.365,17344
1772526480,96.365,96.365,96.365,96.365,300
1772526600,96.365,96.365,96.365,96.365,1
1772526660,96.365,96.365,96.365,96.365,6
1772526960,96.365,96.365,96.365,96.365,76
1772527980,96.365,96.365,96.365,96.365,147
1772528520,96.37,96.37,96.37,96.37,80
1772528580,96.365,96.365,96.365,96.365,80
1772528700,96.365,96.365,96.365,96.365,12
1772528940,96.37,96.37,96.365,96.365,6
1772530320,96.365,96.365,96.365,96.365,2
1772530440,96.365,96.365,96.365,96.365,1700
1772530500,96.365,96.365,96.365,96.365,10553
1772530560,96.365,96.365,96.365,96.365,1574
1772530620,96.365,96.365,96.365,96.365,723
1772530680,96.365,96.365,96.365,96.365,5
1772530800,96.365,96.365,96.365,96.365,216
1772531100,96.365,96.365,96.365,96.365,7
1772531280,96.365,96.365,96.365,96.365,35
1772531340,96.365,96.365,96.365,96.365,975
1772531400,96.365,96.365,96.365,96.365,17
1772531700,96.365,96.365,96.365,96.365,60
1772531760,96.365,96.365,96.365,96.365,50
1772532000,96.37,96.37,96.37,96.37,100
1772532300,96.365,96.365,96.365,96.365,228
1772532480,96.365,96.365,96.365,96.365,200
1772532540,96.365,96.365,96.365,96.365,1694
1772532600,96.365,96.365,96.365,96.365,6
1772532660,96.365,96.365,96.365,96.365,5
1772532840,96.365,96.365,96.365,96.365,150
1772532960,96.365,96.365,96.365,96.365,1
1772533080,96.365,96.365,96.365,96.365,42
1772533320,96.365,96.365,96.365,96.365,2
1772533560,96.365,96.365,96.365,96.365,46
1772533620,96.365,96.365,96.365,96.365,13
1772533740,96.365,96.365,96.365,96.365,16
1772533860,96.365,96.365,96.365,96.365,2001
1772533920,96.365,96.365,96.365,96.365,173
1772533980,96.365,96.365,96.365,96.365,90
1772534040,96.365,96.365,96.365,96.365,195
1772534100,96.365,96.365,96.365,96.365,52
1772534160,96.365,96.365,96.365,96.365,375
1772534280,96.365,96.365,96.365,96.365,12
1772534400,96.365,96.365,96.365,96.365,3
1772534700,96.365,96.365,96.365,96.365,2
1772534760,96.365,96.365,96.365,96.365,31
1772534820,96.365,96.365,96.365,96.365,147
1772534940,96.365,96.365,96.365,96.365,2
1772535060,96.365,96.365,96.365,96.365,106
1772535180,96.365,96.365,96.365,96.365,4
1772535240,96.365,96.365,96.365,96.365,6
1772535360,96.365,96.365,96.365,96.365,1
1772535480,96.365,96.365,96.365,96.365,11
1772535600,96.365,96.365,96.365,96.365,1
1772535660,96.365,96.365,96.365,96.365,2
1772536020,96.365,96.365,96.365,96.365,2
1772536140,96.365,96.365,96.365,96.365,6
1772536260,96.365,96.365,96.365,96.365,7
1772536800,96.365,96.365,96.365,96.365,1
1772536860,96.365,96.365,96.365,96.365,3
1772536920,96.365,96.365,96.365,96.365,17
1772536980,96.365,96.365,96.365,96.365,683
1772537040,96.365,96.365,96.365,96.365,58
1772537400,96.365,96.365,96.365,96.365,111
1772537460,96.365,96.365,96.365,96.365,13
1772537520,96.365,96.365,96.365,96.365,3
1772537760,96.365,96.365,96.365,96.365,1
1772537880,96.365,96.365,96.365,96.365,3
1772538060,96.365,96.365,96.365,96.365,520
1772538120,96.365,96.365,96.365,96.365,44
1772538180,96.37,96.37,96.37,96.37,1
1772539380,96.365,96.365,96.365,96.365,15
1772540400,96.365,96.365,96.365,96.365,33
1772541660,96.37,96.37,96.37,96.37,500
1772542740,96.37,96.37,96.37,96.37,1
1772542860,96.37,96.37,96.37,96.37,19
1772542920,96.37,96.37,96.37,96.37,483
1772542980,96.37,96.37,96.37,96.37,3
1772543100,96.37,96.37,96.37,96.37,414
1772543220,96.37,96.37,96.37,96.37,10
1772543280,96.37,96.37,96.37,96.37,2
1772543400,96.37,96.37,96.37,96.37,568
1772543520,96.37,96.37,96.37,96.37,14
1772543760,96.37,96.37,96.37,96.37,921
1772543820,96.37,96.37,96.37,96.37,2
1772544240,96.37,96.37,96.37,96.37,10
1772544300,96.37,96.37,96.37,96.37,285
1772544720,96.365,96.365,96.365,96.365,9
1772545020,96.37,96.37,96.37,96.37,2
1772545080,96.37,96.37,96.37,96.37,2
1772545380,96.365,96.365,96.365,96.365,750
1772545740,96.37,96.37,96.37,96.37,12
1772545800,96.37,96.37,96.365,96.365,191
1772546040,96.37,96.37,96.37,96.37,15
1772546220,96.37,96.37,96.37,96.37,1
1772546280,96.37,96.37,96.37,96.37,1
1772546460,96.37,96.37,96.37,96.37,3
1772546520,96.365,96.365,96.365,96.365,1
1772547060,96.37,96.37,96.37,96.37,2
1772547300,96.37,96.37,96.37,96.37,1
1772547360,96.365,96.365,96.365,96.365,10
1772547600,96.37,96.37,96.37,96.37,10
1772547660,96.37,96.37,96.37,96.37,400
1772547840,96.37,96.37,96.37,96.37,91
1772547960,96.37,96.37,96.37,96.37,3
1772548200,96.37,96.37,96.37,96.37,4
1772548560,96.37,96.37,96.37,96.37,33
1772548800,96.37,96.37,96.37,96.37,6
1772548860,96.37,96.37,96.37,96.37,1
1772549040,96.365,96.365,96.365,96.365,5
1772549100,96.37,96.37,96.37,96.37,21
1772549160,96.37,96.37,96.37,96.37,1
1772549400,96.37,96.37,96.37,96.37,14
1772549520,96.37,96.37,96.37,96.37,200
1772549880,96.37,96.37,96.37,96.37,14
1772550360,96.37,96.37,96.37,96.37,499
1772550420,96.37,96.37,96.37,96.37,3
1772550600,96.37,96.37,96.37,96.37,7
1772550660,96.37,96.37,96.37,96.37,7
1772550780,96.37,96.37,96.37,96.37,1
1772550900,96.37,96.37,96.37,96.37,10
1772550960,96.37,96.37,96.37,96.37,17
1772551080,96.37,96.37,96.37,96.37,11
1772551200,96.37,96.37,96.37,96.37,8118
1772551260,96.37,96.37,96.37,96.37,9398
1772551320,96.375,96.375,96.37,96.37,113
1772551440,96.375,96.375,96.375,96.375,289
1772551740,96.37,96.37,96.37,96.37,8
1772551800,96.37,96.37,96.37,96.37,199
1772552160,96.37,96.37,96.37,96.37,2877
1772552220,96.37,96.37,96.37,96.37,1
1772552280,96.37,96.37,96.37,96.37,119
1772552400,96.37,96.37,96.37,96.37,1
1772552460,96.37,96.37,96.37,96.37,1
1772552700,96.37,96.37,96.37,96.37,3
1772552760,96.37,96.37,96.37,96.37,1139
1772552880,96.37,96.37,96.37,96.37,100
1772552940,96.37,96.37,96.37,96.37,310
1772553000,96.37,96.37,96.37,96.37,1999
1772553360,96.37,96.37,96.37,96.37,548
1772553600,96.37,96.37,96.37,96.37,30
1772553840,96.37,96.37,96.37,96.37,650
1772553900,96.37,96.37,96.37,96.37,8
1772554140,96.37,96.37,96.37,96.37,3
1772554200,96.37,96.37,96.37,96.37,11
1772554260,96.37,96.37,96.37,96.37,3
1772554380,96.37,96.37,96.37,96.37,16
1772554500,96.37,96.37,96.37,96.37,4372
1772554620,96.37,96.37,96.37,96.37,2
1772554740,96.37,96.37,96.37,96.37,7
1772554860,96.37,96.37,96.37,96.37,501
1772555160,96.37,96.37,96.37,96.37,2
1772555340,96.37,96.37,96.37,96.37,2
1772555700,96.37,96.37,96.37,96.37,9
1772555880,96.37,96.37,96.37,96.37,8
1772556780,96.37,96.37,96.37,96.37,18
1772556960,96.37,96.37,96.37,96.37,2
1772557620,96.37,96.37,96.37,96.37,500
1772558040,96.37,96.37,96.37,96.37,6
1772558100,96.37,96.37,96.37,96.37,1
1772558160,96.37,96.37,96.37,96.37,2484
1772558220,96.37,96.37,96.37,96.37,391
1772558340,96.37,96.37,96.37,96.37,5
1772558520,96.37,96.37,96.37,96.37,4
1772558580,96.37,96.37,96.37,96.37,49
1772558760,96.37,96.37,96.37,96.37,1
1772558940,96.37,96.37,96.37,96.37,2
1772559000,96.37,96.37,96.37,96.37,146
1772559420,96.37,96.37,96.37,96.37,494
1772559480,96.37,96.37,96.37,96.37,146
1772560140,96.37,96.37,96.37,96.37,45
1772560440,96.365,96.365,96.365,96.365,18
1772560860,96.37,96.37,96.37,96.37,39
1772561100,96.37,96.37,96.37,96.37,5
1772562780,96.37,96.37,96.37,96.37,122
1772562960,96.365,96.365,96.365,96.365,39
1772563020,96.365,96.365,96.365,96.365,1
1772563080,96.37,96.37,96.37,96.37,28
1772565480,96.37,96.37,96.37,96.37,1600
1772566320,96.37,96.37,96.37,96.37,200
1772566500,96.37,96.37,96.37,96.37,29
1772566920,96.37,96.37,96.37,96.37,90
1772567160,96.37,96.37,96.37,96.37,50
1772567760,96.37,96.37,96.37,96.37,4
1772567820,96.37,96.37,96.37,96.37,7
1772567940,96.37,96.37,96.37,96.37,1
1772568720,96.365,96.365,96.365,96.365,42
1772569140,96.37,96.37,96.37,96.37,25
1772570760,96.37,96.37,96.37,96.37,23
1772570820,96.37,96.37,96.37,96.37,150
1772570940,96.37,96.37,96.37,96.37,3
1772571120,96.37,96.37,96.37,96.37,17
1772571840,96.365,96.37,96.365,96.37,2
1772572020,96.37,96.37,96.365,96.37,209
1772572860,96.37,96.37,96.37,96.37,3
1772573340,96.365,96.365,96.365,96.365,155
1772574000,96.365,96.365,96.365,96.365,2
1772574300,96.37,96.37,96.37,96.37,32
1772574960,96.37,96.37,96.37,96.37,6
1772575140,96.37,96.37,96.37,96.37,50
1772580660,96.365,96.365,96.365,96.365,50
1772586420,96.37,96.37,96.37,96.37,5
1772592000,96.37,96.37,96.37,96.37,5
1772593500,96.37,96.37,96.37,96.37,2
1772612040,96.37,96.37,96.37,96.37,3
1772612760,96.37,96.37,96.37,96.37,8
1772613300,96.37,96.37,96.37,96.37,39
1772614500,96.37,96.37,96.37,96.37,92
1772614740,96.37,96.37,96.37,96.37,17
1772615940,96.37,96.37,96.37,96.37,99
1772619000,96.37,96.37,96.37,96.37,24
1772619120,96.37,96.37,96.37,96.37,2
1772619480,96.37,96.37,96.37,96.37,115
1772619720,96.37,96.37,96.37,96.37,9
1772620080,96.365,96.365,96.365,96.365,1
1772623860,96.37,96.37,96.37,96.37,2
1772626740,96.365,96.365,96.365,96.365,1
1772627880,96.365,96.365,96.365,96.365,42
1772627940,96.365,96.365,96.365,96.365,4
1772629740,96.365,96.365,96.365,96.365,1
1772629980,96.365,96.365,96.365,96.365,72
1772630280,96.365,96.365,96.365,96.365,17
1772630460,96.37,96.37,96.365,96.365,1226
1772630640,96.37,96.37,96.37,96.37,9
1772631120,96.365,96.365,96.365,96.365,32
1772631180,96.365,96.365,96.365,96.365,5
1772631720,96.365,96.365,96.365,96.365,35
1772631840,96.365,96.365,96.365,96.365,17
1772632320,96.365,96.365,96.365,96.365,1
1772633100,96.37,96.37,96.37,96.37,4
1772633160,96.365,96.365,96.365,96.365,1
1772633400,96.37,96.37,96.37,96.37,13
1772634780,96.365,96.365,96.365,96.365,1
1772635560,96.37,96.37,96.37,96.37,6
1772635620,96.37,96.37,96.37,96.37,3
1772635860,96.365,96.365,96.365,96.365,29
1772636100,96.365,96.365,96.365,96.365,3
1772636160,96.365,96.365,96.365,96.365,5
1772636400,96.365,96.365,96.365,96.365,14
1772636460,96.37,96.37,96.37,96.37,4
1772636940,96.37,96.37,96.37,96.37,1
1772637060,96.365,96.365,96.365,96.365,36
1772637420,96.37,96.37,96.37,96.37,6
1772638020,96.37,96.37,96.37,96.37,51
1772639040,96.37,96.37,96.37,96.37,1
1772640180,96.365,96.365,96.365,96.365,3
1772640240,96.365,96.365,96.365,96.365,4
1772640660,96.365,96.37,96.365,96.37,8
1772640900,96.365,96.365,96.365,96.365,992
1772640960,96.365,96.365,96.365,96.365,8
1772641140,96.365,96.365,96.365,96.365,2
1772641860,96.365,96.365,96.365,96.365,1
1772642400,96.365,96.365,96.365,96.365,1
1772643480,96.365,96.365,96.365,96.365,142
1772643600,96.365,96.365,96.365,96.365,34
1772646660,96.365,96.365,96.365,96.365,10
1772648460,96.365,96.365,96.365,96.365,57
1772648580,96.365,96.365,96.365,96.365,7
1772648820,96.365,96.365,96.365,96.365,2
1772649600,96.365,96.365,96.365,96.365,1
1772649660,96.37,96.37,96.37,96.37,1
1772651040,96.365,96.365,96.365,96.365,70
1772651340,96.365,96.365,96.365,96.365,8
1772651760,96.365,96.365,96.365,96.365,10
1772652060,96.365,96.365,96.365,96.365,2
1772652300,96.365,96.365,96.365,96.365,2
1772653020,96.365,96.365,96.365,96.365,2
1772653560,96.365,96.365,96.365,96.365,69
1772654040,96.365,96.365,96.365,96.365,1
1772654400,96.365,96.365,96.365,96.365,1
1772654580,96.365,96.365,96.365,96.365,20
1772654820,96.365,96.365,96.365,96.365,288
1772655300,96.365,96.365,96.365,96.365,330
1772655420,96.365,96.365,96.365,96.365,3
1772655660,96.365,96.365,96.365,96.365,75
1772657040,96.37,96.37,96.37,96.37,9
1772657160,96.365,96.365,96.365,96.365,50
1772657700,96.365,96.365,96.365,96.365,1
1772657880,96.37,96.37,96.37,96.37,78
1772658060,96.37,96.37,96.37,96.37,70
1772658240,96.365,96.365,96.365,96.365,25
1772658420,96.365,96.365,96.365,96.365,8
1772658480,96.365,96.365,96.365,96.365,1
1772658540,96.365,96.365,96.365,96.365,58
1772658600,96.365,96.365,96.365,96.365,9
1772658720,96.365,96.365,96.365,96.365,4
1772658900,96.365,96.365,96.365,96.365,1
1772659020,96.365,96.365,96.365,96.365,1
1772660040,96.365,96.365,96.365,96.365,15
1772660520,96.365,96.365,96.365,96.365,1
1772661000,96.365,96.365,96.365,96.365,58
1772661120,96.37,96.37,96.37,96.37,211
1772661180,96.365,96.365,96.365,96.365,1557
1772661240,96.37,96.37,96.365,96.365,179
1772661480,96.365,96.365,96.365,96.365,163
1772661540,96.365,96.365,96.365,96.365,1
1772665200,96.365,96.365,96.365,96.365,665
1772667960,96.37,96.37,96.37,96.37,9
1772673180,96.365,96.365,96.365,96.365,16
1772675100,96.365,96.365,96.365,96.365,6
1772685180,96.37,96.37,96.37,96.37,2
1772688900,96.365,96.365,96.365,96.365,2
1772696700,96.37,96.37,96.37,96.37,1
1772697600,96.365,96.365,96.365,96.365,4
1772698140,96.365,96.365,96.365,96.365,6
1772699100,96.365,96.365,96.365,96.365,342
1772700300,96.37,96.37,96.37,96.37,4
1772701140,96.365,96.365,96.365,96.365,9
1772701800,96.365,96.365,96.365,96.365,84
1772703000,96.37,96.37,96.37,96.37,75
1772704740,96.365,96.365,96.365,96.365,100
1772707020,96.37,96.37,96.37,96.37,1
1772707320,96.37,96.37,96.37,96.37,1
1772707620,96.365,96.365,96.365,96.365,59
1772708400,96.365,96.365,96.365,96.365,1
1772712240,96.365,96.365,96.365,96.365,1
1772712660,96.365,96.365,96.365,96.365,2
1772713380,96.365,96.365,96.365,96.365,60
1772713440,96.365,96.365,96.365,96.365,1
1772713620,96.365,96.365,96.365,96.365,83
1772713680,96.365,96.365,96.365,96.365,49
1772713980,96.365,96.365,96.365,96.365,25
1772714040,96.365,96.365,96.365,96.365,18
1772714160,96.365,96.365,96.365,96.365,3
1772714220,96.365,96.365,96.365,96.365,1
1772714340,96.365,96.365,96.365,96.365,19
1772714400,96.365,96.365,96.365,96.365,58
1772714520,96.365,96.365,96.365,96.365,5
1772714640,96.365,96.365,96.365,96.365,180
1772715060,96.365,96.365,96.365,96.365,1
1772715720,96.365,96.365,96.365,96.365,40
1772716020,96.365,96.365,96.365,96.365,10
1772716200,96.365,96.365,96.365,96.365,2
1772716380,96.365,96.365,96.365,96.365,25
1772716500,96.365,96.365,96.365,96.365,1
1772716620,96.365,96.365,96.365,96.365,2
1772716800,96.365,96.365,96.365,96.365,1
1772716860,96.365,96.365,96.365,96.365,2
1772716920,96.365,96.365,96.365,96.365,1
1772716980,96.37,96.37,96.37,96.37,7325
1772717220,96.37,96.37,96.37,96.37,261
1772717280,96.37,96.37,96.37,96.37,95
1772717460,96.365,96.365,96.365,96.365,1
1772717640,96.365,96.365,96.365,96.365,1
1772718300,96.365,96.365,96.365,96.365,10
1772718360,96.365,96.365,96.365,96.365,100
1772718420,96.365,96.365,96.365,96.365,37
1772718480,96.365,96.365,96.365,96.365,1
1772719080,96.365,96.365,96.365,96.365,7
1772719140,96.365,96.365,96.365,96.365,61
1772720460,96.37,96.37,96.37,96.37,88
1772720820,96.37,96.37,96.37,96.37,5
1772721000,96.37,96.37,96.37,96.37,300
1772721360,96.37,96.37,96.37,96.37,17
1772721900,96.37,96.37,96.37,96.37,100
1772722140,96.365,96.365,96.365,96.365,5
1772722200,96.365,96.365,96.365,96.365,7
1772722440,96.365,96.365,96.365,96.365,1
1772722560,96.365,96.365,96.365,96.365,60
1772722800,96.37,96.37,96.37,96.37,8
1772723280,96.365,96.365,96.365,96.365,12
1772723340,96.37,96.37,96.37,96.37,54
1772723760,96.37,96.37,96.37,96.37,5
1772723940,96.365,96.365,96.365,96.365,5
1772724480,96.365,96.365,96.365,96.365,2
1772724660,96.365,96.365,96.365,96.365,2
1772724720,96.365,96.365,96.365,96.365,9
1772724900,96.365,96.365,96.365,96.365,6
1772726460,96.365,96.365,96.365,96.365,1
1772727420,96.365,96.365,96.365,96.365,29
1772727480,96.365,96.365,96.365,96.365,4
1772727840,96.365,96.365,96.365,96.365,77
1772729160,96.37,96.37,96.37,96.37,15
1772730000,96.365,96.365,96.365,96.365,9
1772731560,96.37,96.37,96.37,96.37,1
1772731680,96.37,96.37,96.37,96.37,9
1772731740,96.37,96.37,96.37,96.37,666
1772732340,96.37,96.37,96.37,96.37,1
1772732640,96.365,96.365,96.365,96.365,33
1772733660,96.37,96.37,96.37,96.37,12
1772733780,96.37,96.37,96.37,96.37,1
1772733840,96.37,96.37,96.37,96.37,455
1772733900,96.37,96.37,96.37,96.37,100
1772734320,96.37,96.37,96.37,96.37,1
1772735100,96.365,96.365,96.365,96.365,4
1772737680,96.37,96.37,96.37,96.37,16
1772738280,96.37,96.37,96.37,96.37,6
1772738520,96.37,96.37,96.37,96.37,31
1772738640,96.37,96.37,96.37,96.37,1
1772739660,96.37,96.37,96.37,96.37,4
1772740440,96.37,96.37,96.37,96.37,24226
1772740620,96.37,96.37,96.37,96.37,2
1772740680,96.37,96.37,96.37,96.37,124
1772740740,96.37,96.37,96.37,96.37,142
1772740800,96.37,96.37,96.37,96.37,38
1772741220,96.37,96.37,96.37,96.37,91
1772742720,96.37,96.37,96.37,96.37,32
1772742780,96.37,96.37,96.37,96.37,12
1772742840,96.37,96.37,96.37,96.37,10
1772743080,96.37,96.37,96.37,96.37,5
1772743140,96.37,96.37,96.37,96.37,5
1772743200,96.37,96.37,96.37,96.37,135
1772743260,96.37,96.37,96.37,96.37,24
1772743380,96.37,96.37,96.37,96.37,100
1772744100,96.37,96.37,96.37,96.37,300
1772744220,96.37,96.37,96.37,96.37,7
1772744340,96.375,96.375,96.375,96.375,161
1772744760,96.37,96.37,96.37,96.37,6
1772744940,96.37,96.37,96.37,96.37,56
1772745180,96.375,96.375,96.375,96.375,41
1772746500,96.37,96.37,96.37,96.37,5086
1772746560,96.37,96.37,96.37,96.37,108
1772746620,96.37,96.37,96.37,96.37,50
1772746860,96.37,96.37,96.37,96.37,1
1772747040,96.37,96.37,96.37,96.37,30
1772747100,96.37,96.37,96.37,96.37,13
1772747460,96.37,96.37,96.37,96.37,1414
1772747520,96.37,96.37,96.37,96.37,506
1772747580,96.37,96.37,96.37,96.37,300
1772747700,96.37,96.37,96.37,96.37,9
1772747820,96.37,96.37,96.37,96.37,100
1772747880,96.37,96.37,96.37,96.37,32
1772751600,96.37,96.37,96.37,96.37,32
1772752020,96.37,96.37,96.37,96.37,7
1772755320,96.37,96.37,96.37,96.37,3290
1772755440,96.37,96.37,96.37,96.37,3
1772757000,96.37,96.37,96.37,96.37,23
1772759580,96.37,96.37,96.37,96.37,44
1772759700,96.37,96.37,96.37,96.37,4
1772759820,96.37,96.37,96.37,96.37,334
1772760960,96.37,96.37,96.37,96.37,5
1772764320,96.37,96.37,96.37,96.37,100
1772766240,96.37,96.37,96.37,96.37,250
1772777700,96.37,96.37,96.37,96.37,694
1772779200,96.37,96.37,96.37,96.37,6
1772779680,96.37,96.37,96.37,96.37,1800
1772780340,96.37,96.37,96.37,96.37,200
1772780400,96.37,96.37,96.37,96.37,100
1772780460,96.37,96.37,96.37,96.37,257
1772780640,96.37,96.37,96.37,96.37,12
1772780700,96.37,96.37,96.37,96.37,6
1772781840,96.37,96.37,96.37,96.37,75
1772782260,96.37,96.37,96.37,96.37,716
1772785320,96.37,96.37,96.37,96.37,2
1772788800,96.37,96.37,96.37,96.37,4
1772788860,96.37,96.37,96.37,96.37,6
1772788980,96.37,96.37,96.37,96.37,1
1772789040,96.37,96.37,96.37,96.37,2
1772789280,96.365,96.365,96.365,96.365,103
1772789400,96.365,96.37,96.365,96.37,54
1772790480,96.37,96.37,96.37,96.37,88
1772791320,96.365,96.365,96.365,96.365,100
1772791500,96.37,96.37,96.37,96.37,1
1772792340,96.37,96.37,96.37,96.37,19
1772792940,96.37,96.37,96.37,96.37,746
1772793120,96.37,96.37,96.37,96.37,109
1772793480,96.37,96.37,96.37,96.37,31
1772794200,96.37,96.37,96.37,96.37,3
1772794560,96.37,96.37,96.37,96.37,2
1772796360,96.37,96.37,96.37,96.37,1
1772796660,96.37,96.37,96.37,96.37,513
1772796780,96.37,96.37,96.37,96.37,2
1772797380,96.37,96.37,96.37,96.37,1566
1772797740,96.37,96.37,96.37,96.37,2
1772799000,96.37,96.37,96.37,96.37,18
1772799480,96.37,96.37,96.37,96.37,97
1772799720,96.37,96.37,96.37,96.37,341
1772800080,96.37,96.37,96.37,96.37,142
1772800380,96.37,96.37,96.37,96.37,508
1772800440,96.37,96.37,96.37,96.37,1464
1772800500,96.37,96.37,96.37,96.37,847
1772800560,96.37,96.37,96.37,96.37,16
1772800620,96.37,96.37,96.37,96.37,535
1772800680,96.37,96.37,96.37,96.37,55
1772800740,96.37,96.37,96.37,96.37,222
1772800800,96.37,96.37,96.37,96.37,9
1772800860,96.37,96.37,96.37,96.37,109
1772800920,96.37,96.37,96.37,96.37,1
1772801100,96.37,96.37,96.37,96.37,3
1772801700,96.37,96.37,96.37,96.37,2400
1772801760,96.37,96.37,96.37,96.37,21
1772802000,96.37,96.37,96.37,96.37,550
1772802060,96.37,96.37,96.37,96.37,200
1772802240,96.37,96.37,96.37,96.37,88
1772802360,96.37,96.37,96.37,96.37,19
1772802420,96.37,96.37,96.37,96.37,140
1772802480,96.37,96.37,96.37,96.37,10
1772802660,96.37,96.375,96.37,96.375,69
1772802720,96.37,96.37,96.37,96.37,40
1772803080,96.375,96.375,96.375,96.375,100
1772803380,96.375,96.375,96.37,96.37,166
1772803440,96.375,96.375,96.375,96.375,217
1772803560,96.375,96.375,96.375,96.375,25
1772803620,96.37,96.37,96.37,96.37,2100
1772803680,96.37,96.37,96.37,96.37,17
1772803740,96.37,96.37,96.37,96.37,1134
1772803800,96.37,96.385,96.37,96.38,8428
1772803860,96.38,96.38,96.375,96.375,2039
1772803920,96.375,96.375,96.37,96.375,57
1772803980,96.375,96.375,96.375,96.375,4553
1772804040,96.375,96.375,96.375,96.375,77
1772804100,96.375,96.375,96.375,96.375,198
1772804160,96.37,96.37,96.37,96.37,468
1772804220,96.37,96.375,96.37,96.375,447
1772804280,96.37,96.37,96.37,96.37,36
1772804340,96.375,96.375,96.375,96.375,55
1772804400,96.375,96.375,96.375,96.375,15
1772804460,96.375,96.375,96.375,96.375,21
1772804640,96.37,96.37,96.37,96.37,282
1772804700,96.37,96.37,96.37,96.37,25
1772804760,96.37,96.37,96.37,96.37,55
1772804820,96.37,96.37,96.37,96.37,52
1772804880,96.37,96.37,96.37,96.37,7200
1772804940,96.37,96.37,96.37,96.37,27
1772805000,96.37,96.37,96.37,96.37,1744
1772805060,96.37,96.37,96.37,96.37,2
1772805120,96.37,96.37,96.37,96.37,415
1772805180,96.37,96.37,96.37,96.37,761
1772805300,96.37,96.37,96.37,96.37,10
1772805420,96.37,96.37,96.37,96.37,11
1772805480,96.37,96.37,96.37,96.37,3486
1772805540,96.37,96.37,96.37,96.37,373
1772805660,96.375,96.375,96.375,96.375,1
1772806200,96.37,96.37,96.37,96.37,5
1772806260,96.37,96.37,96.37,96.37,6
1772806800,96.37,96.37,96.37,96.37,1
1772807280,96.37,96.37,96.37,96.37,1
1772807340,96.375,96.375,96.375,96.375,48
1772807400,96.37,96.37,96.37,96.37,12
1772807460,96.37,96.37,96.37,96.37,70
1772807700,96.375,96.375,96.375,96.375,600
1772807760,96.375,96.375,96.375,96.375,300
1772807820,96.375,96.375,96.375,96.375,1
1772808000,96.375,96.375,96.375,96.375,20
1772808120,96.375,96.375,96.375,96.375,146
1772808180,96.375,96.375,96.37,96.37,646
1772808240,96.375,96.375,96.375,96.375,111
1772808420,96.375,96.375,96.375,96.375,300
1772808480,96.375,96.375,96.375,96.375,5342
1772808780,96.375,96.375,96.375,96.375,14
1772809560,96.375,96.375,96.375,96.375,2389
1772809620,96.375,96.375,96.375,96.375,87
1772809680,96.375,96.375,96.375,96.375,100
1772810220,96.375,96.375,96.375,96.375,38
1772810400,96.375,96.375,96.375,96.375,37
1772810460,96.375,96.375,96.375,96.375,60
1772810520,96.375,96.375,96.375,96.375,2
1772810580,96.375,96.375,96.375,96.375,505
1772810700,96.375,96.375,96.375,96.375,480
1772810760,96.375,96.375,96.375,96.375,2
1772810820,96.375,96.375,96.375,96.375,66
1772810880,96.375,96.375,96.375,96.375,106
1772811000,96.375,96.375,96.375,96.375,364
1772811120,96.375,96.375,96.375,96.375,1546
1772811180,96.375,96.375,96.375,96.375,4
1772811300,96.375,96.375,96.375,96.375,6
1772811360,96.375,96.375,96.375,96.375,5
1772811480,96.37,96.37,96.37,96.37,29
1772811660,96.375,96.375,96.375,96.375,4
1772811720,96.375,96.375,96.375,96.375,695
1772811780,96.375,96.375,96.375,96.375,11
1772812260,96.375,96.375,96.375,96.375,10
1772812440,96.375,96.375,96.375,96.375,2
1772812560,96.375,96.375,96.375,96.375,1
1772814000,96.375,96.375,96.375,96.375,1
1772814780,96.37,96.37,96.37,96.37,2
1772815680,96.37,96.37,96.37,96.37,22
1772815920,96.375,96.375,96.37,96.37,1902
1772817540,96.375,96.375,96.375,96.375,122
1772817960,96.375,96.375,96.375,96.375,800
1772818020,96.375,96.375,96.375,96.375,200
1772818140,96.375,96.375,96.375,96.375,4
1772818260,96.375,96.375,96.37,96.37,271
1772819640,96.375,96.375,96.375,96.375,4920
1772819700,96.375,96.375,96.375,96.375,150
1772819760,96.375,96.375,96.375,96.375,104
1772819880,96.375,96.375,96.375,96.375,32
1772820420,96.375,96.375,96.375,96.375,326
1772820480,96.375,96.375,96.375,96.375,411
1772820960,96.375,96.375,96.375,96.375,4
1772821680,96.375,96.375,96.375,96.375,35
1772822940,96.375,96.375,96.375,96.375,4
1772823120,96.375,96.375,96.375,96.375,4
1772823180,96.375,96.375,96.375,96.375,9
1772824020,96.37,96.37,96.37,96.37,250
1772824080,96.37,96.37,96.37,96.37,7
1772824140,96.37,96.37,96.37,96.37,2
1772824800,96.375,96.375,96.375,96.375,4
1772825160,96.37,96.37,96.37,96.37,45
1772825940,96.37,96.37,96.37,96.37,25
1772827140,96.37,96.37,96.37,96.37,3
1772827200,96.37,96.37,96.37,96.37,12
1772827380,96.37,96.37,96.37,96.37,68
1772827860,96.37,96.37,96.37,96.37,1
1772828160,96.37,96.37,96.37,96.37,1
1772828640,96.375,96.375,96.375,96.375,3
1772828940,96.375,96.375,96.375,96.375,200
1772829540,96.37,96.37,96.37,96.37,54
1772829660,96.37,96.37,96.37,96.37,144
1772831100,96.37,96.37,96.37,96.37,12
1772832300,96.375,96.375,96.375,96.375,12
1772832780,96.375,96.375,96.375,96.375,1
1772833200,96.375,96.375,96.375,96.375,2
1772833380,96.375,96.375,96.375,96.375,200
1772833680,96.37,96.37,96.37,96.37,112
1772833740,96.375,96.375,96.375,96.375,200
1772833920,96.37,96.37,96.37,96.37,2093
1772833980,96.37,96.37,96.37,96.37,11
1772834040,96.37,96.37,96.37,96.37,67
1772834100,96.37,96.37,96.37,96.37,1
1772834220,96.37,96.37,96.37,96.37,451
1772834280,96.37,96.375,96.37,96.37,701
1772834340,96.37,96.37,96.37,96.37,287
1773007200,96.37,96.37,96.365,96.365,1761
1773007260,96.365,96.365,96.365,96.365,11
1773007560,96.37,96.37,96.37,96.37,5
1773007920,96.37,96.37,96.37,96.37,2
1773008160,96.365,96.365,96.365,96.365,300
1773008580,96.37,96.37,96.37,96.37,2199
1773008820,96.365,96.365,96.365,96.365,125
1773009660,96.37,96.37,96.37,96.37,202
1773010200,96.37,96.37,96.37,96.37,2538
1773010440,96.37,96.37,96.37,96.37,610
1773010800,96.37,96.37,96.37,96.37,30
1773010860,96.37,96.37,96.37,96.37,61
1773010980,96.37,96.37,96.37,96.37,1
1773011280,96.37,96.37,96.37,96.37,1
1773011400,96.37,96.37,96.37,96.37,2
1773011640,96.37,96.37,96.37,96.37,1
1773011700,96.37,96.37,96.37,96.37,1
1773011760,96.37,96.37,96.37,96.37,1
1773012600,96.365,96.365,96.365,96.365,2
1773012720,96.365,96.365,96.365,96.365,6
1773013320,96.365,96.365,96.365,96.365,26
1773013740,96.37,96.37,96.37,96.37,1
1773020220,96.37,96.37,96.37,96.37,377
1773020460,96.37,96.37,96.37,96.37,1
1773020520,96.37,96.37,96.37,96.37,1
1773021960,96.37,96.37,96.37,96.37,1
1773022440,96.365,96.365,96.365,96.365,4
1773024060,96.37,96.37,96.37,96.37,301
1773024120,96.37,96.37,96.37,96.37,15
1773024180,96.37,96.37,96.37,96.37,11
1773024660,96.37,96.37,96.37,96.37,4081
1773024720,96.37,96.37,96.37,96.37,100
1773024840,96.37,96.37,96.37,96.37,164
1773024960,96.37,96.37,96.37,96.37,233
1773025020,96.37,96.37,96.37,96.37,241
1773027960,96.37,96.37,96.37,96.37,100
1773028020,96.37,96.37,96.37,96.37,8
1773028800,96.37,96.37,96.37,96.37,9
1773029340,96.37,96.37,96.37,96.37,200
1773029460,96.37,96.37,96.37,96.37,100
1773030000,96.37,96.37,96.37,96.37,2
1773030120,96.37,96.37,96.37,96.37,114
1773031500,96.37,96.37,96.37,96.37,3
1773035700,96.37,96.37,96.37,96.37,250
1773037860,96.37,96.37,96.37,96.37,7
1773038520,96.37,96.37,96.37,96.37,5
1773039360,96.37,96.37,96.37,96.37,1
1773039540,96.37,96.37,96.37,96.37,1
1773039720,96.37,96.37,96.37,96.37,1
1773041820,96.37,96.37,96.37,96.37,5
1773042420,96.37,96.37,96.37,96.37,36
1773042480,96.37,96.37,96.37,96.37,70
1773042600,96.37,96.37,96.37,96.37,24
1773042660,96.37,96.37,96.37,96.37,180
1773042720,96.37,96.37,96.37,96.37,2624
1773043200,96.37,96.37,96.37,96.37,40
1773045420,96.37,96.37,96.37,96.37,1
1773045660,96.37,96.37,96.37,96.37,104
1773045840,96.37,96.37,96.37,96.37,2
1773045900,96.365,96.365,96.365,96.365,500
1773046140,96.365,96.365,96.365,96.365,17
1773046200,96.37,96.37,96.37,96.37,8
1773046260,96.37,96.37,96.37,96.37,50
1773046740,96.37,96.37,96.365,96.365,30
1773047580,96.365,96.365,96.365,96.365,2
1773047760,96.37,96.37,96.37,96.37,3
1773048600,96.37,96.37,96.37,96.37,54
1773048840,96.365,96.365,96.365,96.365,4
1773052260,96.365,96.365,96.365,96.365,62
1773052740,96.365,96.365,96.365,96.365,1
1773053220,96.365,96.365,96.365,96.365,27
1773053340,96.365,96.365,96.365,96.365,2000
1773055500,96.365,96.365,96.365,96.365,800
1773055680,96.37,96.37,96.37,96.37,1
1773058620,96.365,96.365,96.365,96.365,100
1773059640,96.365,96.365,96.365,96.365,2
1773059880,96.365,96.365,96.365,96.365,1
1773060600,96.365,96.37,96.365,96.365,82
1773061800,96.365,96.365,96.365,96.365,1178
1773063000,96.365,96.37,96.365,96.37,101
1773063540,96.365,96.365,96.365,96.365,15
1773064380,96.365,96.365,96.365,96.365,2
1773064560,96.365,96.365,96.365,96.365,80
1773064860,96.365,96.365,96.365,96.365,83
1773065220,96.37,96.37,96.37,96.37,4
1773065340,96.365,96.365,96.365,96.365,16
1773065700,96.37,96.37,96.37,96.37,58
1773067440,96.365,96.365,96.365,96.365,2
1773067620,96.365,96.365,96.365,96.365,1
1773068460,96.37,96.37,96.37,96.37,54
1773068820,96.37,96.37,96.37,96.37,9
1773069660,96.365,96.365,96.365,96.365,86
1773070440,96.37,96.37,96.37,96.37,503
1773070740,96.365,96.365,96.365,96.365,1
1773070920,96.365,96.365,96.365,96.365,2
1773071400,96.365,96.365,96.365,96.365,12
1773071520,96.365,96.365,96.365,96.365,74
1773072240,96.37,96.37,96.37,96.37,22
1773072420,96.365,96.365,96.365,96.365,7
1773072480,96.365,96.365,96.365,96.365,2
1773072540,96.365,96.365,96.365,96.365,10
1773074880,96.365,96.37,96.365,96.37,1622
1773074940,96.37,96.37,96.37,96.37,1
1773075240,96.365,96.365,96.365,96.365,1
1773076020,96.37,96.37,96.37,96.37,125
1773076200,96.365,96.37,96.365,96.37,66
1773076740,96.365,96.365,96.365,96.365,13
1773076860,96.365,96.365,96.365,96.365,10
1773077460,96.365,96.365,96.365,96.365,3
1773077880,96.37,96.37,96.37,96.37,40
1773078900,96.365,96.365,96.365,96.365,46
1773079200,96.365,96.365,96.365,96.365,100
1773079500,96.365,96.37,96.365,96.37,183
1773079560,96.365,96.37,96.365,96.37,495
1773080040,96.365,96.365,96.365,96.365,6
1773080100,96.37,96.37,96.37,96.37,40
1773082440,96.365,96.365,96.365,96.365,5
1773082620,96.365,96.365,96.365,96.365,32
1773082740,96.365,96.365,96.365,96.365,65
1773083820,96.365,96.365,96.365,96.365,18
1773084420,96.365,96.365,96.365,96.365,19
1773084480,96.365,96.37,96.365,96.365,162
1773084720,96.37,96.37,96.37,96.37,200
1773084840,96.365,96.365,96.365,96.365,1
1773084900,96.365,96.365,96.365,96.365,1
1773084960,96.365,96.365,96.365,96.365,5
1773085320,96.365,96.365,96.365,96.365,3
1773085380,96.365,96.365,96.365,96.365,2
1773085440,96.365,96.365,96.365,96.365,4
1773086340,96.365,96.365,96.365,96.365,1
1773086520,96.365,96.365,96.365,96.365,15
1773086640,96.365,96.365,96.365,96.365,15
1773086820,96.365,96.365,96.365,96.365,3
1773087240,96.365,96.365,96.365,96.365,12
1773088080,96.365,96.365,96.365,96.365,157
1773089040,96.365,96.365,96.365,96.365,4
1773089700,96.365,96.365,96.365,96.365,123
1773089760,96.365,96.365,96.365,96.365,162
1773089940,96.365,96.365,96.365,96.365,2
1773093720,96.365,96.365,96.365,96.365,5
1773095280,96.365,96.365,96.365,96.365,1
1773099420,96.365,96.365,96.365,96.365,1
1773099600,96.365,96.365,96.365,96.365,5
1773099840,96.365,96.365,96.365,96.365,11
1773100080,96.365,96.365,96.365,96.365,1
1773106500,96.365,96.37,96.365,96.37,158
1773108240,96.365,96.365,96.365,96.365,45
1773108900,96.37,96.37,96.37,96.37,1
1773110280,96.37,96.37,96.37,96.37,2
1773111660,96.365,96.365,96.365,96.365,18
1773114600,96.365,96.365,96.365,96.365,21
1773114660,96.365,96.37,96.365,96.37,89
1773119700,96.365,96.365,96.365,96.365,1
1773122040,96.37,96.37,96.37,96.37,5
1773122460,96.37,96.37,96.37,96.37,5
1773123960,96.37,96.37,96.37,96.37,112
1773125040,96.365,96.365,96.365,96.365,600
1773126000,96.365,96.37,96.365,96.37,201
1773129720,96.365,96.365,96.365,96.365,1
1773130740,96.365,96.365,96.365,96.365,3
1773131040,96.365,96.365,96.365,96.365,38
1773131100,96.365,96.37,96.365,96.365,11
1773131160,96.365,96.365,96.365,96.365,100
1773131280,96.365,96.365,96.365,96.365,1
1773131400,96.365,96.365,96.365,96.365,400
1773131460,96.365,96.365,96.365,96.365,3
1773131940,96.365,96.365,96.365,96.365,1
1773132060,96.365,96.365,96.365,96.365,2
1773132180,96.365,96.365,96.365,96.365,1
1773132240,96.365,96.365,96.365,96.365,4
1773132300,96.365,96.365,96.365,96.365,2
1773132600,96.365,96.365,96.365,96.365,400
1773132660,96.365,96.37,96.365,96.37,201
1773132900,96.365,96.365,96.365,96.365,1
1773132960,96.365,96.365,96.365,96.365,2
1773133140,96.365,96.365,96.365,96.365,8
1773133260,96.365,96.365,96.365,96.365,2
1773133380,96.365,96.365,96.365,96.365,1
1773133440,96.365,96.365,96.365,96.365,1
1773133680,96.365,96.365,96.365,96.365,1
1773133800,96.365,96.365,96.365,96.365,1
1773133860,96.365,96.365,96.365,96.365,1
1773134520,96.365,96.365,96.365,96.365,1
1773135060,96.365,96.365,96.365,96.365,1
1773135360,96.365,96.365,96.365,96.365,1
1773135900,96.365,96.365,96.365,96.365,6
1773136920,96.365,96.365,96.365,96.365,1
1773137040,96.365,96.365,96.365,96.365,1
1773137340,96.365,96.365,96.365,96.365,4
1773137880,96.365,96.365,96.365,96.365,2
1773138060,96.365,96.365,96.365,96.365,1
1773138600,96.365,96.365,96.365,96.365,1
1773138660,96.365,96.365,96.365,96.365,2
1773138720,96.365,96.365,96.365,96.365,1
1773139020,96.365,96.365,96.365,96.365,5
1773139380,96.365,96.365,96.365,96.365,2
1773140040,96.365,96.365,96.365,96.365,5
1773140700,96.365,96.365,96.365,96.365,8
1773140760,96.365,96.365,96.365,96.365,2
1773142140,96.365,96.365,96.365,96.365,2
1773142200,96.365,96.365,96.365,96.365,39
1773142260,96.365,96.365,96.365,96.365,1
1773142320,96.365,96.365,96.365,96.365,1
1773142380,96.365,96.365,96.365,96.365,2
1773142500,96.365,96.365,96.365,96.365,1
1773143700,96.365,96.365,96.365,96.365,6
1773143940,96.365,96.365,96.365,96.365,21
1773144180,96.365,96.365,96.365,96.365,2
1773144300,96.37,96.37,96.37,96.37,60
1773144420,96.365,96.365,96.365,96.365,6
1773144840,96.365,96.365,96.365,96.365,892
1773144900,96.365,96.365,96.365,96.365,73
1773145020,96.365,96.365,96.365,96.365,183
1773146580,96.365,96.365,96.365,96.365,57
1773147240,96.365,96.365,96.365,96.365,13
1773147360,96.365,96.365,96.365,96.365,13155
1773148020,96.365,96.365,96.365,96.365,32
1773148080,96.365,96.365,96.365,96.365,27
1773148260,96.365,96.365,96.365,96.365,315
1773148500,96.365,96.365,96.365,96.365,317
1773148560,96.365,96.365,96.365,96.365,20
1773148620,96.365,96.365,96.365,96.365,4
1773149040,96.365,96.365,96.365,96.365,116
1773149580,96.365,96.365,96.365,96.365,501
1773149700,96.365,96.365,96.365,96.365,1
1773149820,96.365,96.365,96.365,96.365,22
1773149880,96.365,96.365,96.365,96.365,363
1773149940,96.365,96.365,96.365,96.365,133
1773150180,96.365,96.365,96.365,96.365,100
1773150240,96.365,96.365,96.365,96.365,400
1773150540,96.365,96.365,96.365,96.365,23
1773150780,96.365,96.365,96.365,96.365,81
1773151920,96.36,96.36,96.36,96.36,5
1773152220,96.365,96.365,96.365,96.365,300
1773152280,96.365,96.365,96.365,96.365,66
1773153420,96.365,96.365,96.365,96.365,200
1773156840,96.365,96.365,96.365,96.365,7796
1773156960,96.365,96.365,96.365,96.365,5531
1773157020,96.365,96.365,96.365,96.365,6
1773157080,96.365,96.365,96.365,96.365,9
1773157440,96.365,96.365,96.365,96.365,200
1773157500,96.365,96.365,96.365,96.365,1
1773157800,96.365,96.365,96.365,96.365,2
1773158580,96.365,96.365,96.365,96.365,8
1773158700,96.365,96.365,96.365,96.365,1
1773158940,96.365,96.365,96.365,96.365,25
1773159000,96.365,96.365,96.365,96.365,100
1773159420,96.365,96.365,96.365,96.365,60
1773159720,96.365,96.365,96.365,96.365,500
1773160320,96.365,96.365,96.365,96.365,2105
1773160980,96.365,96.365,96.365,96.365,26
1773161220,96.365,96.365,96.365,96.365,3
1773161460,96.365,96.365,96.365,96.365,71
1773162180,96.365,96.365,96.365,96.365,40
1773162420,96.365,96.365,96.365,96.365,301
1773163320,96.365,96.365,96.365,96.365,3
1773163380,96.365,96.365,96.365,96.365,1
1773164280,96.365,96.365,96.365,96.365,10995
1773164400,96.365,96.365,96.365,96.365,2
1773165840,96.365,96.365,96.365,96.365,6
1773165900,96.365,96.365,96.365,96.365,45
1773165960,96.365,96.365,96.365,96.365,61
1773166020,96.365,96.365,96.365,96.365,10
1773166500,96.365,96.365,96.365,96.365,3
1773166680,96.365,96.365,96.365,96.365,338
1773166740,96.36,96.36,96.36,96.36,381
1773166860,96.365,96.365,96.365,96.365,9
1773166980,96.365,96.365,96.365,96.365,5
1773167040,96.365,96.365,96.365,96.365,31
1773167160,96.365,96.365,96.365,96.365,216
1773167220,96.365,96.365,96.365,96.365,1
1773168360,96.365,96.365,96.365,96.365,1
1773168480,96.36,96.36,96.36,96.36,47
1773168660,96.365,96.365,96.365,96.365,1
1773169560,96.365,96.365,96.365,96.365,4417
1773169620,96.365,96.365,96.365,96.365,11
1773169980,96.365,96.365,96.365,96.365,21
1773171180,96.365,96.365,96.365,96.365,11
1773172260,96.365,96.365,96.365,96.365,2
1773173220,96.365,96.365,96.365,96.365,8
1773173460,96.365,96.365,96.365,96.365,5
1773174720,96.365,96.365,96.365,96.365,1
1773175200,96.365,96.365,96.365,96.365,82
1773175740,96.365,96.365,96.365,96.365,1
1773175800,96.365,96.365,96.365,96.365,42
1773175860,96.365,96.365,96.365,96.365,78
1773176160,96.365,96.365,96.365,96.365,4
1773197040,96.36,96.36,96.36,96.36,100
1773197700,96.365,96.365,96.36,96.36,401
1773197760,96.365,96.365,96.365,96.365,200
1773206280,96.365,96.365,96.365,96.365,3
1773206700,96.365,96.365,96.365,96.365,100
1773208740,96.365,96.365,96.365,96.365,10
1773209460,96.365,96.365,96.365,96.365,198
1773210600,96.365,96.365,96.365,96.365,50
1773210780,96.365,96.365,96.365,96.365,100
1773217620,96.365,96.365,96.365,96.365,12
1773221640,96.365,96.365,96.365,96.365,56
1773226380,96.365,96.365,96.365,96.365,11
1773226980,96.36,96.36,96.36,96.36,26
1773227160,96.36,96.36,96.36,96.36,349
1773228420,96.365,96.365,96.365,96.365,42
1773228900,96.365,96.365,96.365,96.365,5
1773228960,96.365,96.365,96.365,96.365,10
1773229500,96.365,96.365,96.365,96.365,81
1773229560,96.365,96.365,96.365,96.365,71
1773229620,96.365,96.365,96.365,96.365,1
1773229920,96.365,96.365,96.365,96.365,150
1773230220,96.365,96.365,96.365,96.365,250
1773230760,96.365,96.365,96.365,96.365,46
1773231180,96.365,96.365,96.365,96.365,4
1773231240,96.365,96.365,96.365,96.365,175
1773231480,96.365,96.365,96.365,96.365,16
1773231660,96.365,96.365,96.365,96.365,7
1773231840,96.36,96.36,96.36,96.36,49
1773231900,96.365,96.365,96.365,96.365,500
1773231960,96.365,96.365,96.365,96.365,2
1773232020,96.365,96.365,96.365,96.365,23
1773232080,96.36,96.36,96.36,96.36,3
1773232200,96.365,96.365,96.365,96.365,2174
1773232440,96.365,96.365,96.365,96.365,2
1773232560,96.365,96.365,96.365,96.365,17
1773232680,96.365,96.365,96.365,96.365,107
1773233280,96.365,96.365,96.365,96.365,2
1773233820,96.365,96.365,96.365,96.365,7
1773234000,96.365,96.365,96.365,96.365,12
1773234060,96.365,96.365,96.365,96.365,100
1773234240,96.365,96.365,96.365,96.365,1
1773234420,96.365,96.365,96.365,96.365,12
1773236880,96.365,96.365,96.365,96.365,1
1773237240,96.365,96.365,96.365,96.365,3
1773237600,96.365,96.365,96.365,96.365,2
1773237720,96.365,96.365,96.365,96.365,1
1773237780,96.365,96.365,96.365,96.365,1
1773237840,96.365,96.365,96.365,96.365,9563
1773238560,96.365,96.365,96.365,96.365,50
1773238620,96.365,96.365,96.365,96.365,50
1773238740,96.365,96.365,96.365,96.365,3191
1773238800,96.365,96.365,96.365,96.365,3
1773238980,96.365,96.365,96.365,96.365,796
1773239100,96.365,96.365,96.365,96.365,392
1773239220,96.365,96.365,96.365,96.365,8
1773239280,96.365,96.365,96.365,96.365,23
1773239460,96.365,96.365,96.365,96.365,1002
1773239580,96.365,96.365,96.365,96.365,306
1773239640,96.365,96.365,96.365,96.365,12
1773240060,96.365,96.365,96.365,96.365,181
1773240180,96.365,96.365,96.365,96.365,397
1773240240,96.365,96.365,96.365,96.365,8
1773240300,96.365,96.365,96.365,96.365,3
1773240360,96.365,96.365,96.365,96.365,2
1773240600,96.365,96.365,96.365,96.365,2898
1773240660,96.365,96.365,96.365,96.365,899
1773240780,96.365,96.365,96.365,96.365,20
1773241200,96.365,96.365,96.365,96.365,54
1773241260,96.365,96.365,96.365,96.365,55
1773241320,96.365,96.365,96.365,96.365,15
1773241560,96.365,96.365,96.365,96.365,100
1773241680,96.365,96.365,96.365,96.365,628
1773241740,96.365,96.365,96.365,96.365,87
1773241800,96.365,96.365,96.365,96.365,222
1773242400,96.365,96.365,96.365,96.365,86
1773242640,96.365,96.365,96.365,96.365,5
1773242700,96.365,96.365,96.365,96.365,6
1773242760,96.365,96.365,96.365,96.365,131
1773242820,96.365,96.365,96.365,96.365,12
1773243240,96.365,96.365,96.365,96.365,11
1773243300,96.365,96.365,96.365,96.365,17
1773243420,96.365,96.365,96.365,96.365,4
1773243600,96.365,96.365,96.365,96.365,16
1773243660,96.36,96.365,96.36,96.365,73
1773243720,96.365,96.365,96.365,96.365,2
1773244080,96.365,96.365,96.365,96.365,1986
1773244260,96.365,96.365,96.365,96.365,27
1773244320,96.365,96.365,96.365,96.365,4
1773244380,96.365,96.365,96.365,96.365,8
1773244440,96.365,96.365,96.365,96.365,11
1773244620,96.365,96.365,96.365,96.365,774
1773244680,96.365,96.365,96.365,96.365,2
1773244740,96.365,96.365,96.365,96.365,13
1773244860,96.365,96.365,96.365,96.365,242
1773244980,96.365,96.365,96.365,96.365,277
1773245160,96.365,96.365,96.365,96.365,1
1773245220,96.365,96.365,96.365,96.365,96
1773245340,96.365,96.365,96.365,96.365,295
1773245400,96.365,96.365,96.365,96.365,500
1773245460,96.365,96.365,96.365,96.365,3
1773245640,96.365,96.365,96.365,96.365,1
1773246000,96.365,96.365,96.365,96.365,82
1773246240,96.365,96.365,96.365,96.365,155
1773246360,96.365,96.365,96.365,96.365,58
1773246780,96.365,96.365,96.365,96.365,1
1773247140,96.365,96.365,96.365,96.365,200
1773247200,96.365,96.365,96.365,96.365,225
1773247260,96.365,96.365,96.365,96.365,868
1773247560,96.365,96.365,96.365,96.365,65
1773247680,96.365,96.365,96.365,96.365,12
1773247860,96.365,96.365,96.365,96.365,177
1773247920,96.365,96.365,96.365,96.365,54
1773247980,96.365,96.365,96.365,96.365,218
1773248400,96.365,96.365,96.365,96.365,1
1773248460,96.37,96.37,96.37,96.37,5
1773249480,96.365,96.365,96.365,96.365,27
1773249540,96.365,96.365,96.365,96.365,6
1773249600,96.365,96.365,96.365,96.365,3
1773249660,96.365,96.365,96.365,96.365,10
1773250260,96.365,96.365,96.365,96.365,3
1773250620,96.365,96.365,96.365,96.365,11
1773250680,96.365,96.365,96.365,96.365,6
1773250860,96.365,96.365,96.365,96.365,2
1773250980,96.365,96.365,96.365,96.365,1049
1773251040,96.365,96.365,96.365,96.365,1183
1773251100,96.365,96.365,96.365,96.365,1495
1773251520,96.365,96.365,96.365,96.365,7
1773252000,96.365,96.365,96.365,96.365,666
1773252120,96.365,96.365,96.365,96.365,8
1773252300,96.365,96.365,96.365,96.365,7
1773252420,96.365,96.365,96.365,96.365,252
1773252660,96.365,96.365,96.365,96.365,21
1773252840,96.365,96.365,96.365,96.365,1
1773253020,96.365,96.365,96.365,96.365,94
1773253080,96.365,96.365,96.365,96.365,1
1773253260,96.365,96.365,96.365,96.365,10
1773253320,96.365,96.365,96.365,96.365,8
1773253440,96.365,96.365,96.365,96.365,679
1773253500,96.365,96.365,96.365,96.365,4
1773253680,96.365,96.365,96.365,96.365,4
1773254040,96.365,96.365,96.365,96.365,1
1773254100,96.365,96.365,96.365,96.365,1
1773254160,96.365,96.365,96.365,96.365,2
1773254340,96.365,96.365,96.365,96.365,9
1773254520,96.365,96.365,96.365,96.365,2
1773254640,96.365,96.365,96.365,96.365,6
1773254820,96.365,96.365,96.365,96.365,18
1773255480,96.365,96.365,96.365,96.365,92
1773255540,96.365,96.365,96.365,96.365,70
1773256140,96.365,96.365,96.365,96.365,3
1773256200,96.365,96.365,96.365,96.365,1524
1773256260,96.365,96.365,96.365,96.365,2
1773256680,96.365,96.365,96.365,96.365,110
1773256980,96.36,96.36,96.36,96.36,1
1773257820,96.365,96.365,96.365,96.365,1
1773258060,96.365,96.365,96.365,96.365,4
1773258600,96.365,96.365,96.365,96.365,7
1773259140,96.365,96.365,96.365,96.365,12
1773259200,96.365,96.365,96.365,96.365,7
1773259260,96.365,96.365,96.365,96.365,3
1773259320,96.36,96.36,96.36,96.36,60
1773259740,96.365,96.365,96.36,96.36,198
1773260280,96.365,96.365,96.365,96.365,2
1773260460,96.365,96.365,96.365,96.365,1
1773260520,96.365,96.365,96.365,96.365,1
1773260580,96.365,96.365,96.365,96.365,3
1773260640,96.365,96.365,96.365,96.365,18
1773261540,96.365,96.365,96.365,96.365,1038
1773261600,96.365,96.365,96.365,96.365,2017
1773261720,96.365,96.365,96.365,96.365,3
1773261960,96.365,96.365,96.365,96.365,1
1773262080,96.36,96.36,96.36,96.36,3
1773262680,96.36,96.36,96.36,96.36,5
1773262740,96.365,96.365,96.365,96.365,4
1773266640,96.365,96.365,96.365,96.365,14
1773275700,96.365,96.365,96.365,96.365,18
1773277800,96.365,96.365,96.365,96.365,300
1773278220,96.365,96.365,96.365,96.365,2
1773278700,96.365,96.365,96.365,96.365,100
1773279600,96.365,96.365,96.365,96.365,20
1773289260,96.365,96.365,96.365,96.365,100
1773295020,96.365,96.365,96.365,96.365,100
1773297600,96.365,96.365,96.365,96.365,3
1773301860,96.365,96.365,96.365,96.365,1081
1773302580,96.365,96.365,96.365,96.365,929
1773302820,96.365,96.365,96.365,96.365,57
1773304680,96.365,96.365,96.365,96.365,402
1773305400,96.365,96.365,96.365,96.365,2
1773306360,96.365,96.365,96.365,96.365,3
1773307380,96.365,96.365,96.365,96.365,9
1773310380,96.365,96.365,96.365,96.365,1
1773312540,96.365,96.365,96.365,96.365,1
1773313800,96.365,96.365,96.365,96.365,3
1773313980,96.365,96.365,96.365,96.365,30
1773315000,96.365,96.365,96.365,96.365,3
1773315480,96.365,96.365,96.365,96.365,8
1773315540,96.365,96.365,96.365,96.365,1033
1773315720,96.365,96.365,96.365,96.365,3
1773316140,96.365,96.365,96.365,96.365,17
1773316320,96.365,96.365,96.365,96.365,2
1773316800,96.365,96.365,96.365,96.365,6
1773317760,96.365,96.365,96.365,96.365,20
1773317880,96.365,96.365,96.365,96.365,2
1773318000,96.365,96.365,96.365,96.365,1060
1773318120,96.365,96.365,96.365,96.365,1
1773318180,96.365,96.365,96.365,96.365,9
1773318240,96.365,96.365,96.365,96.365,1
1773318480,96.365,96.365,96.36,96.36,45
1773318540,96.365,96.365,96.365,96.365,8
1773318600,96.365,96.365,96.365,96.365,1
1773318660,96.365,96.365,96.365,96.365,10
1773318720,96.365,96.365,96.365,96.365,2
1773318840,96.365,96.365,96.365,96.365,7
1773319020,96.365,96.365,96.365,96.365,4
1773319200,96.365,96.365,96.365,96.365,502
1773319380,96.365,96.365,96.365,96.365,2
1773319440,96.365,96.365,96.365,96.365,100
1773319620,96.365,96.365,96.365,96.365,15
1773319800,96.365,96.365,96.365,96.365,30
1773319860,96.365,96.365,96.365,96.365,409
1773319920,96.365,96.365,96.365,96.365,33
1773319980,96.365,96.365,96.365,96.365,6
1773320220,96.365,96.365,96.365,96.365,1
1773320280,96.365,96.365,96.365,96.365,1143
1773320340,96.365,96.365,96.365,96.365,75
1773321060,96.365,96.365,96.365,96.365,65
1773321360,96.365,96.365,96.365,96.365,8
1773321420,96.365,96.365,96.365,96.365,78
1773321540,96.365,96.365,96.365,96.365,1351
1773322020,96.365,96.365,96.365,96.365,1
1773322560,96.365,96.365,96.365,96.365,1225
1773322800,96.365,96.365,96.365,96.365,120
1773322860,96.365,96.365,96.365,96.365,518
1773322920,96.365,96.365,96.365,96.365,19
1773323160,96.365,96.365,96.365,96.365,1
1773323220,96.365,96.365,96.365,96.365,174
1773323400,96.365,96.365,96.365,96.365,19
1773323700,96.365,96.365,96.365,96.365,201
1773323940,96.365,96.365,96.365,96.365,1
1773324060,96.365,96.365,96.365,96.365,1
1773324480,96.365,96.365,96.365,96.365,200
1773324960,96.365,96.365,96.365,96.365,184
1773325740,96.365,96.365,96.365,96.365,100
1773327720,96.365,96.365,96.365,96.365,12
1773327900,96.365,96.365,96.365,96.365,300
1773328020,96.36,96.36,96.36,96.36,9
1773328320,96.365,96.365,96.365,96.365,3
1773328680,96.36,96.36,96.36,96.36,50
1773328740,96.365,96.365,96.365,96.365,100
1773328920,96.365,96.365,96.365,96.365,1800
1773328980,96.365,96.365,96.365,96.365,651
1773329520,96.36,96.365,96.36,96.36,49
1773329580,96.365,96.365,96.365,96.365,1
1773329700,96.365,96.365,96.365,96.365,1
1773329760,96.365,96.365,96.365,96.365,37
1773329820,96.365,96.365,96.365,96.365,18
1773329940,96.365,96.365,96.365,96.365,87
1773330000,96.365,96.365,96.365,96.365,6
1773330060,96.365,96.365,96.365,96.365,106
1773330240,96.365,96.365,96.365,96.365,80
1773330300,96.365,96.365,96.365,96.365,165
1773330420,96.365,96.365,96.365,96.365,7
1773330540,96.365,96.365,96.365,96.365,73
1773330660,96.365,96.365,96.365,96.365,3
1773330780,96.36,96.36,96.36,96.36,50
1773331200,96.365,96.365,96.365,96.365,2
1773331680,96.365,96.365,96.365,96.365,6
1773331740,96.365,96.365,96.365,96.365,4
1773332520,96.365,96.365,96.365,96.365,4
1773333540,96.365,96.365,96.365,96.365,1
1773333600,96.365,96.365,96.365,96.365,5
1773333780,96.365,96.365,96.365,96.365,65
1773333900,96.365,96.365,96.365,96.365,3
1773333960,96.365,96.365,96.365,96.365,10
1773334020,96.365,96.365,96.365,96.365,1
1773334140,96.36,96.36,96.36,96.36,7
1773334860,96.36,96.36,96.36,96.36,905
1773335820,96.36,96.36,96.36,96.36,20
1773335940,96.36,96.36,96.36,96.36,500
1773336120,96.365,96.365,96.365,96.365,19
1773336840,96.36,96.36,96.36,96.36,10
1773336900,96.36,96.36,96.36,96.36,10
1773337560,96.36,96.36,96.36,96.36,6
1773339000,96.36,96.36,96.36,96.36,800
1773340320,96.365,96.365,96.365,96.365,41
1773341160,96.365,96.365,96.365,96.365,3
1773341220,96.36,96.36,96.36,96.36,2
1773341280,96.36,96.36,96.36,96.36,1
1773341340,96.36,96.36,96.36,96.36,8
1773341400,96.36,96.36,96.36,96.36,500
1773341460,96.36,96.36,96.36,96.36,250
1773341760,96.36,96.365,96.36,96.365,10217
1773341820,96.365,96.365,96.365,96.365,9
1773341880,96.36,96.36,96.36,96.36,6
1773341940,96.36,96.36,96.36,96.36,5
1773342000,96.36,96.36,96.36,96.36,2
1773342300,96.36,96.36,96.36,96.36,1
1773343080,96.365,96.365,96.365,96.365,1
1773343320,96.365,96.365,96.365,96.365,1
1773344280,96.36,96.36,96.36,96.36,1
1773345120,96.36,96.36,96.36,96.36,1
1773345540,96.365,96.365,96.365,96.365,1
1773345780,96.36,96.36,96.36,96.36,5
1773346020,96.365,96.365,96.365,96.365,16
1773346140,96.365,96.365,96.365,96.365,16
1773346380,96.365,96.365,96.365,96.365,1
1773346560,96.365,96.365,96.365,96.365,17
1773346620,96.365,96.365,96.365,96.365,17
1773346980,96.365,96.365,96.365,96.365,38
1773347100,96.365,96.365,96.365,96.365,34
1773347460,96.36,96.36,96.36,96.36,595
1773349080,96.36,96.36,96.36,96.36,5
1773349140,96.365,96.365,96.365,96.365,16
1773352800,96.365,96.365,96.365,96.365,3
1773364020,96.365,96.365,96.365,96.365,11
1773366120,96.365,96.365,96.365,96.365,150
1773366540,96.365,96.365,96.365,96.365,5792
1773367260,96.365,96.365,96.365,96.365,6
1773368400,96.36,96.36,96.36,96.36,3
1773387000,96.36,96.36,96.36,96.36,7
1773388500,96.36,96.36,96.36,96.36,95
1773388980,96.365,96.365,96.365,96.365,12
1773389100,96.36,96.36,96.36,96.36,300
1773389580,96.365,96.365,96.365,96.365,10
1773392040,96.36,96.36,96.36,96.36,7
1773393240,96.365,96.365,96.365,96.365,497
1773394020,96.365,96.365,96.365,96.365,8
1773394560,96.36,96.36,96.36,96.36,2
1773394800,96.36,96.36,96.36,96.36,222
1773396120,96.36,96.36,96.36,96.36,2
1773396240,96.36,96.36,96.36,96.36,1
1773397320,96.36,96.36,96.36,96.36,38
1773397500,96.36,96.36,96.36,96.36,4
1773397800,96.36,96.36,96.36,96.36,120
1773398640,96.36,96.36,96.36,96.36,2
1773399120,96.365,96.365,96.36,96.36,5
1773401640,96.365,96.365,96.365,96.365,107
1773401760,96.365,96.365,96.365,96.365,1
1773401940,96.365,96.365,96.365,96.365,46
1773402120,96.365,96.365,96.365,96.365,123
1773402300,96.365,96.365,96.365,96.365,9
1773402420,96.365,96.365,96.365,96.365,1
1773403200,96.365,96.365,96.365,96.365,10
1773403260,96.365,96.365,96.365,96.365,3
1773403320,96.365,96.365,96.365,96.365,7
1773403440,96.365,96.365,96.365,96.365,5
1773403500,96.365,96.365,96.365,96.365,6
1773403560,96.365,96.365,96.365,96.365,6
1773404100,96.365,96.365,96.365,96.365,50
1773404880,96.365,96.365,96.365,96.365,2
1773405000,96.365,96.365,96.365,96.365,1
1773405180,96.365,96.365,96.365,96.365,1
1773405900,96.365,96.365,96.365,96.365,50
1773407040,96.365,96.365,96.365,96.365,1
1773407160,96.365,96.365,96.365,96.365,1
1773408300,96.36,96.36,96.36,96.36,23
1773408420,96.36,96.36,96.36,96.36,3
1773408780,96.36,96.36,96.36,96.36,5
1773409560,96.36,96.36,96.36,96.36,5
1773409800,96.36,96.36,96.36,96.36,3
1773409980,96.365,96.365,96.365,96.365,2
1773410640,96.36,96.36,96.36,96.36,7
1773410700,96.36,96.36,96.36,96.36,25
1773411240,96.36,96.36,96.36,96.36,200
1773411360,96.36,96.36,96.36,96.36,15
1773411900,96.36,96.36,96.36,96.36,100
1773412680,96.36,96.36,96.36,96.36,200
1773413280,96.36,96.36,96.36,96.36,10
1773414240,96.36,96.36,96.36,96.36,250
1773414420,96.365,96.365,96.365,96.365,5
1773414600,96.36,96.36,96.36,96.36,275
1773414660,96.36,96.36,96.36,96.36,27
1773415020,96.36,96.36,96.36,96.36,188
1773415200,96.365,96.365,96.365,96.365,2
1773415320,96.365,96.365,96.365,96.365,16
1773415440,96.365,96.365,96.365,96.365,52
1773415920,96.36,96.36,96.36,96.36,12
1773416340,96.36,96.36,96.36,96.36,25
1773416580,96.36,96.36,96.36,96.36,10
1773416880,96.365,96.365,96.365,96.365,1
1773417420,96.365,96.365,96.365,96.365,21
1773417600,96.365,96.365,96.365,96.365,3
1773418500,96.365,96.365,96.365,96.365,3
1773419640,96.36,96.36,96.36,96.36,25
1773419760,96.365,96.365,96.365,96.365,6
1773420060,96.365,96.365,96.365,96.365,200
1773420480,96.36,96.36,96.36,96.36,48
1773420660,96.365,96.365,96.365,96.365,1
1773421620,96.36,96.36,96.36,96.36,1
1773421680,96.36,96.36,96.36,96.36,7
1773421980,96.36,96.36,96.36,96.36,9
1773422820,96.36,96.36,96.36,96.36,50
1773423240,96.365,96.365,96.365,96.365,7
1773423420,96.36,96.36,96.36,96.36,2
1773424080,96.365,96.365,96.365,96.365,2
1773424380,96.36,96.36,96.36,96.36,116
1773424500,96.36,96.36,96.36,96.36,10
1773424920,96.36,96.365,96.36,96.365,67
1773425280,96.36,96.36,96.36,96.36,16
1773425340,96.36,96.36,96.36,96.36,12
1773426120,96.36,96.36,96.36,96.36,105
1773427320,96.365,96.365,96.365,96.365,6
1773427740,96.36,96.36,96.36,96.36,25
1773427860,96.36,96.36,96.36,96.36,26
1773428040,96.365,96.365,96.365,96.365,200
1773428280,96.365,96.365,96.365,96.365,100
1773428340,96.365,96.365,96.365,96.365,1
1773428580,96.36,96.36,96.36,96.36,6
1773429300,96.36,96.36,96.36,96.36,5
1773429720,96.36,96.36,96.36,96.36,28
1773429780,96.36,96.36,96.36,96.36,25
1773430380,96.365,96.365,96.365,96.365,1
1773430980,96.36,96.36,96.36,96.36,5
1773431160,96.36,96.36,96.36,96.36,25
1773431340,96.36,96.36,96.36,96.36,100
1773431400,96.36,96.36,96.36,96.36,17
1773431460,96.36,96.365,96.36,96.365,255
1773431940,96.365,96.365,96.365,96.365,11
1773432060,96.36,96.36,96.36,96.36,7
1773432120,96.365,96.365,96.365,96.365,100
1773432300,96.36,96.36,96.36,96.36,16
1773432360,96.36,96.36,96.36,96.36,200
1773432420,96.365,96.365,96.365,96.365,28
1773432540,96.36,96.36,96.36,96.36,290
1773432780,96.36,96.36,96.36,96.36,57
1773433860,96.36,96.36,96.36,96.36,115
1773434100,96.365,96.365,96.365,96.365,39
1773434160,96.36,96.36,96.36,96.36,100
1773435180,96.36,96.36,96.36,96.36,1
1773435240,96.36,96.36,96.36,96.36,5
1773435360,96.365,96.365,96.365,96.365,2
1773435480,96.36,96.36,96.36,96.36,5
1773435540,96.36,96.36,96.36,96.36,48
1773612180,96.36,96.36,96.36,96.36,20
1773612240,96.36,96.36,96.36,96.36,75
1773612300,96.36,96.36,96.36,96.36,2
1773651480,96.36,96.36,96.36,96.36,32
1773653760,96.365,96.365,96.365,96.365,15
1773654540,96.365,96.365,96.365,96.365,11
1773654600,96.36,96.36,96.36,96.36,505
1773654660,96.36,96.36,96.36,96.36,5
1773655860,96.36,96.36,96.36,96.36,488
1773657000,96.36,96.36,96.36,96.36,31
1773657540,96.36,96.36,96.36,96.36,7
1773658200,96.36,96.36,96.36,96.36,8
1773659520,96.36,96.36,96.36,96.36,71
1773662220,96.36,96.36,96.36,96.36,5
1773663240,96.36,96.36,96.36,96.36,9
1773663420,96.36,96.36,96.36,96.36,5
1773663540,96.36,96.36,96.36,96.36,5
1773663720,96.365,96.365,96.365,96.365,143
1773666120,96.36,96.36,96.36,96.36,1
1773666240,96.36,96.36,96.36,96.36,15
1773666480,96.36,96.36,96.36,96.36,1503
1773666720,96.36,96.36,96.36,96.36,10
1773667020,96.36,96.36,96.36,96.36,1
1773668160,96.36,96.36,96.36,96.36,10
1773668340,96.365,96.365,96.365,96.365,62
1773668880,96.36,96.36,96.36,96.36,10
1773669120,96.36,96.36,96.36,96.36,20
1773669720,96.36,96.36,96.36,96.36,323
1773669840,96.36,96.36,96.36,96.36,50
1773669900,96.36,96.36,96.36,96.36,362
1773670020,96.36,96.36,96.36,96.36,1
1773670080,96.36,96.365,96.36,96.365,281
1773670200,96.36,96.36,96.36,96.36,50
1773670800,96.36,96.36,96.36,96.36,1
1773670860,96.36,96.36,96.36,96.36,25
1773671220,96.36,96.36,96.36,96.36,200
1773671460,96.36,96.36,96.36,96.36,249
1773671580,96.36,96.36,96.36,96.36,14
1773671760,96.36,96.36,96.36,96.36,50
1773672060,96.36,96.36,96.36,96.36,25
1773672180,96.36,96.36,96.36,96.36,10
1773672300,96.36,96.36,96.36,96.36,1
1773672780,96.36,96.36,96.36,96.36,108
1773672900,96.36,96.36,96.36,96.36,16
1773673140,96.36,96.36,96.36,96.36,152
1773673680,96.36,96.36,96.36,96.36,1
1773674040,96.36,96.36,96.36,96.36,13
1773674100,96.36,96.36,96.36,96.36,13
1773674220,96.36,96.36,96.36,96.36,100
1773674460,96.36,96.36,96.36,96.36,74
1773675120,96.36,96.36,96.36,96.36,2551
1773675300,96.36,96.36,96.36,96.36,10
1773675660,96.36,96.36,96.36,96.36,10
1773675720,96.36,96.36,96.36,96.36,237
1773675780,96.36,96.36,96.36,96.36,5
1773676500,96.36,96.36,96.36,96.36,252
1773676740,96.36,96.36,96.36,96.36,113
1773676980,96.36,96.36,96.36,96.36,130
1773677700,96.36,96.36,96.36,96.36,146
1773677760,96.36,96.36,96.36,96.36,44
1773678240,96.365,96.365,96.365,96.365,3
1773678900,96.36,96.36,96.36,96.36,232
1773679140,96.36,96.36,96.36,96.36,57
1773679200,96.36,96.36,96.36,96.36,15
1773679860,96.36,96.36,96.36,96.36,4
1773679920,96.36,96.36,96.36,96.36,424
1773680400,96.36,96.36,96.36,96.36,2
1773680640,96.36,96.36,96.36,96.36,58
1773681000,96.36,96.36,96.36,96.36,119
1773681300,96.365,96.365,96.365,96.365,200
1773681420,96.36,96.36,96.36,96.36,101
1773681840,96.36,96.36,96.36,96.36,11
1773682440,96.36,96.36,96.36,96.36,7
1773683040,96.36,96.36,96.36,96.36,112
1773683220,96.36,96.36,96.36,96.36,24
1773683280,96.36,96.36,96.36,96.36,12
1773683940,96.36,96.36,96.36,96.36,13
1773684300,96.36,96.36,96.36,96.36,10
1773684360,96.36,96.36,96.36,96.36,5
1773684420,96.36,96.36,96.36,96.36,56
1773684480,96.36,96.36,96.36,96.36,4
1773684960,96.36,96.36,96.36,96.36,81
1773685260,96.36,96.36,96.36,96.36,4
1773685560,96.36,96.36,96.36,96.36,3
1773686040,96.36,96.36,96.36,96.36,1500
1773686400,96.36,96.36,96.36,96.36,3
1773686580,96.36,96.36,96.36,96.36,18
1773686880,96.36,96.36,96.36,96.36,226
1773687120,96.36,96.36,96.36,96.36,2
1773687540,96.36,96.36,96.36,96.36,6
1773687960,96.365,96.365,96.365,96.365,23
1773688080,96.36,96.36,96.36,96.36,100
1773688140,96.36,96.36,96.36,96.36,3
1773688380,96.36,96.36,96.36,96.36,3
1773688560,96.36,96.36,96.36,96.36,22
1773689160,96.36,96.36,96.36,96.36,38
1773689460,96.36,96.36,96.36,96.36,11
1773690300,96.36,96.36,96.36,96.36,12
1773690360,96.36,96.36,96.36,96.36,991
1773690540,96.36,96.36,96.36,96.36,56
1773690660,96.36,96.36,96.36,96.36,6
1773691260,96.36,96.36,96.36,96.36,41
1773691320,96.36,96.36,96.36,96.36,10
1773691380,96.36,96.36,96.36,96.36,115
1773691560,96.36,96.36,96.36,96.36,3
1773691620,96.36,96.36,96.36,96.36,70
1773691680,96.36,96.36,96.36,96.36,84
1773691740,96.36,96.36,96.36,96.36,3
1773692280,96.365,96.365,96.365,96.365,102
1773692460,96.365,96.365,96.365,96.365,25
1773692580,96.36,96.36,96.36,96.36,114
1773692640,96.36,96.36,96.36,96.36,13
1773692700,96.36,96.36,96.36,96.36,4
1773692760,96.36,96.36,96.36,96.36,50
1773692820,96.36,96.36,96.36,96.36,12
1773692880,96.36,96.36,96.36,96.36,52
1773693000,96.36,96.36,96.36,96.36,232
1773693180,96.36,96.36,96.36,96.36,5
1773693240,96.36,96.36,96.36,96.36,1
1773693360,96.36,96.36,96.36,96.36,16
1773693900,96.36,96.36,96.36,96.36,250
1773693960,96.36,96.36,96.36,96.36,12
1773694440,96.36,96.365,96.36,96.365,22
1773694500,96.36,96.36,96.36,96.36,503
1773694560,96.36,96.36,96.36,96.36,5
1773694680,96.36,96.36,96.36,96.36,6
1773694740,96.36,96.36,96.36,96.36,114
1773699300,96.36,96.36,96.36,96.36,35
1773711480,96.36,96.36,96.36,96.36,5
1773712320,96.36,96.36,96.36,96.36,1
1773712440,96.36,96.36,96.36,96.36,2
1773713520,96.36,96.36,96.36,96.36,15
1773718140,96.36,96.36,96.36,96.36,19
1773719520,96.36,96.36,96.36,96.36,1
1773731100,96.365,96.365,96.365,96.365,1
1773732000,96.36,96.36,96.36,96.36,17
1773735660,96.36,96.36,96.36,96.36,150
1773739140,96.36,96.36,96.36,96.36,50
1773747480,96.36,96.36,96.36,96.36,5
1773747540,96.36,96.36,96.36,96.36,18
1773748380,96.36,96.36,96.36,96.36,1
1773748680,96.36,96.36,96.36,96.36,2
1773749100,96.36,96.36,96.36,96.36,27
1773749880,96.36,96.36,96.36,96.36,56
1773750300,96.36,96.36,96.36,96.36,14
1773750360,96.36,96.36,96.36,96.36,250
1773750600,96.36,96.36,96.36,96.36,57
1773750720,96.36,96.36,96.36,96.36,6
1773751140,96.36,96.36,96.36,96.36,24
1773752160,96.36,96.36,96.36,96.36,11
1773752460,96.36,96.36,96.36,96.36,56
1773754200,96.36,96.36,96.36,96.36,10
1773754260,96.36,96.36,96.36,96.36,11
1773754560,96.36,96.36,96.36,96.36,39
1773754740,96.36,96.36,96.36,96.36,1
1773755340,96.36,96.36,96.36,96.36,16
1773756240,96.36,96.36,96.36,96.36,163
1773756300,96.36,96.36,96.36,96.36,16
1773756540,96.36,96.36,96.36,96.36,5
1773756960,96.36,96.36,96.36,96.36,5
1773757080,96.36,96.36,96.36,96.36,20
1773757140,96.36,96.36,96.36,96.36,61
1773757920,96.365,96.365,96.365,96.365,1
1773758580,96.36,96.36,96.36,96.36,44
1773758940,96.36,96.36,96.36,96.36,7
1773759480,96.36,96.36,96.36,96.36,27
1773759960,96.36,96.36,96.36,96.36,32
1773760500,96.36,96.36,96.36,96.36,6
1773760620,96.36,96.36,96.36,96.36,218
1773761100,96.36,96.36,96.36,96.36,47
1773761160,96.36,96.36,96.36,96.36,57
1773761340,96.36,96.36,96.36,96.36,1017
1773761520,96.36,96.36,96.36,96.36,3
1773761700,96.36,96.36,96.36,96.36,1
1773761760,96.36,96.36,96.36,96.36,16
1773761820,96.36,96.36,96.36,96.36,65
1773761880,96.36,96.36,96.36,96.36,2
1773761940,96.36,96.36,96.36,96.36,2
1773762000,96.36,96.36,96.36,96.36,8
1773762060,96.36,96.36,96.36,96.36,15
1773762420,96.36,96.36,96.36,96.36,1200
1773762480,96.36,96.36,96.36,96.36,239
1773762540,96.36,96.36,96.36,96.36,600
1773763080,96.36,96.36,96.36,96.36,105
1773763260,96.36,96.36,96.36,96.36,11
1773763320,96.36,96.36,96.36,96.36,610
1773763440,96.36,96.36,96.36,96.36,1
1773763500,96.36,96.36,96.36,96.36,28
1773763560,96.36,96.36,96.36,96.36,28
1773763800,96.36,96.36,96.36,96.36,10
1773764460,96.36,96.36,96.36,96.36,21
1773764580,96.36,96.36,96.36,96.36,22
1773764820,96.365,96.365,96.365,96.365,1
1773765960,96.36,96.36,96.36,96.36,161
1773766380,96.36,96.36,96.36,96.36,107
1773766800,96.36,96.36,96.36,96.36,3
1773767340,96.36,96.36,96.36,96.36,110
1773767400,96.36,96.36,96.36,96.36,95
1773767880,96.36,96.36,96.36,96.36,380
1773768060,96.36,96.36,96.36,96.36,30
1773768120,96.36,96.36,96.36,96.36,411
1773768180,96.36,96.36,96.36,96.36,328
1773768480,96.36,96.36,96.36,96.36,10
1773768600,96.36,96.36,96.36,96.36,298
1773768660,96.36,96.36,96.36,96.36,40
1773768840,96.36,96.36,96.36,96.36,1
1773768900,96.36,96.36,96.36,96.36,50
1773769020,96.36,96.36,96.36,96.36,49
1773769200,96.36,96.36,96.36,96.36,347
1773769860,96.36,96.36,96.36,96.36,2
1773770280,96.36,96.36,96.355,96.355,59626
1773770460,96.36,96.36,96.36,96.36,2
1773770520,96.36,96.36,96.36,96.36,1
1773770580,96.36,96.36,96.36,96.36,33606
1773770640,96.36,96.36,96.36,96.36,14131
1773770700,96.36,96.36,96.36,96.36,13580
1773770760,96.36,96.36,96.36,96.36,5470
1773770820,96.36,96.36,96.36,96.36,6587
1773770880,96.36,96.36,96.36,96.36,597
1773770940,96.36,96.36,96.36,96.36,402
1773771120,96.36,96.36,96.36,96.36,19
1773771540,96.36,96.36,96.36,96.36,10
1773771600,96.36,96.36,96.36,96.36,20
1773771780,96.36,96.36,96.36,96.36,88
1773771840,96.36,96.36,96.36,96.36,100
1773771900,96.36,96.36,96.36,96.36,85
1773772080,96.36,96.36,96.36,96.36,5
1773772140,96.36,96.36,96.36,96.36,600
1773772200,96.36,96.36,96.36,96.36,132
1773772260,96.36,96.36,96.36,96.36,150
1773772320,96.365,96.365,96.36,96.36,5
1773772500,96.36,96.36,96.36,96.36,31
1773772560,96.36,96.36,96.36,96.36,1
1773772740,96.36,96.36,96.36,96.36,5
1773772800,96.36,96.36,96.36,96.36,10
1773773220,96.36,96.36,96.36,96.36,11
1773773340,96.36,96.36,96.36,96.36,6
1773773880,96.36,96.36,96.36,96.36,296
1773774000,96.36,96.36,96.36,96.36,22
1773774120,96.36,96.36,96.36,96.36,175
1773774180,96.36,96.36,96.36,96.36,592
1773774420,96.36,96.36,96.36,96.36,3
1773774600,96.36,96.36,96.36,96.36,10
1773774840,96.36,96.36,96.36,96.36,74
1773774960,96.36,96.36,96.36,96.36,600
1773775080,96.36,96.36,96.36,96.36,30
1773775440,96.36,96.36,96.36,96.36,1221
1773775560,96.36,96.36,96.36,96.36,50
1773775680,96.36,96.36,96.36,96.36,37
1773775860,96.36,96.36,96.36,96.36,50
1773775920,96.36,96.36,96.36,96.36,193
1773776100,96.36,96.36,96.36,96.36,129
1773776280,96.36,96.36,96.36,96.36,5
1773776340,96.36,96.36,96.36,96.36,23
1773776940,96.36,96.36,96.36,96.36,1121
1773777060,96.36,96.36,96.36,96.36,16
1773777180,96.36,96.36,96.36,96.36,2
1773777420,96.36,96.36,96.36,96.36,39
1773777600,96.365,96.365,96.36,96.36,28
1773777660,96.36,96.36,96.36,96.36,252
1773777720,96.36,96.36,96.36,96.36,90
1773777900,96.36,96.36,96.36,96.36,63
1773777960,96.36,96.36,96.36,96.36,22
1773778020,96.36,96.36,96.36,96.36,42
1773778140,96.36,96.36,96.36,96.36,15
1773778740,96.36,96.36,96.36,96.36,45
1773778860,96.36,96.36,96.36,96.36,111
1773779100,96.365,96.365,96.365,96.365,2
1773779340,96.36,96.36,96.36,96.36,1718
1773779460,96.36,96.36,96.36,96.36,5
1773779880,96.36,96.36,96.36,96.36,3418
1773780180,96.36,96.36,96.36,96.36,1
1773780780,96.36,96.36,96.36,96.36,350
1773780840,96.36,96.36,96.36,96.36,30
1773780960,96.36,96.36,96.36,96.36,25
1773781080,96.355,96.355,96.355,96.355,5
1773785040,96.36,96.36,96.36,96.36,115
1773786660,96.355,96.355,96.355,96.355,62
1773786720,96.355,96.355,96.355,96.355,39
1773788880,96.355,96.355,96.355,96.355,3
1773799380,96.355,96.355,96.355,96.355,5
1773799500,96.355,96.355,96.355,96.355,1
1773801960,96.355,96.355,96.355,96.355,10
1773808080,96.355,96.355,96.355,96.355,5
1773810000,96.355,96.355,96.355,96.355,2
1773810240,96.355,96.355,96.355,96.355,4
1773812100,96.355,96.355,96.355,96.355,3
1773813840,96.36,96.36,96.36,96.36,10
1773814620,96.36,96.36,96.355,96.355,51
1773817080,96.355,96.355,96.355,96.355,400
1773819300,96.36,96.36,96.36,96.36,47
1773820560,96.36,96.36,96.36,96.36,208
1773820800,96.36,96.36,96.36,96.36,37
1773821880,96.36,96.36,96.36,96.36,100
1773822180,96.36,96.36,96.36,96.36,7
1773822240,96.36,96.36,96.36,96.36,32
1773823260,96.36,96.36,96.36,96.36,1000
1773825120,96.36,96.36,96.36,96.36,850
1773825240,96.36,96.36,96.36,96.36,4907
1773826260,96.36,96.36,96.36,96.36,4
1773828120,96.36,96.36,96.36,96.36,5
1773828240,96.36,96.36,96.36,96.36,3109
1773828360,96.36,96.36,96.36,96.36,150
1773829320,96.355,96.355,96.355,96.355,10
1773829680,96.355,96.355,96.355,96.355,100
1773830580,96.355,96.36,96.355,96.36,15145
1773830820,96.36,96.36,96.36,96.36,34
1773830880,96.36,96.36,96.36,96.36,1
1773831120,96.36,96.36,96.36,96.36,131
1773831180,96.36,96.36,96.36,96.36,2492
1773831360,96.36,96.36,96.36,96.36,100
1773831540,96.36,96.36,96.36,96.36,50
1773831900,96.36,96.36,96.36,96.36,27
1773832140,96.36,96.36,96.36,96.36,6422
1773832200,96.36,96.36,96.36,96.36,2268
1773832260,96.36,96.36,96.36,96.36,301
1773832560,96.36,96.36,96.36,96.36,8
1773832740,96.36,96.36,96.36,96.36,50
1773832980,96.36,96.36,96.36,96.36,5
1773833160,96.36,96.36,96.36,96.36,2000
1773833220,96.36,96.36,96.36,96.36,2924
1773833460,96.36,96.36,96.36,96.36,34
1773833580,96.36,96.36,96.36,96.36,6473
1773833640,96.36,96.36,96.36,96.36,3647
1773833700,96.36,96.36,96.36,96.36,68
1773833760,96.36,96.36,96.36,96.36,156
1773833820,96.36,96.36,96.36,96.36,12
1773833940,96.36,96.36,96.36,96.36,400
1773834000,96.36,96.36,96.36,96.36,14
1773834240,96.36,96.36,96.36,96.36,410
1773834300,96.36,96.36,96.36,96.36,9
1773834480,96.36,96.36,96.36,96.36,1
1773834720,96.36,96.36,96.36,96.36,2
1773835200,96.36,96.36,96.36,96.36,39
1773835260,96.36,96.36,96.36,96.36,62
1773835320,96.36,96.36,96.36,96.36,60
1773835500,96.36,96.36,96.36,96.36,462
1773835560,96.36,96.36,96.36,96.36,200
1773835620,96.36,96.36,96.36,96.36,5884
1773835680,96.36,96.36,96.36,96.36,250
1773836220,96.36,96.36,96.36,96.36,1
1773836280,96.36,96.36,96.36,96.36,601
1773836340,96.36,96.36,96.36,96.36,200
1773836580,96.36,96.36,96.36,96.36,51
1773836700,96.36,96.36,96.36,96.36,7
1773836820,96.36,96.36,96.36,96.36,396
1773836940,96.365,96.365,96.36,96.36,27
1773837000,96.36,96.36,96.36,96.36,3409
1773837060,96.36,96.36,96.36,96.36,100
1773837120,96.36,96.36,96.36,96.36,291
1773837180,96.36,96.36,96.355,96.355,3773
1773837300,96.36,96.36,96.36,96.36,684
1773837420,96.36,96.36,96.36,96.36,379
1773837540,96.36,96.36,96.36,96.36,6
1773837660,96.36,96.36,96.36,96.36,14
1773837780,96.36,96.36,96.36,96.36,31
1773837840,96.36,96.36,96.36,96.36,37
1773838560,96.36,96.36,96.36,96.36,41
1773838740,96.36,96.36,96.36,96.36,593
1773838800,96.36,96.36,96.36,96.36,1
1773839460,96.36,96.36,96.36,96.36,700
1773839580,96.36,96.36,96.36,96.36,10
1773839700,96.355,96.355,96.355,96.355,2
1773840000,96.36,96.36,96.36,96.36,12
1773840540,96.36,96.36,96.36,96.36,104
1773841500,96.355,96.355,96.355,96.355,100
1773841800,96.36,96.36,96.36,96.36,4
1773842460,96.355,96.36,96.355,96.36,110
1773842580,96.355,96.355,96.355,96.355,77
1773843780,96.36,96.36,96.36,96.36,43
1773844380,96.36,96.36,96.36,96.36,7
1773846180,96.36,96.36,96.36,96.36,100
1773847440,96.36,96.36,96.36,96.36,400
1773847500,96.36,96.36,96.36,96.36,1000
1773848340,96.36,96.36,96.36,96.36,100
1773848400,96.36,96.36,96.36,96.36,50
1773848460,96.36,96.36,96.36,96.36,53
1773849300,96.36,96.36,96.36,96.36,132
1773849420,96.36,96.36,96.36,96.36,120
1773849600,96.36,96.36,96.36,96.36,1000
1773849660,96.355,96.355,96.355,96.355,347
1773849780,96.36,96.36,96.36,96.36,61
1773849840,96.36,96.36,96.36,96.36,1210
1773850440,96.36,96.36,96.36,96.36,600
1773850680,96.355,96.355,96.355,96.355,2
1773850740,96.355,96.355,96.355,96.355,2
1773851280,96.36,96.36,96.36,96.36,400
1773851580,96.36,96.36,96.36,96.36,2400
1773852000,96.36,96.36,96.36,96.36,5
1773852060,96.36,96.36,96.36,96.36,3
1773852420,96.36,96.36,96.36,96.36,159
1773852840,96.36,96.36,96.36,96.36,80
1773853020,96.36,96.36,96.36,96.36,11
1773853080,96.36,96.36,96.36,96.36,20
1773853140,96.36,96.36,96.36,96.36,6
1773853980,96.36,96.36,96.36,96.36,300
1773854160,96.355,96.355,96.355,96.355,600
1773854340,96.355,96.355,96.355,96.355,83
1773854520,96.36,96.36,96.36,96.36,11
1773854580,96.36,96.36,96.36,96.36,20
1773854880,96.36,96.36,96.36,96.36,23
1773855540,96.36,96.36,96.36,96.36,35
1773855660,96.36,96.36,96.36,96.36,143
1773855780,96.355,96.355,96.355,96.355,31
1773855840,96.36,96.36,96.36,96.36,95
1773855900,96.36,96.36,96.36,96.36,15
1773855960,96.36,96.36,96.36,96.36,1
1773856020,96.36,96.36,96.36,96.36,21
1773856080,96.36,96.36,96.36,96.36,1
1773856140,96.36,96.36,96.36,96.36,12
1773856200,96.36,96.36,96.36,96.36,6
1773856260,96.36,96.36,96.36,96.36,32
1773856320,96.36,96.36,96.36,96.36,40
1773856380,96.36,96.36,96.36,96.36,12
1773856620,96.36,96.36,96.36,96.36,248
1773856680,96.36,96.36,96.36,96.36,8
1773856740,96.36,96.36,96.36,96.36,110
1773856800,96.36,96.36,96.36,96.36,1666
1773856860,96.36,96.36,96.36,96.36,450
1773856920,96.36,96.36,96.36,96.36,25
1773857280,96.36,96.36,96.36,96.36,898
1773857340,96.36,96.36,96.36,96.36,2
1773857400,96.36,96.36,96.36,96.36,342
1773857460,96.36,96.36,96.36,96.36,1869
1773857520,96.36,96.36,96.36,96.36,16
1773857700,96.36,96.36,96.36,96.36,2
1773857820,96.36,96.36,96.36,96.36,222
1773857880,96.36,96.36,96.36,96.36,1
1773858180,96.36,96.36,96.36,96.36,554
1773858360,96.36,96.36,96.36,96.36,83
1773858660,96.36,96.36,96.36,96.36,103
1773858720,96.36,96.36,96.36,96.36,20
1773859080,96.36,96.36,96.36,96.36,248
1773859140,96.36,96.36,96.355,96.355,289
1773859200,96.36,96.36,96.36,96.36,59
1773859620,96.36,96.36,96.355,96.36,1845
1773859800,96.36,96.36,96.36,96.36,35
1773859980,96.355,96.36,96.355,96.36,170
1773860040,96.36,96.36,96.36,96.36,28
1773860100,96.36,96.36,96.36,96.36,3
1773860280,96.36,96.36,96.36,96.36,58
1773860340,96.36,96.36,96.36,96.36,14
1773860460,96.36,96.36,96.36,96.36,2
1773860580,96.36,96.36,96.36,96.36,179
1773860640,96.36,96.36,96.36,96.36,1
1773860700,96.36,96.36,96.36,96.36,91
1773860820,96.36,96.36,96.36,96.36,13
1773861180,96.355,96.355,96.355,96.355,10044
1773861240,96.355,96.355,96.355,96.355,1
1773861360,96.355,96.355,96.355,96.355,39
1773861420,96.355,96.355,96.355,96.355,11262
1773861480,96.355,96.355,96.355,96.355,2308
1773861600,96.355,96.355,96.355,96.355,1
1773861720,96.355,96.355,96.355,96.355,22
1773861780,96.355,96.355,96.355,96.355,24
1773861840,96.355,96.355,96.355,96.355,69
1773861900,96.355,96.355,96.355,96.355,1
1773862020,96.355,96.355,96.355,96.355,15314
1773862080,96.355,96.355,96.355,96.355,3375
1773862140,96.355,96.355,96.355,96.355,1295
1773862200,96.355,96.355,96.355,96.355,852
1773862260,96.355,96.355,96.355,96.355,252
1773862320,96.36,96.36,96.36,96.36,125
1773862500,96.355,96.36,96.355,96.36,24
1773862680,96.355,96.355,96.355,96.355,5
1773862740,96.355,96.355,96.355,96.355,2
1773862800,96.355,96.355,96.355,96.355,2
1773862860,96.355,96.355,96.355,96.355,3
1773862920,96.355,96.355,96.355,96.355,1
1773862980,96.355,96.355,96.355,96.355,202
1773863040,96.355,96.355,96.355,96.355,3
1773863100,96.355,96.355,96.355,96.355,352
1773863160,96.355,96.355,96.355,96.355,1186
1773863220,96.355,96.355,96.355,96.355,4354
1773863280,96.355,96.355,96.355,96.355,799
1773863340,96.355,96.355,96.355,96.355,797
1773863400,96.355,96.355,96.355,96.355,984
1773863460,96.355,96.355,96.355,96.355,322
1773863520,96.355,96.355,96.355,96.355,248
1773863700,96.355,96.355,96.355,96.355,738
1773863760,96.355,96.355,96.355,96.355,2870
1773863820,96.355,96.355,96.355,96.355,2025
1773863940,96.355,96.355,96.355,96.355,256
1773864000,96.355,96.355,96.355,96.355,1947
1773864060,96.355,96.355,96.355,96.355,164
1773864120,96.355,96.355,96.355,96.355,66
1773864240,96.355,96.355,96.355,96.355,71
1773864300,96.355,96.355,96.355,96.355,2384
1773864360,96.355,96.355,96.355,96.355,325
1773864420,96.355,96.355,96.355,96.355,320
1773864480,96.355,96.355,96.355,96.355,415
1773864540,96.355,96.355,96.355,96.355,580
1773864600,96.355,96.355,96.355,96.355,3562
1773864660,96.355,96.355,96.355,96.355,148
1773864780,96.355,96.355,96.355,96.355,797
1773864840,96.355,96.355,96.355,96.355,56
1773864900,96.355,96.355,96.355,96.355,11
1773864960,96.355,96.355,96.355,96.355,11
1773865020,96.355,96.355,96.355,96.355,13
1773865080,96.355,96.355,96.355,96.355,5
1773865200,96.355,96.355,96.355,96.355,36
1773865260,96.355,96.355,96.355,96.355,96
1773865320,96.355,96.355,96.355,96.355,42
1773865380,96.355,96.355,96.355,96.355,42
1773865560,96.355,96.355,96.355,96.355,400
1773866040,96.355,96.355,96.355,96.355,17
1773866220,96.355,96.355,96.355,96.355,12
1773866280,96.355,96.355,96.355,96.355,7
1773866580,96.355,96.355,96.355,96.355,1027
1773867480,96.355,96.355,96.355,96.355,5
1773873240,96.355,96.355,96.355,96.355,55
1773874500,96.355,96.355,96.355,96.355,6
1773875340,96.355,96.355,96.355,96.355,5
1773876180,96.355,96.355,96.355,96.355,76
1773878160,96.355,96.355,96.355,96.355,1
1773878400,96.355,96.355,96.355,96.355,4
1773879840,96.355,96.355,96.355,96.355,8
1773879960,96.355,96.355,96.355,96.355,20
1773880020,96.355,96.355,96.355,96.355,77
1773880080,96.355,96.355,96.355,96.355,51
1773880920,96.355,96.355,96.355,96.355,104
1773882540,96.355,96.355,96.355,96.355,45
1773884880,96.355,96.355,96.355,96.355,1089
1773885180,96.355,96.355,96.355,96.355,4024
1773886080,96.355,96.355,96.355,96.355,20
1773889140,96.355,96.355,96.355,96.355,6
1773890580,96.355,96.355,96.355,96.355,1
1773891660,96.355,96.355,96.355,96.355,25
1773896880,96.355,96.355,96.355,96.355,215
1773903660,96.355,96.355,96.355,96.355,10
1773904920,96.355,96.355,96.355,96.355,13
1773906300,96.355,96.355,96.355,96.355,2
1773906840,96.355,96.355,96.355,96.355,3
1773907080,96.355,96.355,96.355,96.355,10
1773907620,96.355,96.355,96.355,96.355,36
1773908460,96.355,96.355,96.355,96.355,54
1773908760,96.355,96.355,96.355,96.355,8
1773908940,96.355,96.355,96.355,96.355,23
1773909840,96.355,96.355,96.355,96.355,29
1773912540,96.355,96.355,96.355,96.355,1
1773914400,96.355,96.355,96.355,96.355,30
1773914460,96.355,96.355,96.355,96.355,8
1773914520,96.355,96.355,96.355,96.355,200
1773914640,96.355,96.355,96.355,96.355,3
1773915840,96.355,96.355,96.355,96.355,7
1773917940,96.36,96.36,96.36,96.36,2
1773918060,96.355,96.355,96.355,96.355,100
1773919440,96.355,96.355,96.355,96.355,3
1773920160,96.355,96.355,96.355,96.355,303
1773921180,96.355,96.355,96.355,96.355,122
1773921660,96.355,96.355,96.355,96.355,47
1773921780,96.355,96.355,96.355,96.355,24
1773921840,96.355,96.36,96.355,96.355,195
1773922020,96.355,96.355,96.355,96.355,6
1773922140,96.355,96.355,96.355,96.355,6
1773922200,96.355,96.355,96.355,96.355,16
1773922320,96.355,96.355,96.355,96.355,16
1773922380,96.355,96.355,96.355,96.355,50
1773922500,96.355,96.36,96.355,96.355,165
1773922620,96.355,96.355,96.355,96.355,176
1773922680,96.355,96.355,96.355,96.355,12483
1773922740,96.355,96.355,96.355,96.355,2652
1773922800,96.355,96.355,96.355,96.355,110
1773922920,96.355,96.355,96.355,96.355,160
1773922980,96.355,96.355,96.355,96.355,46
1773923040,96.355,96.355,96.355,96.355,218
1773923160,96.355,96.36,96.355,96.36,419
1773923220,96.355,96.355,96.355,96.355,1617
1773923340,96.35,96.35,96.35,96.35,49
1773923400,96.35,96.355,96.345,96.35,8289
1773923460,96.35,96.355,96.35,96.35,784
1773923520,96.35,96.35,96.35,96.35,11
1773923580,96.355,96.355,96.35,96.35,28
1773923640,96.35,96.35,96.35,96.35,187
1773923700,96.35,96.35,96.35,96.35,1
1773923820,96.355,96.355,96.355,96.355,12
1773923880,96.355,96.355,96.355,96.355,1
1773923940,96.355,96.355,96.355,96.355,1
1773924000,96.355,96.355,96.355,96.355,17
1773924120,96.35,96.35,96.35,96.35,100
1773924420,96.355,96.355,96.355,96.355,56
1773924540,96.355,96.355,96.355,96.355,8
1773924600,96.355,96.355,96.355,96.355,57
1773924660,96.355,96.355,96.355,96.355,66
1773924780,96.355,96.355,96.355,96.355,5208
1773924840,96.355,96.355,96.355,96.355,8066
1773924900,96.355,96.355,96.355,96.355,10
1773924960,96.355,96.355,96.355,96.355,430
1773925020,96.355,96.355,96.355,96.355,22
1773925080,96.355,96.355,96.355,96.355,10
1773925200,96.355,96.355,96.355,96.355,3916
1773925260,96.355,96.355,96.355,96.355,906
1773925320,96.355,96.355,96.355,96.355,5
1773925380,96.355,96.355,96.355,96.355,4
1773925440,96.355,96.355,96.355,96.355,1375
1773925680,96.355,96.355,96.355,96.355,54
1773925800,96.355,96.355,96.355,96.355,7037
1773925860,96.355,96.355,96.355,96.355,790
1773925920,96.355,96.355,96.355,96.355,1
1773925980,96.355,96.355,96.355,96.355,20
1773926040,96.355,96.355,96.355,96.355,19
1773926220,96.355,96.355,96.355,96.355,248
1773926340,96.355,96.355,96.355,96.355,226
1773926400,96.355,96.355,96.355,96.355,7
1773926460,96.355,96.355,96.35,96.35,427
1773926520,96.355,96.355,96.355,96.355,5
1773926580,96.355,96.355,96.355,96.355,4
1773926640,96.355,96.355,96.355,96.355,1
1773926700,96.355,96.355,96.355,96.355,19
1773926760,96.355,96.355,96.355,96.355,10
1773926820,96.355,96.355,96.355,96.355,39
1773927000,96.355,96.355,96.355,96.355,112
1773927060,96.355,96.355,96.355,96.355,200
1773927120,96.355,96.355,96.355,96.355,153
1773927180,96.355,96.355,96.355,96.355,6
1773927300,96.355,96.355,96.355,96.355,600
1773927540,96.355,96.355,96.355,96.355,5310
1773927600,96.355,96.355,96.355,96.355,1386
1773927660,96.355,96.355,96.355,96.355,619
1773927720,96.355,96.355,96.355,96.355,171
1773927780,96.355,96.355,96.355,96.355,652
1773927960,96.355,96.355,96.355,96.355,1
1773928020,96.355,96.355,96.355,96.355,40
1773928080,96.355,96.355,96.355,96.355,25
1773928140,96.355,96.355,96.355,96.355,33
1773928320,96.355,96.355,96.355,96.355,4
1773928380,96.355,96.355,96.355,96.355,2
1773928440,96.355,96.355,96.355,96.355,9
1773928500,96.355,96.355,96.355,96.355,75
1773928560,96.355,96.355,96.355,96.355,16
1773928620,96.355,96.355,96.355,96.355,4
1773928740,96.355,96.355,96.355,96.355,2
1773928800,96.355,96.355,96.355,96.355,70
1773928860,96.355,96.355,96.355,96.355,2
1773928980,96.355,96.355,96.355,96.355,36
1773929040,96.355,96.355,96.355,96.355,142
1773929100,96.355,96.355,96.355,96.355,167
1773929160,96.355,96.355,96.355,96.355,10
1773929460,96.355,96.355,96.355,96.355,16
1773929520,96.355,96.355,96.355,96.355,154
1773929640,96.355,96.355,96.355,96.355,7
1773929700,96.355,96.355,96.355,96.355,9
1773929760,96.355,96.355,96.355,96.355,4500
1773929820,96.355,96.355,96.355,96.355,1020
1773929880,96.355,96.355,96.355,96.355,1922
1773929940,96.355,96.355,96.355,96.355,4
1773930000,96.355,96.355,96.355,96.355,1
1773930060,96.355,96.355,96.355,96.355,1331
1773930120,96.355,96.355,96.355,96.355,278
1773930180,96.355,96.355,96.355,96.355,17
1773930240,96.355,96.355,96.355,96.355,6
1773930360,96.355,96.355,96.355,96.355,11
1773930480,96.355,96.355,96.355,96.355,9
1773930660,96.355,96.355,96.355,96.355,1
1773930900,96.355,96.355,96.355,96.355,258
1773931140,96.355,96.355,96.355,96.355,20
1773932940,96.355,96.355,96.355,96.355,1
1773933900,96.355,96.355,96.355,96.355,1
1773934020,96.355,96.355,96.355,96.355,2
1773934080,96.355,96.355,96.355,96.355,1
1773934140,96.355,96.355,96.355,96.355,1
1773934200,96.355,96.355,96.355,96.355,1
1773934260,96.355,96.355,96.355,96.355,62
1773934320,96.355,96.355,96.355,96.355,3
1773934740,96.355,96.355,96.355,96.355,23
1773934980,96.355,96.355,96.355,96.355,19
1773935040,96.355,96.355,96.355,96.355,1251
1773935160,96.355,96.355,96.355,96.355,17
1773935400,96.355,96.355,96.355,96.355,111
1773935460,96.355,96.355,96.355,96.355,27
1773936000,96.355,96.355,96.355,96.355,318
1773936060,96.355,96.355,96.355,96.355,2
1773936180,96.355,96.355,96.355,96.355,12
1773936240,96.355,96.355,96.355,96.355,1
1773936600,96.355,96.355,96.355,96.355,4532
1773936660,96.355,96.355,96.355,96.355,484
1773936720,96.355,96.355,96.355,96.355,44
1773936780,96.355,96.355,96.355,96.355,1
1773937320,96.355,96.355,96.355,96.355,401
1773937440,96.355,96.355,96.355,96.355,5
1773937500,96.355,96.355,96.355,96.355,1
1773937920,96.355,96.355,96.355,96.355,216
1773938040,96.355,96.355,96.355,96.355,38
1773938100,96.355,96.355,96.355,96.355,10
1773938820,96.355,96.355,96.355,96.355,12
1773938880,96.355,96.355,96.355,96.355,5
1773939000,96.355,96.355,96.355,96.355,6
1773939120,96.355,96.355,96.355,96.355,6
1773939240,96.355,96.355,96.355,96.355,6
1773939300,96.355,96.355,96.355,96.355,3
1773939420,96.355,96.355,96.355,96.355,12
1773939720,96.355,96.355,96.355,96.355,15
1773939900,96.355,96.355,96.355,96.355,25
1773939960,96.355,96.355,96.355,96.355,5
1773940320,96.355,96.355,96.355,96.355,118
1773940500,96.355,96.355,96.355,96.355,46
1773940920,96.355,96.355,96.355,96.355,6
1773941040,96.355,96.355,96.355,96.355,6
1773941100,96.355,96.355,96.355,96.355,1
1773941640,96.355,96.355,96.355,96.355,12
1773941880,96.355,96.355,96.355,96.355,18
1773941940,96.355,96.355,96.355,96.355,55
1773942180,96.355,96.355,96.355,96.355,61
1773942960,96.355,96.355,96.355,96.355,4216
1773943500,96.35,96.35,96.35,96.35,1
1773943620,96.355,96.355,96.355,96.355,1725
1773943680,96.355,96.355,96.355,96.355,313
1773943740,96.355,96.355,96.355,96.355,7
1773943800,96.355,96.355,96.355,96.355,110
1773943980,96.355,96.355,96.355,96.355,1
1773944340,96.355,96.355,96.355,96.355,31
1773944400,96.355,96.355,96.355,96.355,358
1773944460,96.355,96.355,96.355,96.355,63
1773944520,96.355,96.355,96.355,96.355,21
1773944580,96.355,96.355,96.355,96.355,90
1773944640,96.355,96.355,96.355,96.355,1
1773944700,96.355,96.355,96.355,96.355,68
1773944760,96.355,96.355,96.355,96.355,6
1773944940,96.355,96.355,96.355,96.355,1
1773945060,96.355,96.355,96.355,96.355,6
1773945240,96.355,96.355,96.355,96.355,443
1773947040,96.355,96.355,96.355,96.355,282
1773947220,96.355,96.355,96.355,96.355,29
1773947400,96.355,96.355,96.355,96.355,15
1773947460,96.355,96.355,96.355,96.355,2
1773947700,96.355,96.355,96.355,96.355,2
1773947760,96.355,96.355,96.355,96.355,50
1773948120,96.355,96.355,96.355,96.355,22
1773948360,96.36,96.36,96.36,96.36,2
1773948420,96.355,96.355,96.355,96.355,18
1773948480,96.355,96.355,96.355,96.355,5
1773948840,96.355,96.355,96.355,96.355,336
1773950460,96.355,96.355,96.355,96.355,2
1773951900,96.355,96.355,96.355,96.355,109
1773952620,96.355,96.355,96.355,96.355,7
1773953700,96.355,96.355,96.355,96.355,8
1773953820,96.355,96.355,96.355,96.355,58
1773953880,96.355,96.355,96.355,96.355,5
1773953940,96.355,96.355,96.355,96.355,47
1773957600,96.355,96.355,96.355,96.355,85
1773963600,96.355,96.355,96.355,96.355,81
1773967080,96.355,96.355,96.355,96.355,1
1773967320,96.355,96.355,96.355,96.355,4
1773981540,96.355,96.355,96.355,96.355,48
1773981900,96.355,96.355,96.355,96.355,127
1773982020,96.355,96.355,96.355,96.355,200
1773982140,96.355,96.355,96.355,96.355,200
1773983280,96.355,96.355,96.355,96.355,2
1773984300,96.355,96.355,96.355,96.355,10
1773990120,96.355,96.355,96.355,96.355,1492
1773990180,96.355,96.355,96.355,96.355,221
1773990240,96.355,96.355,96.355,96.355,197
1773992220,96.355,96.355,96.355,96.355,1
1773994080,96.355,96.355,96.355,96.355,4
1773994860,96.355,96.355,96.355,96.355,2
1773996360,96.355,96.355,96.355,96.355,3
1773997500,96.355,96.355,96.355,96.355,105
1773997560,96.355,96.355,96.355,96.355,2
1773997680,96.355,96.355,96.355,96.355,5
1773998400,96.355,96.355,96.355,96.355,60
1773998640,96.355,96.355,96.355,96.355,7
1773998760,96.355,96.355,96.355,96.355,4
1773998940,96.355,96.355,96.355,96.355,335
1773999600,96.355,96.355,96.355,96.355,3
1774000140,96.355,96.355,96.355,96.355,18
1774000200,96.355,96.355,96.355,96.355,4822
1774000260,96.355,96.355,96.355,96.355,60
1774000380,96.355,96.355,96.355,96.355,202
1774000440,96.355,96.355,96.355,96.355,200
1774000500,96.355,96.355,96.355,96.355,662
1774000620,96.355,96.355,96.355,96.355,1367
1774000920,96.355,96.355,96.355,96.355,1
1774001340,96.355,96.355,96.355,96.355,15
1774001460,96.355,96.355,96.355,96.355,1
1774001580,96.355,96.355,96.355,96.355,44
1774001700,96.355,96.355,96.355,96.355,2
1774001760,96.35,96.35,96.35,96.35,5
1774001880,96.35,96.35,96.35,96.35,5
1774002120,96.355,96.355,96.355,96.355,1
1774002180,96.355,96.355,96.355,96.355,5
1774002360,96.355,96.355,96.355,96.355,7
1774002540,96.355,96.355,96.355,96.355,9
1774003140,96.355,96.355,96.355,96.355,17
1774003320,96.355,96.355,96.355,96.355,124
1774003620,96.355,96.355,96.355,96.355,401
1774004700,96.355,96.355,96.355,96.355,1
1774005480,96.355,96.355,96.355,96.355,300
1774005660,96.355,96.355,96.355,96.355,1
1774007880,96.355,96.355,96.355,96.355,13
1774007940,96.35,96.35,96.35,96.35,165
1774008420,96.355,96.355,96.355,96.355,55
1774009140,96.355,96.355,96.355,96.355,18
1774009500,96.35,96.35,96.35,96.35,5000
1774009680,96.355,96.355,96.355,96.355,8
1774009740,96.355,96.355,96.355,96.355,1
1774009860,96.355,96.355,96.355,96.355,47
1774010040,96.35,96.35,96.35,96.35,5543
1774010220,96.35,96.35,96.35,96.35,358
1774010280,96.35,96.35,96.35,96.35,37
1774010340,96.355,96.355,96.355,96.355,328
1774011180,96.35,96.35,96.35,96.35,5150
1774011240,96.35,96.35,96.35,96.35,8801
1774011300,96.35,96.35,96.35,96.35,975
1774011360,96.35,96.35,96.35,96.35,68
1774011420,96.35,96.35,96.35,96.35,40
1774011540,96.35,96.35,96.35,96.35,135
1774011600,96.35,96.35,96.35,96.35,15
1774011660,96.35,96.35,96.35,96.35,384
1774011720,96.35,96.35,96.35,96.35,20
1774011780,96.35,96.35,96.35,96.35,2
1774011840,96.35,96.35,96.35,96.35,51
1774011900,96.35,96.35,96.35,96.35,1
1774012140,96.35,96.35,96.35,96.35,1025
1774012200,96.35,96.35,96.35,96.35,2031
1774012260,96.35,96.35,96.35,96.35,2
1774012320,96.35,96.35,96.35,96.35,613
1774012380,96.35,96.35,96.35,96.35,56
1774012500,96.35,96.35,96.35,96.35,1018
1774012620,96.35,96.35,96.35,96.35,11
1774012680,96.35,96.35,96.35,96.35,158
1774012740,96.35,96.35,96.35,96.35,5
1774012920,96.35,96.35,96.35,96.35,150
1774013220,96.35,96.35,96.35,96.35,1
1774013280,96.35,96.35,96.35,96.35,1
1774013340,96.35,96.35,96.35,96.35,50
1774013520,96.35,96.35,96.35,96.35,3270
1774013700,96.35,96.35,96.35,96.35,10
1774013880,96.35,96.35,96.35,96.35,1207
1774014000,96.35,96.35,96.35,96.35,5
1774014060,96.35,96.35,96.35,96.35,11
1774014180,96.35,96.35,96.35,96.35,33
1774014300,96.35,96.35,96.35,96.35,4640
1774014420,96.35,96.35,96.35,96.35,100
1774014480,96.35,96.35,96.35,96.35,1
1774014600,96.35,96.35,96.35,96.35,31
1774014660,96.35,96.35,96.345,96.345,27
1774014780,96.35,96.35,96.35,96.35,30
1774014840,96.345,96.345,96.345,96.345,5
1774014900,96.35,96.35,96.35,96.35,4
1774015080,96.35,96.35,96.35,96.35,6
1774015140,96.35,96.35,96.35,96.35,713
1774015260,96.35,96.35,96.35,96.35,9
1774015320,96.35,96.35,96.35,96.35,24
1774015440,96.35,96.35,96.345,96.35,4
1774015500,96.35,96.35,96.35,96.35,4
1774015560,96.345,96.345,96.345,96.345,6
1774015920,96.35,96.35,96.35,96.35,150
1774016220,96.35,96.35,96.35,96.35,1
1774016280,96.35,96.35,96.345,96.35,10
1774016640,96.35,96.35,96.35,96.35,1579
1774017240,96.345,96.345,96.345,96.345,150
1774017420,96.35,96.35,96.35,96.35,11
1774017600,96.35,96.35,96.35,96.35,10
1774017660,96.35,96.35,96.35,96.35,9
1774017960,96.35,96.35,96.35,96.35,4
1774018380,96.35,96.35,96.35,96.35,250
1774018560,96.345,96.345,96.345,96.345,4
1774019100,96.345,96.345,96.345,96.345,720
1774020000,96.35,96.35,96.35,96.35,1
1774020060,96.35,96.35,96.35,96.35,26
1774020240,96.35,96.35,96.35,96.35,2
1774020300,96.35,96.35,96.35,96.35,2
1774020360,96.35,96.35,96.35,96.35,1
1774020420,96.345,96.35,96.345,96.35,35
1774020600,96.345,96.345,96.345,96.345,9
1774020720,96.345,96.345,96.345,96.345,1
1774020780,96.35,96.35,96.345,96.345,202
1774020840,96.35,96.35,96.35,96.35,336
1774021020,96.35,96.35,96.35,96.35,1
1774021080,96.35,96.35,96.35,96.35,4
1774021140,96.35,96.35,96.35,96.35,1
1774021200,96.35,96.35,96.35,96.35,107
1774021260,96.35,96.35,96.35,96.35,4
1774021320,96.35,96.35,96.35,96.35,1
1774021380,96.35,96.35,96.35,96.35,3
1774021680,96.35,96.35,96.35,96.35,43
1774021740,96.35,96.35,96.35,96.35,9
1774021860,96.35,96.35,96.35,96.35,73
1774021920,96.35,96.35,96.35,96.35,509
1774021980,96.35,96.35,96.35,96.35,1
1774022160,96.35,96.35,96.35,96.35,7
1774022280,96.35,96.35,96.35,96.35,6
1774022340,96.35,96.35,96.35,96.35,287
1774022400,96.35,96.35,96.35,96.35,422
1774023300,96.35,96.35,96.35,96.35,13
1774023480,96.35,96.35,96.35,96.35,2
1774023540,96.35,96.35,96.35,96.35,20
1774023660,96.35,96.35,96.35,96.35,15
1774023840,96.35,96.35,96.35,96.35,202
1774023960,96.35,96.35,96.35,96.35,275
1774024020,96.35,96.35,96.35,96.35,110
1774025160,96.345,96.345,96.345,96.345,10
1774025460,96.35,96.35,96.35,96.35,19
1774026240,96.35,96.35,96.35,96.35,766
1774026300,96.35,96.35,96.35,96.35,221
1774026480,96.35,96.35,96.35,96.35,1
1774028220,96.35,96.35,96.35,96.35,3
1774028280,96.35,96.35,96.35,96.35,1
1774030860,96.35,96.35,96.35,96.35,41
1774030980,96.35,96.35,96.35,96.35,25
1774031040,96.35,96.35,96.35,96.35,35
1774031280,96.35,96.35,96.35,96.35,5
1774032120,96.35,96.35,96.35,96.35,27
1774032360,96.345,96.345,96.345,96.345,20
1774032720,96.345,96.345,96.345,96.345,22
1774033140,96.35,96.35,96.345,96.35,3
1774033200,96.345,96.345,96.345,96.345,3
1774033260,96.345,96.345,96.345,96.345,1
1774033320,96.345,96.345,96.345,96.345,1
1774033800,96.345,96.345,96.345,96.345,1
1774034760,96.345,96.345,96.345,96.345,350
1774034940,96.35,96.35,96.35,96.35,1
1774035060,96.345,96.345,96.345,96.345,8
1774035180,96.345,96.345,96.345,96.345,34
1774035780,96.345,96.345,96.345,96.345,1
1774036020,96.345,96.345,96.345,96.345,2
1774036080,96.345,96.345,96.345,96.345,255
1774036200,96.35,96.35,96.35,96.35,141
1774036680,96.35,96.35,96.35,96.35,21
1774037220,96.35,96.35,96.35,96.35,40
1774037340,96.345,96.345,96.345,96.345,1
1774037400,96.35,96.35,96.35,96.35,994
1774037700,96.345,96.345,96.345,96.345,2
1774037940,96.35,96.35,96.35,96.35,156
1774038480,96.35,96.35,96.35,96.35,1
1774038600,96.35,96.35,96.35,96.35,100
1774039260,96.35,96.35,96.35,96.35,500
1774039320,96.345,96.345,96.345,96.345,284
1774039500,96.345,96.345,96.345,96.345,587
1774039560,96.35,96.35,96.35,96.35,17
1774039800,96.345,96.35,96.345,96.35,326
1774039920,96.35,96.35,96.35,96.35,12
1774040040,96.35,96.35,96.35,96.35,11
1774040100,96.35,96.35,96.35,96.35,36
1774040160,96.345,96.345,96.345,96.345,97
1774040220,96.345,96.345,96.345,96.345,4
1774040280,96.345,96.345,96.345,96.345,7
1774040340,96.35,96.35,96.345,96.345,4
1774216800,96.34,96.34,96.335,96.34,2748
1774216860,96.34,96.345,96.34,96.345,14
1774216920,96.345,96.345,96.345,96.345,1
1774216980,96.345,96.345,96.345,96.345,21
1774217040,96.345,96.345,96.345,96.345,3
1774217100,96.345,96.345,96.345,96.345,625
1774217160,96.345,96.345,96.34,96.345,233
1774217340,96.345,96.345,96.345,96.345,100
1774217400,96.345,96.345,96.345,96.345,1235
1774217460,96.345,96.345,96.345,96.345,336
1774217580,96.345,96.345,96.345,96.345,103
1774217760,96.345,96.345,96.345,96.345,9
1774217880,96.345,96.345,96.345,96.345,344
1774223460,96.345,96.345,96.345,96.345,5
1774229940,96.345,96.345,96.345,96.345,23
1774233180,96.35,96.35,96.35,96.35,3
1774233360,96.35,96.35,96.35,96.35,10
1774233420,96.345,96.345,96.345,96.345,7
1774237080,96.345,96.345,96.345,96.345,6
1774238640,96.345,96.345,96.345,96.345,12
1774238820,96.345,96.345,96.345,96.345,1
1774241640,96.345,96.345,96.345,96.345,97
1774242960,96.345,96.345,96.345,96.345,1
1774244580,96.345,96.345,96.345,96.345,3
1774244880,96.345,96.345,96.345,96.345,1
1774246080,96.345,96.345,96.345,96.345,500
1774246380,96.345,96.345,96.345,96.345,500
1774246440,96.345,96.345,96.345,96.345,2
1774246500,96.345,96.345,96.345,96.345,193
1774246560,96.345,96.345,96.345,96.345,5
1774246800,96.345,96.345,96.345,96.345,2
1774246860,96.35,96.35,96.35,96.35,3
1774247040,96.345,96.345,96.345,96.345,1
1774247100,96.345,96.345,96.345,96.345,5
1774247160,96.345,96.345,96.345,96.345,9
1774247520,96.345,96.345,96.345,96.345,16
1774247580,96.345,96.345,96.345,96.345,2
1774248180,96.345,96.345,96.345,96.345,1
1774248540,96.345,96.345,96.345,96.345,8
1774248780,96.345,96.345,96.345,96.345,1
1774249140,96.345,96.345,96.345,96.345,3
1774249680,96.345,96.345,96.345,96.345,4
1774250520,96.345,96.345,96.345,96.345,1
1774250640,96.345,96.345,96.345,96.345,6
1774250760,96.345,96.345,96.345,96.345,2
1774250940,96.345,96.345,96.345,96.345,7
1774251060,96.345,96.345,96.345,96.345,5
1774251120,96.345,96.345,96.345,96.345,13
1774251180,96.345,96.345,96.345,96.345,26
1774251300,96.345,96.345,96.345,96.345,2
1774251480,96.345,96.345,96.345,96.345,1
1774252200,96.345,96.345,96.345,96.345,8
1774252320,96.345,96.345,96.345,96.345,5
1774252440,96.345,96.345,96.345,96.345,25
1774252560,96.345,96.345,96.345,96.345,100
1774254540,96.35,96.35,96.35,96.35,7
1774254780,96.345,96.345,96.345,96.345,24
1774255380,96.35,96.35,96.35,96.35,3
1774255800,96.345,96.345,96.345,96.345,200
1774256280,96.345,96.345,96.345,96.345,1
1774256340,96.345,96.345,96.345,96.345,480
1774259160,96.345,96.345,96.345,96.345,573
1774259220,96.345,96.345,96.345,96.345,50
1774262280,96.345,96.345,96.345,96.345,23
1774262340,96.345,96.345,96.345,96.345,5
1774262580,96.345,96.345,96.345,96.345,11
1774262940,96.345,96.345,96.345,96.345,4
1774263000,96.345,96.345,96.345,96.345,16
1774263060,96.345,96.345,96.345,96.345,6
1774263780,96.345,96.345,96.345,96.345,50
1774263900,96.345,96.35,96.345,96.35,6
1774263960,96.35,96.355,96.35,96.35,10916
1774264020,96.35,96.35,96.35,96.35,49
1774264080,96.35,96.355,96.35,96.35,22
1774264140,96.35,96.35,96.35,96.35,9
1774264200,96.35,96.35,96.35,96.35,560
1774264260,96.355,96.355,96.355,96.355,89
1774264320,96.35,96.35,96.35,96.35,12
1774264440,96.355,96.355,96.35,96.35,126
1774264500,96.35,96.35,96.35,96.35,5
1774264560,96.35,96.35,96.35,96.35,4862
1774264620,96.35,96.35,96.35,96.35,20
1774264680,96.35,96.35,96.35,96.35,3777
1774264740,96.35,96.35,96.35,96.35,1300
1774264800,96.35,96.35,96.35,96.35,437
1774264860,96.35,96.35,96.35,96.35,424
1774264920,96.35,96.35,96.35,96.35,887
1774264980,96.35,96.35,96.35,96.35,19
1774265040,96.35,96.35,96.35,96.35,89
1774265160,96.35,96.35,96.35,96.35,15
1774265220,96.35,96.35,96.35,96.35,32
1774265280,96.35,96.35,96.35,96.35,734
1774265460,96.35,96.35,96.35,96.35,568
1774265520,96.35,96.35,96.35,96.35,207
1774265580,96.355,96.355,96.355,96.355,1
1774265700,96.355,96.355,96.355,96.355,12
1774265880,96.355,96.355,96.355,96.355,1
1774265940,96.355,96.355,96.355,96.355,2
1774266120,96.355,96.355,96.355,96.355,2
1774266180,96.355,96.355,96.355,96.355,1
1774266240,96.355,96.355,96.355,96.355,2
1774266360,96.355,96.355,96.355,96.355,1
1774266420,96.35,96.35,96.35,96.35,8737
1774266480,96.35,96.35,96.35,96.35,4
1774266600,96.35,96.35,96.35,96.35,152
1774266660,96.35,96.35,96.35,96.35,1111
1774266720,96.35,96.35,96.35,96.35,24
1774266780,96.35,96.35,96.35,96.35,65
1774266840,96.35,96.35,96.35,96.35,32
1774266900,96.35,96.35,96.35,96.35,830
1774266960,96.35,96.35,96.35,96.35,1
1774267200,96.35,96.35,96.35,96.35,5
1774267620,96.35,96.35,96.35,96.35,50
1774267860,96.35,96.35,96.35,96.35,266
1774268220,96.35,96.35,96.35,96.35,25
1774268280,96.35,96.35,96.35,96.35,1
1774268700,96.35,96.35,96.35,96.35,1
1774269180,96.35,96.35,96.35,96.35,124
1774269420,96.35,96.35,96.35,96.35,1
1774269660,96.35,96.35,96.35,96.35,15
1774270680,96.355,96.355,96.355,96.355,9
1774271100,96.355,96.355,96.355,96.355,1
1774271340,96.35,96.35,96.35,96.35,300
1774271580,96.355,96.355,96.355,96.355,13
1774271820,96.355,96.355,96.355,96.355,2
1774271880,96.35,96.35,96.35,96.35,3
1774272180,96.355,96.355,96.355,96.355,1
1774272300,96.355,96.355,96.355,96.355,111
1774272360,96.35,96.35,96.35,96.35,10
1774272480,96.355,96.355,96.355,96.355,20
1774272840,96.355,96.355,96.355,96.355,1
1774273260,96.355,96.355,96.355,96.355,4
1774273860,96.35,96.35,96.35,96.35,48
1774274100,96.35,96.35,96.35,96.35,50
1774274280,96.355,96.355,96.355,96.355,3
1774275120,96.35,96.35,96.35,96.35,113
1774275900,96.355,96.355,96.355,96.355,2
1774275960,96.355,96.355,96.355,96.355,7
1774276020,96.355,96.355,96.355,96.355,100
1774276320,96.355,96.355,96.355,96.355,25
1774276860,96.35,96.35,96.35,96.35,1
1774276920,96.35,96.35,96.35,96.35,2
1774277820,96.355,96.355,96.355,96.355,1
1774278720,96.355,96.355,96.355,96.355,4
1774278900,96.355,96.355,96.355,96.355,2
1774279500,96.355,96.355,96.355,96.355,22
1774279560,96.35,96.35,96.35,96.35,26
1774279860,96.355,96.355,96.355,96.355,18
1774280580,96.35,96.35,96.35,96.35,6
1774280700,96.355,96.355,96.355,96.355,300
1774281420,96.35,96.35,96.35,96.35,10
1774281480,96.35,96.35,96.35,96.35,2
1774281840,96.35,96.35,96.35,96.35,1
1774282020,96.35,96.35,96.35,96.35,7
1774282440,96.35,96.35,96.35,96.35,221
1774282500,96.35,96.35,96.35,96.35,5
1774282560,96.35,96.35,96.35,96.35,6
1774282620,96.35,96.35,96.35,96.35,31
1774282740,96.35,96.35,96.35,96.35,9
1774282800,96.35,96.35,96.35,96.35,4
1774282920,96.35,96.35,96.35,96.35,54
1774283040,96.35,96.35,96.35,96.35,7353
1774283100,96.35,96.35,96.35,96.35,5777
1774283700,96.35,96.35,96.35,96.35,117
1774284420,96.35,96.35,96.35,96.35,1553
1774284540,96.35,96.35,96.35,96.35,31
1774284600,96.35,96.35,96.35,96.35,12
1774284660,96.35,96.35,96.35,96.35,18
1774284780,96.35,96.35,96.35,96.35,15
1774284840,96.35,96.35,96.35,96.35,18
1774284900,96.35,96.35,96.35,96.35,2
1774285080,96.35,96.35,96.35,96.35,3
1774285200,96.35,96.35,96.35,96.35,8
1774285440,96.35,96.35,96.35,96.35,2
1774285560,96.35,96.35,96.35,96.35,57
1774285800,96.35,96.35,96.35,96.35,1
1774285860,96.35,96.35,96.35,96.35,5
1774285980,96.35,96.35,96.35,96.35,3
1774286460,96.35,96.35,96.35,96.35,1
1774286520,96.35,96.35,96.35,96.35,6
1774286580,96.35,96.35,96.35,96.35,9
1774287120,96.35,96.35,96.35,96.35,15
1774287420,96.35,96.35,96.35,96.35,8
1774288680,96.35,96.35,96.35,96.35,4055
1774289220,96.35,96.35,96.35,96.35,247
1774289280,96.35,96.35,96.35,96.35,605
1774289400,96.35,96.35,96.35,96.35,6
1774289460,96.35,96.35,96.35,96.35,4
1774291500,96.35,96.35,96.35,96.35,44
1774291800,96.35,96.35,96.35,96.35,90
1774292340,96.35,96.35,96.35,96.35,1
1774294080,96.35,96.35,96.35,96.35,98
1774294140,96.35,96.35,96.35,96.35,62
1774294740,96.35,96.35,96.35,96.35,15
1774295700,96.355,96.355,96.355,96.355,1
1774297260,96.35,96.35,96.35,96.35,9
1774298460,96.355,96.355,96.355,96.355,3
1774299360,96.35,96.35,96.35,96.35,60
1774299480,96.35,96.35,96.35,96.35,5
1774303500,96.35,96.35,96.35,96.35,1
1774304700,96.35,96.35,96.35,96.35,6
1774305120,96.35,96.35,96.35,96.35,17
1774312680,96.35,96.35,96.35,96.35,4017
1774312740,96.35,96.35,96.35,96.35,161
1774312800,96.35,96.35,96.35,96.35,32
1774312860,96.35,96.35,96.35,96.35,124
1774314060,96.355,96.355,96.355,96.355,1
1774315200,96.35,96.35,96.35,96.35,103
1774317000,96.355,96.355,96.355,96.355,26
1774317120,96.35,96.35,96.35,96.35,47
1774317540,96.35,96.35,96.35,96.35,17
1774319340,96.355,96.355,96.355,96.355,13
1774321140,96.355,96.355,96.355,96.355,13
1774322940,96.355,96.355,96.355,96.355,26
1774324740,96.355,96.355,96.355,96.355,26
1774326540,96.355,96.355,96.355,96.355,26
1774336500,96.35,96.35,96.35,96.35,40
1774336980,96.35,96.35,96.35,96.35,75
1774337100,96.35,96.35,96.35,96.35,380
1774338300,96.35,96.35,96.35,96.35,372
1774338360,96.35,96.35,96.35,96.35,254
1774338660,96.35,96.35,96.35,96.35,81
1774338900,96.355,96.355,96.355,96.355,26
1774339200,96.35,96.35,96.35,96.35,8
1774339260,96.35,96.35,96.35,96.35,23
1774340220,96.35,96.35,96.35,96.35,480
1774340340,96.35,96.35,96.35,96.35,10
1774342020,96.355,96.355,96.355,96.355,26
1774343820,96.355,96.355,96.355,96.355,26
1774345620,96.355,96.355,96.355,96.355,26
1774347420,96.355,96.355,96.355,96.355,26
1774348800,96.35,96.35,96.35,96.35,18
1774349160,96.35,96.35,96.35,96.35,3
1774349220,96.355,96.355,96.355,96.355,26
1774349280,96.35,96.35,96.35,96.35,6
1774349340,96.35,96.35,96.35,96.35,2
1774350000,96.35,96.35,96.35,96.35,1
1774350060,96.35,96.35,96.35,96.35,1
1774350240,96.35,96.35,96.35,96.35,1
1774351020,96.355,96.355,96.355,96.355,26
1774351560,96.35,96.35,96.35,96.35,1
1774351620,96.35,96.35,96.35,96.35,1
1774351860,96.35,96.35,96.35,96.35,17
1774352820,96.355,96.355,96.355,96.355,26
1774353120,96.35,96.35,96.35,96.35,1
1774353240,96.35,96.35,96.35,96.35,1
1774353660,96.35,96.35,96.35,96.35,1
1774354620,96.355,96.355,96.355,96.355,26
1774355400,96.35,96.35,96.35,96.35,1
1774356420,96.355,96.355,96.355,96.355,26
1774356900,96.35,96.35,96.35,96.35,1000
1774358700,96.355,96.355,96.355,96.355,26
1774358940,96.35,96.35,96.35,96.35,2
1774359180,96.35,96.35,96.35,96.35,14088
1774359300,96.35,96.35,96.35,96.35,1000
1774359420,96.35,96.35,96.35,96.35,10
1774359480,96.35,96.35,96.35,96.35,27
1774360020,96.355,96.355,96.355,96.355,200
1774360500,96.35,96.35,96.35,96.35,2
1774360680,96.35,96.35,96.35,96.35,150
1774361100,96.355,96.355,96.355,96.355,21
1774361820,96.35,96.35,96.35,96.35,1200
1774361940,96.35,96.35,96.35,96.35,4
1774364040,96.355,96.355,96.355,96.355,7536
1774364280,96.355,96.355,96.355,96.355,2561
1774365120,96.355,96.355,96.355,96.355,100
1774367700,96.35,96.35,96.35,96.35,1
1774367760,96.35,96.35,96.35,96.35,50
1774367820,96.35,96.35,96.35,96.35,40
1774368000,96.35,96.35,96.35,96.35,12
1774368360,96.35,96.35,96.35,96.35,1000
1774370940,96.355,96.355,96.355,96.355,1
1774371540,96.35,96.35,96.35,96.35,3
1774371600,96.35,96.35,96.35,96.35,3
1774371720,96.35,96.35,96.35,96.35,11
1774371780,96.35,96.35,96.35,96.35,10
1774371900,96.35,96.35,96.35,96.35,217
1774372080,96.35,96.35,96.35,96.35,1000
1774372140,96.35,96.35,96.35,96.35,10
1774372320,96.35,96.35,96.35,96.35,10
1774372560,96.35,96.35,96.35,96.35,1
1774372620,96.35,96.35,96.35,96.35,1100
1774373160,96.35,96.35,96.35,96.35,65
1774373220,96.35,96.35,96.35,96.35,1
1774373340,96.35,96.35,96.35,96.35,1
1774373520,96.35,96.35,96.35,96.35,1
1774373940,96.35,96.35,96.35,96.35,4
1774374000,96.35,96.35,96.35,96.35,1
1774374540,96.35,96.35,96.35,96.35,1
1774374720,96.35,96.35,96.35,96.35,3
1774374900,96.35,96.35,96.35,96.35,44
1774375560,96.35,96.35,96.35,96.35,5
1774375620,96.35,96.35,96.35,96.35,15
1774375800,96.35,96.35,96.35,96.35,5
1774376700,96.35,96.35,96.35,96.35,3
1774376820,96.35,96.35,96.35,96.35,61
1774378680,96.35,96.35,96.35,96.35,4
1774378740,96.355,96.355,96.355,96.355,7
1774379100,96.355,96.355,96.355,96.355,438
1774380180,96.35,96.35,96.35,96.35,4
1774381500,96.355,96.355,96.355,96.355,73
1774382940,96.355,96.355,96.355,96.355,26
1774383300,96.355,96.355,96.355,96.355,7
1774383360,96.355,96.355,96.355,96.355,65
1774384500,96.355,96.355,96.355,96.355,7
1774384560,96.355,96.355,96.355,96.355,2
1774385160,96.355,96.355,96.355,96.355,2
1774385700,96.355,96.355,96.355,96.355,7
1774385880,96.35,96.35,96.35,96.35,5
1774385940,96.355,96.355,96.355,96.355,15
1774389780,96.355,96.355,96.355,96.355,40
1774392300,96.35,96.35,96.35,96.35,14
1774398240,96.355,96.355,96.355,96.355,32
1774425120,96.355,96.355,96.355,96.355,3
1774434540,96.35,96.35,96.35,96.35,1
1774441860,96.35,96.35,96.35,96.35,100
1774443660,96.355,96.355,96.355,96.355,2000
1774443720,96.35,96.35,96.35,96.35,49
1774443900,96.35,96.35,96.35,96.35,18
1774444800,96.355,96.355,96.355,96.355,186
1774444860,96.355,96.355,96.355,96.355,24
1774445400,96.35,96.35,96.35,96.35,1
1774447500,96.355,96.355,96.355,96.355,32
1774447740,96.355,96.355,96.355,96.355,186
1774451400,96.35,96.35,96.35,96.35,3
1774452780,96.35,96.35,96.35,96.35,23
1774452840,96.35,96.35,96.35,96.35,15
1774453740,96.355,96.355,96.355,96.355,186
1774454760,96.35,96.35,96.35,96.35,1
1774456920,96.355,96.355,96.355,96.355,2
1774457220,96.35,96.35,96.35,96.35,61
1774458720,96.355,96.355,96.355,96.355,200
1774462380,96.355,96.355,96.355,96.355,23
1774465140,96.35,96.35,96.35,96.35,2
1774467480,96.35,96.35,96.35,96.35,10
1774467780,96.35,96.35,96.35,96.35,54
1774467960,96.35,96.35,96.35,96.35,4
1774468860,96.35,96.35,96.35,96.35,93
1774468920,96.35,96.35,96.35,96.35,100
1774469100,96.35,96.35,96.35,96.35,100
1774469220,96.35,96.355,96.35,96.355,6
1774471020,96.355,96.355,96.355,96.355,9
1774472040,96.35,96.35,96.35,96.35,3
1774472160,96.35,96.35,96.35,96.35,1
1774482060,96.35,96.35,96.35,96.35,1
1774502760,96.35,96.35,96.35,96.35,500
1774507320,96.35,96.35,96.35,96.35,7
1774507380,96.35,96.35,96.35,96.35,7
1774508760,96.35,96.35,96.35,96.35,5
1774518060,96.355,96.355,96.355,96.355,1
1774520940,96.35,96.35,96.35,96.35,1
1774521600,96.35,96.35,96.35,96.35,1
1774525260,96.355,96.355,96.355,96.355,3
1774528080,96.35,96.35,96.35,96.35,3137
1774528320,96.35,96.35,96.35,96.35,1
1774528500,96.35,96.35,96.35,96.35,2
1774528620,96.35,96.35,96.35,96.35,2
1774528800,96.35,96.35,96.35,96.35,2
1774529280,96.35,96.35,96.35,96.35,41
1774530060,96.35,96.35,96.35,96.35,14
1774530960,96.355,96.355,96.355,96.355,3
1774531320,96.355,96.355,96.355,96.355,59
1774533060,96.355,96.355,96.355,96.355,94
1774534320,96.355,96.355,96.355,96.355,7
1774534920,96.355,96.355,96.355,96.355,1
1774536120,96.355,96.355,96.355,96.355,46
1774536180,96.355,96.355,96.355,96.355,46
1774536600,96.355,96.355,96.355,96.355,27
1774537080,96.355,96.355,96.355,96.355,27
1774537440,96.35,96.35,96.35,96.35,1
1774537560,96.355,96.355,96.355,96.355,21
1774537980,96.355,96.355,96.355,96.355,25
1774538400,96.355,96.355,96.355,96.355,4
1774538460,96.355,96.355,96.355,96.355,23
1774538880,96.355,96.355,96.355,96.355,3
1774538940,96.355,96.355,96.355,96.355,22
1774539300,96.355,96.355,96.355,96.355,5
1774539420,96.355,96.355,96.355,96.355,36
1774539780,96.355,96.355,96.355,96.355,7
1774539840,96.355,96.355,96.355,96.355,37
1774540020,96.355,96.355,96.355,96.355,714
1774540080,96.355,96.355,96.355,96.355,413
1774540140,96.355,96.355,96.355,96.355,3
1774540200,96.355,96.355,96.355,96.355,7
1774540260,96.355,96.355,96.355,96.355,1006
1774540320,96.355,96.355,96.355,96.355,42
1774540500,96.355,96.355,96.355,96.355,1
1774540620,96.355,96.355,96.355,96.355,15
1774540800,96.355,96.355,96.355,96.355,57
1774541100,96.355,96.355,96.355,96.355,6
1774541220,96.355,96.355,96.355,96.355,36
1774541280,96.355,96.355,96.355,96.355,1
1774541340,96.355,96.355,96.355,96.355,24
1774541580,96.355,96.355,96.355,96.355,6
1774541640,96.355,96.355,96.355,96.355,54
1774541700,96.355,96.355,96.355,96.355,40
1774541760,96.355,96.355,96.355,96.355,2
1774541820,96.355,96.355,96.355,96.355,2
1774542000,96.355,96.355,96.355,96.355,5
1774542180,96.355,96.355,96.35,96.35,37
1774542240,96.355,96.355,96.355,96.355,1
1774542300,96.355,96.355,96.355,96.355,66
1774542420,96.355,96.355,96.355,96.355,18
1774542480,96.355,96.355,96.355,96.355,7
1774542540,96.355,96.355,96.355,96.355,2
1774542660,96.355,96.355,96.355,96.355,33
1774542720,96.355,96.355,96.355,96.355,2
1774542780,96.355,96.355,96.355,96.355,2
1774542900,96.355,96.355,96.355,96.355,5
1774543020,96.355,96.355,96.355,96.355,25
1774543080,96.355,96.355,96.355,96.355,56
1774543140,96.355,96.355,96.355,96.355,50
1774543200,96.355,96.355,96.355,96.355,26
1774543260,96.355,96.355,96.355,96.355,11
1774543380,96.355,96.355,96.355,96.355,5
1774543500,96.355,96.355,96.355,96.355,6
1774543560,96.355,96.355,96.355,96.355,36
1774543800,96.355,96.355,96.355,96.355,5
1774544040,96.355,96.355,96.355,96.355,33
1774544220,96.355,96.355,96.355,96.355,28
1774544280,96.355,96.355,96.355,96.355,5
1774544460,96.355,96.355,96.355,96.355,34
1774544700,96.355,96.355,96.355,96.355,5
1774544760,96.355,96.355,96.355,96.355,115
1774544940,96.355,96.355,96.355,96.355,32
1774545120,96.355,96.355,96.355,96.355,6
1774545180,96.355,96.355,96.355,96.355,94
1774545300,96.355,96.355,96.355,96.355,194
1774545360,96.35,96.355,96.35,96.355,378
1774545540,96.355,96.355,96.355,96.355,4
1774545600,96.355,96.355,96.355,96.355,113
1774545720,96.355,96.355,96.355,96.355,112
1774545780,96.355,96.355,96.355,96.355,25
1774545900,96.355,96.355,96.355,96.355,4
1774546140,96.355,96.355,96.355,96.355,24
1774546260,96.355,96.355,96.355,96.355,3
1774546320,96.355,96.355,96.355,96.355,271
1774546500,96.355,96.355,96.355,96.355,23
1774546560,96.355,96.355,96.355,96.355,3
1774546860,96.355,96.355,96.355,96.355,64
1774547040,96.355,96.355,96.355,96.355,1
1774547160,96.355,96.355,96.355,96.355,24
1774547400,96.355,96.355,96.355,96.355,3
1774547460,96.355,96.355,96.355,96.355,17
1774547700,96.355,96.355,96.355,96.355,18
1774547880,96.355,96.355,96.355,96.355,2
1774547940,96.35,96.355,96.35,96.355,40
1774548120,96.355,96.355,96.355,96.355,2
1774548180,96.355,96.355,96.355,96.355,14
1774548300,96.355,96.355,96.355,96.355,1
1774548360,96.35,96.355,96.35,96.355,54
1774548420,96.355,96.355,96.355,96.355,116
1774548540,96.355,96.355,96.355,96.355,1
1774548600,96.355,96.355,96.355,96.355,6
1774548720,96.35,96.35,96.35,96.35,1
1774548840,96.355,96.355,96.355,96.355,24
1774548900,96.355,96.355,96.35,96.35,566
1774549140,96.355,96.355,96.355,96.355,12
1774549200,96.355,96.355,96.355,96.355,10
1774549440,96.355,96.355,96.355,96.355,11
1774549500,96.355,96.355,96.355,96.355,41
1774549560,96.355,96.355,96.35,96.35,205
1774549680,96.355,96.355,96.355,96.355,56
1774549860,96.355,96.355,96.355,96.355,7
1774550040,96.355,96.355,96.355,96.355,484
1774550100,96.355,96.355,96.355,96.355,3
1774550220,96.355,96.355,96.355,96.355,30
1774550520,96.355,96.355,96.355,96.355,22
1774550580,96.355,96.355,96.355,96.355,45
1774550760,96.355,96.355,96.355,96.355,1
1774550820,96.355,96.355,96.355,96.355,5
1774551120,96.355,96.355,96.355,96.355,33
1774551180,96.35,96.35,96.35,96.35,3
1774551240,96.355,96.355,96.355,96.355,1
1774551540,96.355,96.355,96.35,96.35,76
1774551600,96.355,96.355,96.355,96.355,44
1774552080,96.355,96.355,96.355,96.355,463
1774552260,96.355,96.355,96.355,96.355,42
1774552680,96.355,96.355,96.355,96.355,8
1774553100,96.355,96.355,96.355,96.355,8
1774553280,96.35,96.35,96.35,96.35,998
1774553400,96.355,96.355,96.355,96.355,1
1774553460,96.355,96.355,96.355,96.355,2
1774553760,96.355,96.355,96.355,96.355,15
1774554480,96.355,96.355,96.355,96.355,51
1774554780,96.355,96.355,96.355,96.355,57
1774554960,96.355,96.355,96.355,96.355,101
1774555020,96.355,96.355,96.355,96.355,50
1774555380,96.355,96.355,96.355,96.355,10
1774555620,96.355,96.355,96.355,96.355,1
1774555860,96.355,96.355,96.355,96.355,32
1774555920,96.355,96.355,96.355,96.355,492
1774556160,96.355,96.355,96.355,96.355,12
1774556400,96.355,96.355,96.355,96.355,30
1774556640,96.355,96.355,96.355,96.355,48
1774557240,96.355,96.355,96.355,96.355,6
1774557600,96.355,96.355,96.355,96.355,12
1774557780,96.355,96.355,96.355,96.355,135
1774558140,96.355,96.355,96.355,96.355,20
1774558200,96.355,96.355,96.355,96.355,417
1774558260,96.355,96.355,96.355,96.355,13
1774558500,96.355,96.355,96.355,96.355,12
1774558560,96.355,96.355,96.355,96.355,115
1774558620,96.355,96.355,96.355,96.355,422
1774558680,96.355,96.355,96.35,96.35,4
1774558740,96.355,96.355,96.355,96.355,497
1774562400,96.355,96.355,96.355,96.355,2
1774562820,96.355,96.355,96.355,96.355,56
1774563240,96.355,96.355,96.355,96.355,7
1774563600,96.355,96.355,96.355,96.355,1
1774564560,96.355,96.355,96.355,96.355,605
1774564800,96.355,96.355,96.355,96.355,89
1774565940,96.355,96.355,96.355,96.355,6
1774567080,96.355,96.355,96.355,96.355,23
1774567140,96.355,96.355,96.355,96.355,8
1774567320,96.355,96.355,96.355,96.355,30
1774567380,96.355,96.355,96.355,96.355,24
1774573440,96.355,96.355,96.355,96.355,1101
1774580640,96.35,96.35,96.35,96.35,500
1774598700,96.355,96.355,96.355,96.355,200
1774598760,96.355,96.355,96.355,96.355,109
1774599120,96.355,96.355,96.355,96.355,116
1774601040,96.355,96.355,96.355,96.355,1
1774602360,96.35,96.35,96.35,96.35,6
1774604940,96.35,96.35,96.35,96.35,4
1774606260,96.35,96.35,96.35,96.35,102
1774607700,96.355,96.355,96.355,96.355,106
1774609320,96.355,96.355,96.355,96.355,25
1774609440,96.35,96.35,96.35,96.35,5
1774609620,96.355,96.355,96.355,96.355,69
1774609920,96.355,96.355,96.355,96.355,123
1774610640,96.355,96.355,96.355,96.355,5
1774611780,96.355,96.355,96.355,96.355,4
1774611840,96.355,96.355,96.355,96.355,793
1774612320,96.355,96.355,96.355,96.355,2
1774614180,96.35,96.35,96.35,96.35,4
1774614480,96.355,96.355,96.355,96.355,137
1774614540,96.355,96.355,96.355,96.355,100
1774614780,96.355,96.355,96.355,96.355,685
1774614960,96.355,96.355,96.355,96.355,699
1774615800,96.355,96.355,96.355,96.355,373
1774616880,96.355,96.355,96.355,96.355,51
1774617060,96.355,96.355,96.355,96.355,10
1774618140,96.355,96.355,96.355,96.355,2
1774618380,96.355,96.355,96.355,96.355,1
1774618860,96.355,96.355,96.355,96.355,1199
1774618980,96.355,96.355,96.355,96.355,1
1774619040,96.355,96.355,96.35,96.35,427
1774619100,96.355,96.355,96.355,96.355,1000
1774619160,96.355,96.355,96.355,96.355,200
1774619220,96.355,96.355,96.355,96.355,35003
1774619340,96.36,96.36,96.355,96.355,12
1774619400,96.355,96.355,96.355,96.355,2
1774619520,96.355,96.355,96.355,96.355,300
1774619880,96.355,96.355,96.355,96.355,500
1774621560,96.36,96.36,96.36,96.36,5
1774624080,96.36,96.36,96.36,96.36,3
1774624440,96.36,96.36,96.36,96.36,100
1774626600,96.36,96.36,96.36,96.36,17
1774627320,96.36,96.36,96.36,96.36,19
1774627740,96.355,96.355,96.355,96.355,1
1774628940,96.355,96.355,96.355,96.355,51
1774629720,96.36,96.36,96.36,96.36,208
1774629960,96.36,96.36,96.36,96.36,15
1774631220,96.36,96.36,96.36,96.36,311
1774632120,96.355,96.36,96.355,96.36,6
1774632180,96.36,96.36,96.36,96.36,1
1774632780,96.36,96.36,96.36,96.36,6
1774632960,96.355,96.355,96.355,96.355,4
1774633320,96.36,96.36,96.36,96.36,1
1774633380,96.36,96.36,96.36,96.36,15
1774633440,96.36,96.36,96.36,96.36,170
1774633500,96.36,96.36,96.36,96.36,14
1774633920,96.355,96.355,96.355,96.355,2
1774633980,96.355,96.355,96.355,96.355,1
1774634040,96.36,96.36,96.36,96.36,202
1774634220,96.36,96.36,96.36,96.36,10
1774634580,96.36,96.36,96.36,96.36,7
1774634880,96.36,96.36,96.36,96.36,276
1774635000,96.36,96.36,96.36,96.36,1
1774635180,96.36,96.36,96.36,96.36,63
1774635240,96.36,96.36,96.36,96.36,377
1774635360,96.36,96.36,96.36,96.36,22
1774635600,96.36,96.36,96.36,96.36,1
1774635840,96.36,96.36,96.36,96.36,72
1774636260,96.36,96.36,96.36,96.36,4
1774636560,96.36,96.36,96.36,96.36,1
1774637160,96.36,96.36,96.355,96.355,8
1774637700,96.36,96.36,96.36,96.36,2
1774637940,96.36,96.36,96.355,96.355,326
1774638180,96.36,96.36,96.36,96.36,2
1774638360,96.355,96.355,96.355,96.355,8
1774638420,96.36,96.36,96.36,96.36,2
1774638660,96.36,96.36,96.36,96.36,3
1774638900,96.36,96.36,96.36,96.36,2
1774638960,96.36,96.36,96.36,96.36,119
1774639140,96.36,96.36,96.355,96.355,8
1774639380,96.36,96.36,96.36,96.36,3
1774639620,96.36,96.36,96.36,96.36,3
1774639860,96.36,96.36,96.36,96.36,4
1774640100,96.36,96.36,96.36,96.36,3
1774640280,96.36,96.36,96.355,96.355,150
1774640340,96.36,96.36,96.36,96.36,3
1774640400,96.36,96.36,96.36,96.36,17
1774640520,96.36,96.36,96.36,96.36,4
1774640760,96.36,96.36,96.36,96.36,3
1774641000,96.36,96.36,96.36,96.36,3
1774641240,96.36,96.36,96.36,96.36,103
1774641480,96.36,96.36,96.36,96.36,4
1774641720,96.36,96.36,96.36,96.36,287
1774641840,96.36,96.36,96.36,96.36,25
1774641900,96.36,96.36,96.36,96.36,2
1774641960,96.36,96.36,96.36,96.36,3
1774642020,96.36,96.36,96.36,96.36,119
1774642140,96.36,96.36,96.36,96.36,5
1774642200,96.36,96.36,96.36,96.36,5
1774642260,96.36,96.36,96.36,96.36,84
1774642320,96.36,96.36,96.36,96.36,12
1774642440,96.36,96.36,96.36,96.36,6
1774642680,96.36,96.36,96.36,96.36,13
1774642800,96.36,96.36,96.36,96.36,3
1774642920,96.36,96.36,96.36,96.36,7
1774643160,96.36,96.36,96.36,96.36,26
1774643220,96.36,96.36,96.36,96.36,32
1774643820,96.36,96.36,96.36,96.36,84
1774643880,96.36,96.36,96.36,96.36,29
1774643940,96.355,96.355,96.355,96.355,18
1774644120,96.355,96.355,96.355,96.355,19
1774644180,96.36,96.36,96.36,96.36,5
1774644240,96.36,96.36,96.36,96.36,4
1774644300,96.355,96.355,96.355,96.355,7730
1774644720,96.36,96.36,96.36,96.36,18
1774644840,96.36,96.36,96.36,96.36,19
1774644960,96.36,96.36,96.355,96.355,83
1774645080,96.355,96.355,96.355,96.355,2
1774645140,96.36,96.36,96.355,96.355,5885
1774822860,96.3575,96.3575,96.3575,96.3575,7
1774824180,96.3575,96.3575,96.3575,96.3575,1
1774825320,96.3575,96.3575,96.3575,96.3575,1
1774825380,96.3575,96.3575,96.3575,96.3575,2
1774825440,96.3575,96.3575,96.3575,96.3575,2
1774825500,96.3575,96.3575,96.3575,96.3575,1
1774825560,96.3575,96.3575,96.3575,96.3575,2
1774825620,96.3575,96.3575,96.3575,96.3575,2
1774825680,96.3575,96.3575,96.3575,96.3575,1
1774825740,96.3575,96.3575,96.3575,96.3575,2
1774825800,96.3575,96.3575,96.3575,96.3575,2
1774825860,96.3575,96.3575,96.3575,96.3575,1
1774825920,96.3575,96.3575,96.3575,96.3575,2
1774825980,96.3575,96.3575,96.3575,96.3575,2
1774826040,96.3575,96.3575,96.3575,96.3575,1
1774826100,96.3575,96.3575,96.3575,96.3575,2
1774826160,96.3575,96.3575,96.3575,96.3575,2
1774826220,96.3575,96.3575,96.3575,96.3575,1
1774826280,96.3575,96.3575,96.3575,96.3575,2
1774826340,96.3575,96.3575,96.3575,96.3575,2
1774826400,96.3575,96.3575,96.3575,96.3575,1
1774826460,96.3575,96.3575,96.3575,96.3575,2
1774826520,96.3575,96.3575,96.3575,96.3575,2
1774826580,96.3575,96.3575,96.3575,96.3575,1
1774826640,96.3575,96.3575,96.3575,96.3575,2
1774826700,96.3575,96.3575,96.3575,96.3575,2
1774826760,96.3575,96.3575,96.3575,96.3575,1
1774826820,96.3575,96.3575,96.3575,96.3575,2
1774826880,96.3575,96.3575,96.3575,96.3575,2
1774826940,96.3575,96.3575,96.3575,96.3575,1
1774827000,96.3575,96.3575,96.3575,96.3575,2
1774827060,96.3575,96.3575,96.3575,96.3575,2
1774827120,96.3575,96.3575,96.3575,96.3575,1
1774827180,96.3575,96.3575,96.3575,96.3575,2
1774827240,96.3575,96.3575,96.3575,96.3575,2
1774827300,96.3575,96.3575,96.3575,96.3575,1
1774827360,96.3575,96.3575,96.3575,96.3575,2
1774827420,96.3575,96.3575,96.3575,96.3575,2
1774827480,96.3575,96.3575,96.3575,96.3575,1
1774827540,96.3575,96.3575,96.3575,96.3575,2
1774827600,96.3575,96.3575,96.3575,96.3575,2
1774827660,96.3575,96.3575,96.3575,96.3575,1
1774827720,96.3575,96.3575,96.3575,96.3575,2
1774827780,96.3575,96.3575,96.3575,96.3575,2
1774827840,96.3575,96.3575,96.3575,96.3575,1
1774827900,96.3575,96.3575,96.3575,96.3575,2
1774827960,96.3575,96.3575,96.3575,96.3575,2
1774828020,96.3575,96.3575,96.3575,96.3575,1
1774828080,96.3575,96.3575,96.3575,96.3575,2
1774828140,96.3575,96.3575,96.3575,96.3575,2
1774828200,96.3575,96.3575,96.3575,96.3575,1
1774828260,96.3575,96.3575,96.3575,96.3575,2
1774828320,96.3575,96.3575,96.3575,96.3575,2
1774828380,96.3575,96.3575,96.3575,96.3575,1
1774828440,96.3575,96.3575,96.3575,96.3575,2
1774828500,96.3575,96.3575,96.3575,96.3575,2
1774828560,96.3575,96.3575,96.3575,96.3575,1
1774828620,96.3575,96.3575,96.3575,96.3575,2
1774828680,96.3575,96.3575,96.3575,96.3575,2
1774828740,96.3575,96.3575,96.3575,96.3575,1
1774828800,96.3575,96.3575,96.3575,96.3575,2
1774828860,96.3575,96.3575,96.3575,96.3575,2
1774828920,96.3575,96.3575,96.3575,96.3575,1
1774828980,96.3575,96.3575,96.3575,96.3575,2
1774829040,96.3575,96.3575,96.3575,96.3575,2
1774829100,96.3575,96.3575,96.3575,96.3575,1
1774829160,96.3575,96.3575,96.3575,96.3575,2
1774829220,96.3575,96.3575,96.3575,96.3575,2
1774829280,96.3575,96.3575,96.3575,96.3575,1
1774829340,96.3575,96.3575,96.3575,96.3575,2
1774829400,96.3575,96.3575,96.3575,96.3575,2
1774829460,96.3575,96.3575,96.3575,96.3575,1
1774829520,96.3575,96.3575,96.3575,96.3575,2
1774829580,96.3575,96.3575,96.3575,96.3575,2
1774829640,96.3575,96.3575,96.3575,96.3575,2
1774829700,96.3575,96.3575,96.3575,96.3575,1
1774829760,96.3575,96.3575,96.3575,96.3575,2
1774829820,96.3575,96.3575,96.3575,96.3575,2
1774829880,96.3575,96.3575,96.3575,96.3575,1
1774829940,96.3575,96.3575,96.3575,96.3575,2
1774830000,96.3575,96.3575,96.3575,96.3575,2
1774830060,96.3575,96.3575,96.3575,96.3575,1
1774830120,96.3575,96.3575,96.3575,96.3575,2
1774830180,96.3575,96.3575,96.3575,96.3575,2
1774830240,96.3575,96.3575,96.3575,96.3575,1
1774830300,96.3575,96.3575,96.3575,96.3575,2
1774830360,96.3575,96.3575,96.3575,96.3575,2
1774830420,96.3575,96.3575,96.3575,96.3575,1
1774830480,96.3575,96.3575,96.3575,96.3575,2
1774830540,96.3575,96.3575,96.3575,96.3575,2
1774830600,96.3575,96.3575,96.3575,96.3575,1
1774830660,96.3575,96.3575,96.3575,96.3575,2
1774830720,96.3575,96.3575,96.3575,96.3575,2
1774830780,96.3575,96.3575,96.3575,96.3575,1
1774830840,96.3575,96.3575,96.3575,96.3575,2
1774830900,96.3575,96.3575,96.3575,96.3575,2
1774830960,96.3575,96.3575,96.3575,96.3575,1
1774831020,96.3575,96.3575,96.3575,96.3575,2
1774831080,96.3575,96.3575,96.3575,96.3575,2
1774831140,96.3575,96.3575,96.3575,96.3575,1
1774831200,96.3575,96.3575,96.3575,96.3575,2
1774831260,96.3575,96.3575,96.3575,96.3575,2
1774831320,96.3575,96.3575,96.3575,96.3575,1
1774831380,96.3575,96.3575,96.3575,96.3575,2
1774831440,96.3575,96.3575,96.3575,96.3575,2
1774831500,96.3575,96.3575,96.3575,96.3575,1
1774831560,96.3575,96.3575,96.3575,96.3575,2
1774831620,96.3575,96.3575,96.3575,96.3575,2
1774831680,96.3575,96.3575,96.3575,96.3575,1
1774831740,96.3575,96.3575,96.3575,96.3575,2
1774831800,96.3575,96.3575,96.3575,96.3575,2
1774831860,96.3575,96.3575,96.3575,96.3575,1
1774831920,96.3575,96.3575,96.3575,96.3575,2
1774831980,96.3575,96.3575,96.3575,96.3575,2
1774832040,96.3575,96.3575,96.3575,96.3575,1
1774832100,96.3575,96.3575,96.3575,96.3575,2
1774832160,96.3575,96.3575,96.3575,96.3575,2
1774832220,96.3575,96.3575,96.3575,96.3575,1
1774832280,96.3575,96.3575,96.3575,96.3575,2
1774832340,96.3575,96.3575,96.3575,96.3575,2
1774832400,96.3575,96.3575,96.3575,96.3575,2
1774832460,96.3575,96.3575,96.3575,96.3575,2
1774832520,96.3575,96.3575,96.3575,96.3575,2
1774832580,96.3575,96.3575,96.3575,96.3575,1
1774832640,96.3575,96.3575,96.3575,96.3575,2
1774832700,96.3575,96.3575,96.3575,96.3575,2
1774832760,96.3575,96.3575,96.3575,96.3575,1
1774832820,96.3575,96.3575,96.3575,96.3575,2
1774832880,96.3575,96.3575,96.3575,96.3575,2
1774832940,96.3575,96.3575,96.3575,96.3575,1
1774833000,96.3575,96.3575,96.3575,96.3575,2
1774833060,96.3575,96.3575,96.3575,96.3575,2
1774833120,96.3575,96.3575,96.3575,96.3575,1
1774833180,96.3575,96.3575,96.3575,96.3575,2
1774833240,96.3575,96.3575,96.3575,96.3575,2
1774833300,96.3575,96.3575,96.3575,96.3575,1
1774833360,96.3575,96.3575,96.3575,96.3575,2
1774833420,96.3575,96.3575,96.3575,96.3575,2
1774833480,96.3575,96.3575,96.3575,96.3575,1
1774833540,96.3575,96.3575,96.3575,96.3575,2
1774833600,96.3575,96.3575,96.3575,96.3575,2
1774833660,96.3575,96.3575,96.3575,96.3575,1
1774833720,96.3575,96.3575,96.3575,96.3575,2
1774833780,96.3575,96.3575,96.3575,96.3575,2
1774833840,96.3575,96.3575,96.3575,96.3575,1
1774833900,96.3575,96.3575,96.3575,96.3575,2
1774833960,96.3575,96.3575,96.3575,96.3575,2
1774834020,96.3575,96.3575,96.3575,96.3575,2
1774834080,96.3575,96.3575,96.3575,96.3575,1
1774834140,96.3575,96.3575,96.3575,96.3575,2
1774834200,96.3575,96.3575,96.3575,96.3575,2
1774834260,96.3575,96.3575,96.3575,96.3575,1
1774834320,96.3575,96.3575,96.3575,96.3575,2
1774834380,96.3575,96.3575,96.3575,96.3575,2
1774834440,96.3575,96.3575,96.3575,96.3575,1
1774834500,96.3575,96.3575,96.3575,96.3575,2
1774834560,96.3575,96.3575,96.3575,96.3575,2
1774834620,96.3575,96.3575,96.3575,96.3575,1
1774834680,96.3575,96.3575,96.3575,96.3575,2
1774834740,96.3575,96.3575,96.3575,96.3575,2
1774834800,96.3575,96.3575,96.3575,96.3575,1
1774834860,96.3575,96.3575,96.3575,96.3575,2
1774834920,96.3575,96.3575,96.3575,96.3575,2
1774834980,96.3575,96.3575,96.3575,96.3575,1
1774835040,96.3575,96.3575,96.3575,96.3575,2
1774835100,96.3575,96.3575,96.3575,96.3575,2
1774835160,96.3575,96.3575,96.3575,96.3575,1
1774835220,96.3575,96.3575,96.3575,96.3575,2
1774835280,96.3575,96.3575,96.3575,96.3575,2
1774835340,96.3575,96.3575,96.3575,96.3575,1
1774835400,96.3575,96.3575,96.3575,96.3575,2
1774835460,96.3575,96.3575,96.3575,96.3575,2
1774835520,96.3575,96.3575,96.3575,96.3575,1
1774835580,96.3575,96.3575,96.3575,96.3575,2
1774835640,96.3575,96.3575,96.3575,96.3575,2
1774835700,96.3575,96.3575,96.3575,96.3575,1
1774835760,96.3575,96.3575,96.3575,96.3575,2
1774835820,96.3575,96.3575,96.3575,96.3575,2
1774835880,96.3575,96.3575,96.3575,96.3575,1
1774835940,96.3575,96.3575,96.3575,96.3575,2
1774836000,96.3575,96.3575,96.3575,96.3575,2
1774836060,96.3575,96.3575,96.3575,96.3575,1
1774836120,96.3575,96.3575,96.3575,96.3575,2
1774836180,96.3575,96.3575,96.3575,96.3575,2
1774836240,96.3575,96.3575,96.3575,96.3575,1
1774836300,96.3575,96.3575,96.3575,96.3575,2
1774836360,96.3575,96.3575,96.3575,96.3575,2
1774836420,96.3575,96.3575,96.3575,96.3575,1
1774836480,96.3575,96.3575,96.3575,96.3575,2
1774836540,96.3575,96.3575,96.3575,96.3575,2
1774836600,96.3575,96.3575,96.3575,96.3575,1
1774836660,96.3575,96.3575,96.3575,96.3575,2
1774836720,96.3575,96.3575,96.3575,96.3575,2
1774836780,96.3575,96.3575,96.3575,96.3575,1
1774836840,96.3575,96.3575,96.3575,96.3575,2
1774836900,96.3575,96.3575,96.3575,96.3575,2
1774836960,96.3575,96.3575,96.3575,96.3575,1
1774837020,96.3575,96.3575,96.3575,96.3575,2
1774837080,96.3575,96.3575,96.3575,96.3575,2
1774837140,96.3575,96.3575,96.3575,96.3575,1
1774837200,96.3575,96.3575,96.3575,96.3575,2
1774837260,96.3575,96.3575,96.3575,96.3575,2
1774837320,96.3575,96.3575,96.3575,96.3575,1
1774837380,96.3575,96.3575,96.3575,96.3575,2
1774837440,96.3575,96.3575,96.3575,96.3575,2
1774837500,96.3575,96.3575,96.3575,96.3575,1
1774837560,96.3575,96.3575,96.3575,96.3575,2
1774837620,96.3575,96.3575,96.3575,96.3575,2
1774837680,96.3575,96.3575,96.3575,96.3575,1
1774837740,96.3575,96.3575,96.3575,96.3575,2
1774837800,96.3575,96.3575,96.3575,96.3575,2
1774837860,96.3575,96.3575,96.3575,96.3575,1
1774837920,96.3575,96.3575,96.3575,96.3575,2
1774837980,96.3575,96.3575,96.3575,96.3575,2
1774838040,96.3575,96.3575,96.3575,96.3575,1
1774838100,96.3575,96.3575,96.3575,96.3575,2
1774838160,96.3575,96.3575,96.3575,96.3575,2
1774838220,96.3575,96.3575,96.3575,96.3575,2
1774838280,96.3575,96.3575,96.3575,96.3575,1
1774838340,96.3575,96.3575,96.3575,96.3575,2
1774838400,96.3575,96.3575,96.3575,96.3575,2
1774838460,96.3575,96.3575,96.3575,96.3575,1
1774838520,96.3575,96.3575,96.3575,96.3575,2
1774838580,96.3575,96.3575,96.3575,96.3575,2
1774838640,96.3575,96.3575,96.3575,96.3575,1
1774838700,96.3575,96.3575,96.3575,96.3575,2
1774838760,96.3575,96.3575,96.3575,96.3575,2
1774838820,96.3575,96.3575,96.3575,96.3575,1
1774838880,96.3575,96.3575,96.3575,96.3575,2
1774838940,96.3575,96.3575,96.3575,96.3575,2
1774839000,96.3575,96.3575,96.3575,96.3575,1
1774839060,96.3575,96.3575,96.3575,96.3575,2
1774839120,96.3575,96.3575,96.3575,96.3575,2
1774839180,96.3575,96.3575,96.3575,96.3575,1
1774839240,96.3575,96.3575,96.3575,96.3575,2
1774839300,96.3575,96.3575,96.3575,96.3575,2
1774839360,96.3575,96.3575,96.3575,96.3575,1
1774839420,96.3575,96.3575,96.3575,96.3575,2
1774839480,96.3575,96.3575,96.3575,96.3575,2
1774839540,96.3575,96.3575,96.3575,96.3575,1
1774839600,96.3575,96.3575,96.3575,96.3575,2
1774839660,96.3575,96.3575,96.3575,96.3575,2
1774839720,96.3575,96.3575,96.3575,96.3575,1
1774839780,96.3575,96.3575,96.3575,96.3575,2
1774839840,96.3575,96.3575,96.3575,96.3575,2
1774839900,96.3575,96.3575,96.3575,96.3575,1
1774839960,96.3575,96.3575,96.3575,96.3575,2
1774840020,96.3575,96.3575,96.3575,96.3575,2
1774840080,96.3575,96.3575,96.3575,96.3575,1
1774840140,96.3575,96.3575,96.3575,96.3575,2
1774840200,96.3575,96.3575,96.3575,96.3575,2
1774840260,96.3575,96.3575,96.3575,96.3575,1
1774840320,96.3575,96.3575,96.3575,96.3575,2
1774840380,96.3575,96.3575,96.3575,96.3575,2
1774840440,96.3575,96.3575,96.3575,96.3575,1
1774840500,96.3575,96.3575,96.3575,96.3575,2
1774840560,96.3575,96.3575,96.3575,96.3575,2
1774840620,96.3575,96.3575,96.3575,96.3575,1
1774840680,96.3575,96.3575,96.3575,96.3575,2
1774840740,96.3575,96.3575,96.3575,96.3575,2
1774840800,96.3575,96.3575,96.3575,96.3575,1
1774840860,96.3575,96.3575,96.3575,96.3575,2
1774840920,96.3575,96.3575,96.3575,96.3575,2
1774840980,96.3575,96.3575,96.3575,96.3575,1
1774841040,96.3575,96.3575,96.3575,96.3575,2
1774841100,96.3575,96.3575,96.3575,96.3575,2
1774841160,96.3575,96.3575,96.3575,96.3575,1
1774841220,96.3575,96.3575,96.3575,96.3575,2
1774841280,96.3575,96.3575,96.3575,96.3575,2
1774841340,96.3575,96.3575,96.3575,96.3575,1
1774841400,96.3575,96.3575,96.3575,96.3575,2
1774841460,96.3575,96.3575,96.3575,96.3575,2
1774841520,96.3575,96.3575,96.3575,96.3575,1
1774841580,96.3575,96.3575,96.3575,96.3575,2
1774841640,96.3575,96.3575,96.3575,96.3575,2
1774841700,96.3575,96.3575,96.3575,96.3575,1
1774841760,96.3575,96.3575,96.3575,96.3575,2
1774841820,96.3575,96.3575,96.3575,96.3575,2
1774841880,96.3575,96.3575,96.3575,96.3575,1
1774841940,96.3575,96.3575,96.3575,96.3575,2
1774842000,96.3575,96.3575,96.3575,96.3575,2
1774842060,96.3575,96.3575,96.3575,96.3575,1
1774842120,96.3575,96.3575,96.3575,96.3575,2
1774842180,96.3575,96.3575,96.3575,96.3575,2
1774842240,96.3575,96.3575,96.3575,96.3575,1
1774842300,96.3575,96.3575,96.3575,96.3575,2
1774842360,96.3575,96.3575,96.3575,96.3575,2
1774842420,96.3575,96.3575,96.3575,96.3575,1
1774842480,96.3575,96.3575,96.3575,96.3575,2
1774842540,96.3575,96.3575,96.3575,96.3575,2
1774842600,96.3575,96.3575,96.3575,96.3575,2
1774842660,96.3575,96.3575,96.3575,96.3575,1
1774842720,96.3575,96.3575,96.3575,96.3575,2
1774842780,96.3575,96.3575,96.3575,96.3575,2
1774842840,96.3575,96.3575,96.3575,96.3575,1
1774842900,96.3575,96.3575,96.3575,96.3575,2
1774842960,96.3575,96.3575,96.3575,96.3575,2
1774843020,96.3575,96.3575,96.3575,96.3575,1
1774843080,96.3575,96.3575,96.3575,96.3575,2
1774843140,96.3575,96.3575,96.3575,96.3575,2
1774843200,96.3575,96.3575,96.3575,96.3575,1
1774843260,96.3575,96.3575,96.3575,96.3575,2
1774843320,96.3575,96.3575,96.3575,96.3575,2
1774843380,96.3575,96.3575,96.3575,96.3575,1
1774843440,96.3575,96.3575,96.3575,96.3575,2
1774843500,96.3575,96.3575,96.3575,96.3575,2
1774843560,96.3575,96.3575,96.3575,96.3575,1
1774843620,96.3575,96.3575,96.3575,96.3575,2
1774843680,96.3575,96.3575,96.3575,96.3575,2
1774843740,96.3575,96.3575,96.3575,96.3575,1
1774843800,96.3575,96.3575,96.3575,96.3575,2
1774843860,96.3575,96.3575,96.3575,96.3575,2
1774843920,96.3575,96.3575,96.3575,96.3575,1
1774843980,96.3575,96.3575,96.3575,96.3575,2
1774844040,96.3575,96.3575,96.3575,96.3575,2
1774844100,96.3575,96.3575,96.3575,96.3575,1
1774844160,96.3575,96.3575,96.3575,96.3575,2
1774844220,96.3575,96.3575,96.3575,96.3575,2
1774844280,96.3575,96.3575,96.3575,96.3575,1
1774844340,96.3575,96.3575,96.3575,96.3575,2
1774844400,96.3575,96.3575,96.3575,96.3575,2
1774844460,96.3575,96.3575,96.3575,96.3575,1
1774844520,96.3575,96.3575,96.3575,96.3575,2
1774844580,96.3575,96.3575,96.3575,96.3575,2
1774844640,96.3575,96.3575,96.3575,96.3575,1
1774844700,96.3575,96.3575,96.3575,96.3575,2
1774844760,96.3575,96.3575,96.3575,96.3575,2
1774844820,96.3575,96.3575,96.3575,96.3575,1
1774844880,96.3575,96.3575,96.3575,96.3575,2
1774844940,96.3575,96.3575,96.3575,96.3575,2
1774845000,96.3575,96.3575,96.3575,96.3575,1
1774845060,96.3575,96.3575,96.3575,96.3575,2
1774845120,96.3575,96.3575,96.3575,96.3575,2
1774845180,96.3575,96.3575,96.3575,96.3575,1
1774845240,96.3575,96.3575,96.3575,96.3575,2
1774845300,96.3575,96.3575,96.3575,96.3575,2
1774845360,96.3575,96.3575,96.3575,96.3575,1
1774845420,96.3575,96.3575,96.3575,96.3575,2
1774845480,96.3575,96.3575,96.3575,96.3575,2
1774845540,96.3575,96.3575,96.3575,96.3575,1
1774845600,96.3575,96.3575,96.3575,96.3575,2
1774845660,96.3575,96.3575,96.3575,96.3575,2
1774845720,96.3575,96.3575,96.3575,96.3575,1
1774845780,96.3575,96.3575,96.3575,96.3575,2
1774845840,96.3575,96.3575,96.3575,96.3575,2
1774845900,96.3575,96.3575,96.3575,96.3575,1
1774845960,96.3575,96.3575,96.3575,96.3575,2
1774846020,96.3575,96.3575,96.3575,96.3575,2
1774846080,96.3575,96.3575,96.3575,96.3575,1
1774846140,96.3575,96.3575,96.3575,96.3575,2
1774846200,96.3575,96.3575,96.3575,96.3575,2
1774846260,96.3575,96.3575,96.3575,96.3575,1
1774846320,96.3575,96.3575,96.3575,96.3575,2
1774846380,96.3575,96.3575,96.3575,96.3575,2
1774846440,96.3575,96.3575,96.3575,96.3575,1
1774846500,96.3575,96.3575,96.3575,96.3575,2
1774846560,96.3575,96.3575,96.3575,96.3575,2
1774846620,96.3575,96.3575,96.3575,96.3575,1
1774846680,96.3575,96.3575,96.3575,96.3575,2
1774846740,96.3575,96.3575,96.3575,96.3575,2
1774846800,96.3575,96.3575,96.3575,96.3575,1
1774851960,96.3575,96.3575,96.3575,96.3575,100
1774854120,96.3575,96.3575,96.3575,96.3575,18
1774862400,96.355,96.355,96.355,96.355,200
1774862820,96.3575,96.3575,96.3575,96.3575,600
1774867140,96.3575,96.3575,96.3575,96.3575,11
1774867320,96.3575,96.3575,96.3575,96.3575,2
1774869240,96.3575,96.3575,96.3575,96.3575,567
1774869420,96.3575,96.3575,96.3575,96.3575,12
1774869540,96.3575,96.3575,96.3575,96.3575,69
1774869660,96.3575,96.3575,96.3575,96.3575,959
1774869720,96.3575,96.3575,96.3575,96.3575,163
1774869780,96.3575,96.3575,96.3575,96.3575,15
1774869960,96.3575,96.3575,96.3575,96.3575,1706
1774870020,96.3575,96.3575,96.3575,96.3575,202
1774870080,96.3575,96.3575,96.3575,96.3575,299
1774870200,96.3575,96.3575,96.3575,96.3575,200
1774870320,96.3575,96.3575,96.3575,96.3575,1
1774870380,96.3575,96.3575,96.3575,96.3575,100
1774870560,96.3575,96.3575,96.3575,96.3575,399
1774870680,96.3575,96.3575,96.3575,96.3575,2
1774871040,96.3575,96.3575,96.3575,96.3575,7
1774871940,96.3575,96.3575,96.3575,96.3575,11
1774872000,96.3575,96.3575,96.3575,96.3575,242
1774872060,96.3575,96.3575,96.3575,96.3575,1732
1774872120,96.3575,96.3575,96.3575,96.3575,3084
1774872180,96.3575,96.3575,96.3575,96.3575,1496
1774872360,96.3575,96.3575,96.3575,96.3575,463
1774872420,96.3575,96.3575,96.3575,96.3575,105
1774872600,96.3575,96.3575,96.3575,96.3575,100
1774872720,96.3575,96.3575,96.3575,96.3575,100
1774872900,96.3575,96.3575,96.3575,96.3575,1
1774873980,96.3575,96.3575,96.3575,96.3575,100
1774874220,96.3575,96.3575,96.3575,96.3575,500
1774874340,96.3575,96.3575,96.3575,96.3575,1000
1774874580,96.3575,96.3575,96.3575,96.3575,500
1774874760,96.36,96.36,96.36,96.36,5
1774875480,96.3575,96.3575,96.3575,96.3575,74
1774875840,96.3575,96.3575,96.3575,96.3575,300
1774876500,96.3575,96.3575,96.3575,96.3575,40
1774876740,96.36,96.36,96.36,96.36,2
1774876920,96.3575,96.3575,96.3575,96.3575,200
1774877580,96.3575,96.3575,96.3575,96.3575,280
1774877700,96.3575,96.3575,96.3575,96.3575,70
1774877820,96.3575,96.3575,96.3575,96.3575,100
1774878480,96.36,96.36,96.36,96.36,20
1774878600,96.36,96.36,96.36,96.36,1
1774879260,96.36,96.36,96.36,96.36,9
1774879320,96.36,96.36,96.36,96.36,2
1774879380,96.3575,96.3575,96.3575,96.3575,70
1774879500,96.36,96.36,96.36,96.36,5
1774879560,96.36,96.36,96.36,96.36,1
1774879620,96.36,96.36,96.36,96.36,4
1774879680,96.3575,96.3575,96.3575,96.3575,4
1774879740,96.36,96.36,96.36,96.36,323
1774879800,96.3575,96.3575,96.3575,96.3575,71
1774881240,96.3575,96.3575,96.3575,96.3575,20
1774881420,96.36,96.36,96.36,96.36,3
1774882320,96.36,96.36,96.36,96.36,5
1774882380,96.36,96.36,96.36,96.36,13
1774883160,96.36,96.36,96.36,96.36,4
1774883220,96.36,96.36,96.36,96.36,45
1774883340,96.36,96.36,96.36,96.36,593
1774890180,96.3575,96.3575,96.3575,96.3575,2000
1774891080,96.36,96.36,96.36,96.36,4
1774891740,96.36,96.36,96.36,96.36,3110
1774893300,96.36,96.36,96.36,96.36,52
1774893780,96.36,96.36,96.36,96.36,1
1774893900,96.36,96.36,96.36,96.36,6
1774894200,96.3575,96.3575,96.3575,96.3575,140
1774894320,96.36,96.36,96.36,96.36,1
1774894620,96.36,96.36,96.36,96.36,1
1774894860,96.36,96.36,96.36,96.36,1
1774895700,96.36,96.36,96.36,96.36,1
1774897080,96.36,96.36,96.36,96.36,1
1774897140,96.36,96.36,96.36,96.36,2
1774897200,96.36,96.36,96.36,96.36,1
1774898460,96.36,96.36,96.36,96.36,6
1774898880,96.3575,96.3575,96.3575,96.3575,14
1774899180,96.3575,96.3575,96.3575,96.3575,260
1774899420,96.36,96.36,96.36,96.36,1
1774902660,96.3575,96.3575,96.3575,96.3575,4
1774902900,96.3575,96.3575,96.3575,96.3575,20
1774903200,96.3575,96.3575,96.3575,96.3575,2
1774903260,96.36,96.36,96.36,96.36,3
1774903440,96.36,96.36,96.3575,96.3575,190
1774903560,96.36,96.36,96.36,96.36,80
1774903620,96.3575,96.3575,96.3575,96.3575,10
1774903680,96.36,96.36,96.36,96.36,80
1774903800,96.36,96.36,96.36,96.36,80
1774903920,96.36,96.36,96.36,96.36,80
1774904040,96.36,96.36,96.36,96.36,189
1774904100,96.36,96.36,96.36,96.36,40
1774904160,96.36,96.36,96.36,96.36,9
1774904220,96.36,96.36,96.36,96.36,5
1774904280,96.3575,96.3575,96.3575,96.3575,5
1774908180,96.36,96.36,96.36,96.36,15
1774927680,96.36,96.36,96.36,96.36,826
1774928580,96.36,96.36,96.36,96.36,795
1774928700,96.36,96.36,96.36,96.36,158
1774935780,96.36,96.36,96.36,96.36,2
1774938780,96.36,96.36,96.36,96.36,74
1774939080,96.36,96.36,96.36,96.36,123
1774940280,96.36,96.36,96.36,96.36,6
1774940460,96.36,96.36,96.36,96.36,18
1774941120,96.36,96.36,96.36,96.36,10
1774941240,96.36,96.36,96.36,96.36,6
1774941540,96.3575,96.3575,96.3575,96.3575,10
1774941600,96.3575,96.3575,96.3575,96.3575,20
1774941660,96.3575,96.3575,96.3575,96.3575,10
1774943340,96.36,96.36,96.36,96.36,21
1774953420,96.36,96.36,96.36,96.36,3
1774953540,96.3575,96.3575,96.3575,96.3575,167
1774954680,96.36,96.36,96.36,96.36,1
1774955400,96.36,96.36,96.36,96.36,203
1774957140,96.36,96.36,96.36,96.36,11
1774957440,96.3575,96.3575,96.3575,96.3575,1200
1774958220,96.36,96.36,96.36,96.36,90
1774958280,96.3575,96.3575,96.3575,96.3575,70
1774958580,96.36,96.36,96.36,96.36,6
1774958760,96.36,96.36,96.36,96.36,1
1774959060,96.36,96.36,96.36,96.36,16
1774960920,96.36,96.36,96.36,96.36,11
1774961820,96.36,96.36,96.36,96.36,1
1774963080,96.36,96.36,96.36,96.36,1
1774963200,96.36,96.36,96.36,96.36,1
1774963560,96.36,96.36,96.36,96.36,1
1774963740,96.36,96.36,96.36,96.36,1
1774964100,96.36,96.36,96.36,96.36,5
1774964340,96.3575,96.3575,96.3575,96.3575,1000
1774965000,96.3575,96.3575,96.3575,96.3575,16
1774965780,96.3575,96.3575,96.3575,96.3575,121
1774966140,96.36,96.36,96.3575,96.3575,14
1774966260,96.3575,96.3575,96.3575,96.3575,6
1774967100,96.36,96.36,96.36,96.36,1
1774967400,96.3575,96.3575,96.3575,96.3575,6
1774968180,96.36,96.36,96.36,96.36,3
1774968660,96.36,96.36,96.36,96.36,1
1774969680,96.3575,96.3575,96.3575,96.3575,250
1774969800,96.36,96.36,96.36,96.36,2
1774970040,96.36,96.36,96.36,96.36,24
1774970340,96.3575,96.3575,96.3575,96.3575,27
1774971120,96.3575,96.3575,96.3575,96.3575,3
1774971300,96.3575,96.3575,96.3575,96.3575,999
1774972140,96.3575,96.3575,96.3575,96.3575,400
1774974300,96.3575,96.3575,96.3575,96.3575,78
1774974480,96.3575,96.3575,96.3575,96.3575,2
1774974600,96.3575,96.3575,96.3575,96.3575,997
1774978740,96.3575,96.3575,96.3575,96.3575,20
1774978980,96.36,96.36,96.36,96.36,1
1774980420,96.36,96.36,96.36,96.36,1
1774981020,96.36,96.36,96.36,96.36,5
1774981980,96.36,96.36,96.36,96.36,2
1774982040,96.3575,96.3575,96.3575,96.3575,30
1774983240,96.3575,96.3575,96.3575,96.3575,1200
1774983540,96.3575,96.3575,96.3575,96.3575,2
1774984080,96.36,96.36,96.36,96.36,6
1774984620,96.36,96.36,96.36,96.36,30
1774984920,96.36,96.36,96.36,96.36,1
1774985460,96.3575,96.3575,96.3575,96.3575,200
1774986300,96.3575,96.3575,96.3575,96.3575,100
1774986540,96.36,96.36,96.36,96.36,5
1774988340,96.3575,96.3575,96.3575,96.3575,1
1774989780,96.36,96.36,96.3575,96.3575,13
1774990080,96.3575,96.3575,96.3575,96.3575,34
1774990680,96.3575,96.3575,96.3575,96.3575,5
1774994400,96.355,96.355,96.355,96.355,646
1774994460,96.355,96.355,96.355,96.355,52
1774995420,96.36,96.36,96.36,96.36,799
1774995840,96.355,96.355,96.355,96.355,4
1774995960,96.355,96.355,96.355,96.355,5
1774996020,96.355,96.355,96.355,96.355,4
1774996140,96.355,96.355,96.355,96.355,4
1774996260,96.355,96.355,96.355,96.355,6
1774996380,96.355,96.355,96.355,96.355,4
1774996500,96.355,96.355,96.355,96.355,4
1774997400,96.355,96.355,96.355,96.355,5
1775007360,96.355,96.355,96.355,96.355,38
1775013060,96.355,96.355,96.355,96.355,5
1775023260,96.355,96.355,96.355,96.355,50
1775025120,96.355,96.355,96.355,96.355,18
1775025300,96.355,96.355,96.355,96.355,14
1775025720,96.355,96.355,96.355,96.355,2
1775025840,96.355,96.355,96.355,96.355,2
1775025960,96.355,96.355,96.355,96.355,3
1775027460,96.355,96.355,96.355,96.355,1000
1775027580,96.355,96.355,96.355,96.355,9
1775028840,96.355,96.355,96.355,96.355,41
1775029260,96.355,96.355,96.355,96.355,19
1775029740,96.355,96.355,96.355,96.355,7
1775029860,96.355,96.355,96.355,96.355,1
1775030280,96.355,96.355,96.355,96.355,14
1775030340,96.355,96.355,96.355,96.355,48
1775038680,96.36,96.36,96.36,96.36,165
1775038980,96.36,96.36,96.36,96.36,2
1775039280,96.355,96.355,96.355,96.355,11
1775039340,96.36,96.36,96.36,96.36,1
1775039400,96.36,96.36,96.36,96.36,1
1775039940,96.36,96.36,96.36,96.36,2
1775040180,96.36,96.36,96.36,96.36,122
1775040240,96.36,96.36,96.36,96.36,204
1775040420,96.36,96.36,96.36,96.36,55
1775040840,96.36,96.36,96.36,96.36,1
1775040960,96.36,96.36,96.36,96.36,78
1775041020,96.36,96.36,96.36,96.36,74
1775041200,96.355,96.36,96.355,96.36,104
1775041380,96.36,96.36,96.36,96.36,1
1775041440,96.36,96.36,96.36,96.36,1
1775041500,96.36,96.36,96.36,96.36,1
1775041620,96.36,96.36,96.36,96.36,534
1775042880,96.36,96.36,96.36,96.36,1
1775042940,96.36,96.36,96.36,96.36,1
1775043000,96.36,96.36,96.36,96.36,1
1775043240,96.36,96.36,96.36,96.36,2
1775043420,96.36,96.36,96.36,96.36,108
1775043660,96.36,96.36,96.36,96.36,6
1775043720,96.36,96.36,96.36,96.36,3
1775043780,96.36,96.36,96.36,96.36,1
1775043960,96.36,96.36,96.36,96.36,1
1775044020,96.36,96.36,96.36,96.36,4
1775044080,96.36,96.36,96.36,96.36,4
1775044800,96.36,96.36,96.36,96.36,8
1775044920,96.36,96.36,96.36,96.36,5
1775046000,96.36,96.36,96.355,96.355,439
1775046240,96.355,96.355,96.355,96.355,196
1775046600,96.355,96.355,96.355,96.355,87
1775047800,96.355,96.355,96.355,96.355,1
1775047920,96.355,96.355,96.355,96.355,4
1775048040,96.355,96.355,96.355,96.355,1
1775048340,96.36,96.36,96.36,96.36,3
1775048940,96.355,96.355,96.355,96.355,61
1775049000,96.355,96.355,96.355,96.355,8
1775049420,96.355,96.355,96.355,96.355,500
1775049660,96.355,96.355,96.355,96.355,2958
1775049720,96.355,96.355,96.355,96.355,7
1775049780,96.355,96.355,96.355,96.355,2126
1775050140,96.355,96.355,96.355,96.355,2
1775050320,96.355,96.355,96.355,96.355,100
1775050440,96.36,96.36,96.36,96.36,10
1775050620,96.36,96.36,96.36,96.36,1
1775050680,96.355,96.355,96.355,96.355,100
1775050800,96.355,96.355,96.355,96.355,42
1775050860,96.355,96.355,96.355,96.355,4
1775050920,96.355,96.355,96.355,96.355,1661
1775050980,96.355,96.355,96.355,96.355,26
1775051040,96.355,96.355,96.355,96.355,51
1775051100,96.355,96.355,96.355,96.355,30
1775051160,96.355,96.355,96.355,96.355,10
1775051220,96.355,96.355,96.355,96.355,36
1775051580,96.355,96.355,96.355,96.355,124
1775051820,96.355,96.355,96.355,96.355,1
1775051940,96.355,96.355,96.355,96.355,30
1775052240,96.35,96.355,96.35,96.355,83
1775052300,96.355,96.355,96.355,96.355,139
1775052360,96.355,96.355,96.355,96.355,2
1775052420,96.355,96.355,96.355,96.355,125
1775052720,96.355,96.355,96.355,96.355,1
1775052780,96.355,96.355,96.355,96.355,133
1775053020,96.355,96.355,96.355,96.355,5
1775053080,96.355,96.355,96.355,96.355,1
1775053140,96.355,96.355,96.355,96.355,524
1775053200,96.355,96.355,96.355,96.355,4
1775053440,96.355,96.355,96.355,96.355,200
1775053500,96.355,96.355,96.355,96.355,57
1775053560,96.355,96.355,96.355,96.355,712
1775053680,96.355,96.355,96.355,96.355,3
1775053740,96.355,96.355,96.355,96.355,504
1775054160,96.36,96.36,96.36,96.36,1
1775054340,96.36,96.36,96.36,96.36,1
1775054400,96.355,96.355,96.355,96.355,163
1775055300,96.355,96.355,96.355,96.355,4
1775055780,96.355,96.355,96.355,96.355,2
1775055900,96.355,96.355,96.355,96.355,24
1775056140,96.355,96.355,96.355,96.355,12
1775056260,96.355,96.355,96.355,96.355,1
1775056740,96.355,96.355,96.355,96.355,11
1775056800,96.355,96.355,96.355,96.355,1
1775056920,96.355,96.355,96.355,96.355,9
1775057280,96.355,96.355,96.355,96.355,240
1775057580,96.355,96.355,96.355,96.355,5
1775058960,96.355,96.355,96.355,96.355,1
1775059500,96.355,96.355,96.355,96.355,59
1775059860,96.355,96.355,96.355,96.355,161
1775059920,96.355,96.355,96.355,96.355,1885
1775059980,96.355,96.355,96.355,96.355,72
1775060160,96.355,96.355,96.355,96.355,18
1775060460,96.355,96.355,96.355,96.355,146
1775060520,96.355,96.355,96.355,96.355,30
1775060580,96.355,96.355,96.355,96.355,8
1775060700,96.355,96.355,96.355,96.355,15
1775061360,96.355,96.355,96.355,96.355,11
1775061780,96.355,96.355,96.355,96.355,295
1775062080,96.355,96.355,96.355,96.355,30
1775062500,96.355,96.355,96.355,96.355,5
1775062800,96.355,96.355,96.355,96.355,380
1775063460,96.355,96.355,96.355,96.355,2
1775064480,96.355,96.355,96.355,96.355,30
1775064600,96.355,96.355,96.355,96.355,20
1775064720,96.355,96.355,96.355,96.355,1352
1775064960,96.355,96.355,96.355,96.355,8
1775065560,96.355,96.355,96.355,96.355,300
1775065740,96.355,96.355,96.355,96.355,34
1775066460,96.355,96.355,96.355,96.355,312
1775066640,96.355,96.355,96.355,96.355,1156
1775066760,96.355,96.355,96.355,96.355,875
1775067900,96.355,96.355,96.355,96.355,8
1775068560,96.355,96.355,96.355,96.355,300
1775069520,96.355,96.355,96.355,96.355,15
1775069760,96.355,96.355,96.355,96.355,44
1775069940,96.355,96.36,96.355,96.36,3
1775070240,96.355,96.355,96.355,96.355,350
1775070300,96.355,96.355,96.355,96.355,66
1775070360,96.355,96.355,96.355,96.355,3
1775070600,96.355,96.355,96.355,96.355,400
1775070660,96.355,96.355,96.355,96.355,100
1775071920,96.355,96.355,96.355,96.355,1732
1775073120,96.355,96.355,96.355,96.355,259
1775073600,96.355,96.355,96.355,96.355,50
1775073960,96.355,96.355,96.355,96.355,25
1775074020,96.355,96.355,96.355,96.355,10
1775075760,96.355,96.355,96.355,96.355,3
1775075820,96.355,96.355,96.355,96.355,816
1775076000,96.355,96.355,96.355,96.355,501
1775076540,96.355,96.355,96.355,96.355,30
1775077140,96.355,96.355,96.355,96.355,1
1775081460,96.355,96.355,96.355,96.355,3
1775090880,96.355,96.355,96.355,96.355,3
1775090940,96.355,96.355,96.355,96.355,2
1775091000,96.355,96.355,96.355,96.355,10
1775099100,96.35,96.35,96.35,96.35,1
1775100300,96.35,96.35,96.35,96.35,1
1775100900,96.35,96.35,96.35,96.35,148
1775101620,96.35,96.35,96.35,96.35,100
1775102280,96.35,96.35,96.35,96.35,5
1775102820,96.35,96.35,96.35,96.35,1
1775102880,96.35,96.35,96.35,96.35,4
1775103000,96.35,96.35,96.35,96.35,3
1775106180,96.35,96.35,96.35,96.35,18
1775106240,96.35,96.35,96.35,96.35,15
1775106720,96.35,96.35,96.35,96.35,362
1775106780,96.35,96.35,96.35,96.35,38
1775107140,96.35,96.35,96.35,96.35,50
1775108940,96.35,96.35,96.35,96.35,99
1775109240,96.35,96.35,96.35,96.35,28
1775111100,96.355,96.355,96.355,96.355,21
1775111220,96.35,96.35,96.35,96.35,7
1775111760,96.35,96.35,96.35,96.35,223
1775111820,96.35,96.35,96.35,96.35,335
1775112300,96.35,96.35,96.35,96.35,5
1775112480,96.35,96.35,96.35,96.35,75
1775112840,96.35,96.35,96.35,96.35,70
1775114400,96.35,96.35,96.35,96.35,300
1775117100,96.355,96.355,96.355,96.355,1
1775117220,96.355,96.355,96.355,96.355,1
1775117400,96.355,96.355,96.355,96.355,1
1775117640,96.355,96.355,96.355,96.355,1
1775117820,96.355,96.355,96.355,96.355,1
1775118060,96.355,96.355,96.355,96.355,1
1775118300,96.355,96.355,96.355,96.355,1
1775118480,96.355,96.355,96.355,96.355,1
1775118660,96.355,96.355,96.355,96.355,1
1775118900,96.355,96.355,96.355,96.355,1
1775119080,96.355,96.355,96.355,96.355,1
1775119320,96.355,96.355,96.355,96.355,1
1775119560,96.355,96.355,96.355,96.355,1
1775119740,96.355,96.355,96.355,96.355,1
1775119980,96.355,96.355,96.355,96.355,1
1775120160,96.355,96.355,96.355,96.355,1
1775120340,96.355,96.355,96.355,96.355,1
1775127660,96.355,96.355,96.355,96.355,6
1775127720,96.355,96.355,96.355,96.355,300
1775127840,96.355,96.355,96.355,96.355,500
1775128200,96.355,96.355,96.355,96.355,5
1775128920,96.355,96.355,96.355,96.355,80
1775130120,96.35,96.35,96.35,96.35,78
1775131500,96.355,96.355,96.355,96.355,73
1775131680,96.355,96.355,96.355,96.355,162
1775131860,96.35,96.35,96.35,96.35,2
1775132400,96.35,96.355,96.35,96.355,42
1775132580,96.355,96.355,96.355,96.355,17
1775132640,96.355,96.355,96.355,96.355,1
1775133000,96.355,96.355,96.355,96.355,128
1775134860,96.35,96.35,96.35,96.35,44
1775137020,96.35,96.35,96.35,96.35,1
1775137260,96.355,96.355,96.35,96.35,6
1775137500,96.355,96.355,96.355,96.355,13873
1775137560,96.355,96.355,96.355,96.355,2
1775137620,96.355,96.355,96.355,96.355,320
1775137800,96.355,96.355,96.355,96.355,1
1775137980,96.355,96.355,96.355,96.355,1
1775138040,96.355,96.355,96.355,96.355,200
1775138280,96.355,96.355,96.355,96.355,1
1775138340,96.355,96.355,96.355,96.355,4
1775138460,96.355,96.355,96.355,96.355,13
1775138520,96.355,96.355,96.355,96.355,10
1775139000,96.355,96.355,96.355,96.355,1
1775139360,96.355,96.355,96.355,96.355,1
1775139720,96.355,96.355,96.355,96.355,5
1775139780,96.355,96.355,96.355,96.355,16
1775140020,96.355,96.355,96.355,96.355,1
1775140320,96.36,96.36,96.36,96.36,100
1775140380,96.355,96.355,96.355,96.355,1
1775140680,96.36,96.36,96.36,96.36,3
1775140740,96.36,96.36,96.36,96.36,354
1775140980,96.355,96.355,96.355,96.355,1
1775141400,96.355,96.355,96.355,96.355,1
1775141940,96.355,96.355,96.355,96.355,14
1775142720,96.355,96.355,96.355,96.355,39
1775143500,96.355,96.355,96.355,96.355,450
1775143680,96.355,96.355,96.355,96.355,26
1775143800,96.355,96.355,96.355,96.355,6
1775143860,96.355,96.355,96.355,96.355,9
1775144160,96.355,96.355,96.355,96.355,15
1775144580,96.355,96.355,96.355,96.355,3
1775145480,96.355,96.355,96.355,96.355,150
1775145540,96.355,96.355,96.355,96.355,99
1775145660,96.355,96.355,96.355,96.355,80
1775145780,96.36,96.36,96.36,96.36,35
1775145840,96.355,96.355,96.355,96.355,40
1775146320,96.355,96.355,96.355,96.355,1
1775146440,96.36,96.36,96.36,96.36,1000
1775147040,96.36,96.36,96.36,96.36,500
1775147160,96.355,96.355,96.355,96.355,302
1775147880,96.355,96.355,96.355,96.355,2
1775148240,96.355,96.355,96.355,96.355,250
1775148480,96.355,96.355,96.355,96.355,36
1775148780,96.355,96.355,96.355,96.355,1
1775149080,96.355,96.355,96.355,96.355,1
1775149500,96.355,96.355,96.355,96.355,1
1775149680,96.355,96.355,96.355,96.355,1
1775151660,96.36,96.36,96.36,96.36,25
1775155500,96.355,96.355,96.355,96.355,10
1775155800,96.36,96.36,96.36,96.36,2400
1775155860,96.36,96.36,96.36,96.36,1
1775156340,96.36,96.36,96.36,96.36,48
1775156520,96.36,96.36,96.36,96.36,150
1775158740,96.355,96.355,96.355,96.355,2
1775158860,96.36,96.36,96.36,96.36,13
1775158920,96.36,96.36,96.36,96.36,2
1775159220,96.355,96.355,96.355,96.355,5
1775160180,96.36,96.36,96.36,96.36,50
1775160240,96.36,96.36,96.36,96.36,10
1775160300,96.36,96.36,96.36,96.36,3
1775160540,96.36,96.36,96.36,96.36,49
1775163000,96.355,96.355,96.355,96.355,40
1775163060,96.355,96.355,96.355,96.355,2
1775163120,96.355,96.36,96.355,96.36,172
1775163240,96.355,96.36,96.355,96.36,83
1775163300,96.355,96.355,96.355,96.355,40
1775163360,96.355,96.355,96.355,96.355,5
1775163420,96.355,96.355,96.355,96.355,500
1775163540,96.355,96.36,96.355,96.36,7
1775167860,96.355,96.355,96.355,96.355,3
1775216100,96.36,96.36,96.36,96.36,11
1775216580,96.36,96.36,96.36,96.36,2
1775218680,96.355,96.355,96.355,96.355,12
1775218800,96.355,96.355,96.355,96.355,1
1775218860,96.36,96.36,96.36,96.36,122
1775218920,96.36,96.36,96.36,96.36,50
1775219100,96.36,96.36,96.36,96.36,101
1775219160,96.36,96.36,96.36,96.36,312
1775219220,96.36,96.36,96.36,96.36,54
1775219280,96.36,96.36,96.36,96.36,49
1775219340,96.36,96.36,96.355,96.355,50
1775219400,96.355,96.36,96.355,96.355,6097
1775219460,96.355,96.355,96.355,96.355,2437
1775219580,96.355,96.355,96.355,96.355,14
1775219640,96.355,96.36,96.355,96.36,131
1775219700,96.355,96.355,96.355,96.355,617
1775219820,96.355,96.355,96.355,96.355,1896
1775219880,96.355,96.355,96.355,96.355,136
1775219940,96.355,96.355,96.355,96.355,170
1775220060,96.355,96.355,96.355,96.355,1018
1775220360,96.355,96.355,96.355,96.355,2993
1775220480,96.355,96.355,96.355,96.355,280
1775221260,96.355,96.355,96.355,96.355,11
1775222520,96.355,96.355,96.355,96.355,9
1775223540,96.355,96.355,96.355,96.355,34
1775224680,96.355,96.355,96.355,96.355,8
1775226900,96.355,96.355,96.355,96.355,3355
1775228220,96.355,96.355,96.355,96.355,1
1775426400,96.355,96.355,96.355,96.355,251
1775426460,96.355,96.355,96.355,96.355,8
1775426520,96.355,96.355,96.355,96.355,1
1775427240,96.355,96.355,96.355,96.355,5
1775427420,96.355,96.355,96.355,96.355,8
1775436840,96.355,96.355,96.355,96.355,2
1775459340,96.355,96.355,96.355,96.355,47
1775474340,96.355,96.355,96.355,96.355,24
1775474880,96.355,96.355,96.355,96.355,2
1775475900,96.355,96.355,96.355,96.355,100
1775475960,96.355,96.355,96.355,96.355,128
1775478000,96.355,96.355,96.355,96.355,2
1775478360,96.355,96.355,96.355,96.355,7
1775478600,96.355,96.355,96.355,96.355,1
1775478720,96.355,96.355,96.355,96.355,1
1775478900,96.355,96.355,96.355,96.355,5
1775479680,96.355,96.355,96.355,96.355,1000
1775481300,96.355,96.355,96.355,96.355,17
1775482380,96.355,96.355,96.355,96.355,2
1775482500,96.355,96.355,96.355,96.355,93
1775483280,96.355,96.355,96.355,96.355,7
1775483880,96.355,96.355,96.355,96.355,133
1775484000,96.355,96.355,96.355,96.355,11
1775484060,96.355,96.355,96.355,96.355,6
1775484120,96.355,96.355,96.355,96.355,21
1775484180,96.355,96.355,96.355,96.355,20
1775485200,96.355,96.355,96.355,96.355,1
1775487000,96.355,96.355,96.355,96.355,20
1775489160,96.355,96.355,96.355,96.355,8
1775490060,96.355,96.355,96.355,96.355,20
1775490780,96.355,96.355,96.355,96.355,15
1775491320,96.355,96.355,96.355,96.355,113
1775492640,96.355,96.355,96.355,96.355,4
1775492700,96.355,96.355,96.355,96.355,8
1775493360,96.355,96.355,96.355,96.355,2
1775493600,96.355,96.355,96.355,96.355,1
1775493660,96.355,96.355,96.355,96.355,4
1775494200,96.355,96.355,96.355,96.355,6
1775494560,96.355,96.355,96.355,96.355,480
1775495220,96.36,96.36,96.36,96.36,45
1775495460,96.355,96.355,96.355,96.355,1
1775495520,96.355,96.355,96.355,96.355,600
1775496240,96.355,96.355,96.355,96.355,1
1775496540,96.355,96.355,96.355,96.355,8
1775497680,96.355,96.355,96.355,96.355,2
1775498640,96.355,96.355,96.355,96.355,5
1775498880,96.355,96.355,96.355,96.355,19
1775499420,96.355,96.355,96.355,96.355,1
1775499480,96.355,96.355,96.355,96.355,4
1775499540,96.355,96.355,96.355,96.355,6
1775499900,96.355,96.355,96.355,96.355,2
1775500260,96.355,96.355,96.355,96.355,4
1775500560,96.355,96.355,96.355,96.355,6
1775501280,96.355,96.355,96.355,96.355,10
1775501580,96.355,96.355,96.355,96.355,2
1775502660,96.36,96.36,96.36,96.36,25
1775504460,96.355,96.355,96.355,96.355,16
1775505540,96.355,96.355,96.355,96.355,8
1775505780,96.36,96.36,96.36,96.36,119
1775506140,96.355,96.36,96.355,96.36,47
1775506920,96.355,96.355,96.355,96.355,13
1775507460,96.355,96.355,96.355,96.355,42
1775507880,96.355,96.355,96.355,96.355,10
1775508480,96.355,96.355,96.355,96.355,1
1775508960,96.355,96.355,96.355,96.355,81
1775509020,96.355,96.355,96.355,96.355,2
1775509080,96.36,96.36,96.36,96.36,4
1775509140,96.36,96.36,96.355,96.355,1006
1775512860,96.355,96.355,96.355,96.355,15
1775513100,96.355,96.355,96.355,96.355,15
1775532300,96.355,96.355,96.355,96.355,2
1775538720,96.355,96.355,96.355,96.355,4
1775539500,96.355,96.355,96.355,96.355,2
1775545620,96.355,96.355,96.355,96.355,101
1775546100,96.355,96.355,96.355,96.355,49
1775549940,96.355,96.355,96.355,96.355,4
1775550420,96.355,96.355,96.355,96.355,1
1775551440,96.355,96.355,96.355,96.355,1
1775551560,96.355,96.355,96.355,96.355,3
1775551800,96.355,96.355,96.355,96.355,30
1775552700,96.355,96.355,96.355,96.355,2
1775553420,96.355,96.355,96.355,96.355,24
1775553780,96.355,96.355,96.355,96.355,2
1775554080,96.355,96.355,96.355,96.355,24
1775554320,96.355,96.355,96.355,96.355,1
1775554440,96.355,96.355,96.355,96.355,5
1775554740,96.355,96.355,96.355,96.355,3
1775554800,96.355,96.355,96.355,96.355,2
1775556540,96.355,96.355,96.355,96.355,252
1775556600,96.355,96.355,96.355,96.355,3
1775556720,96.355,96.355,96.355,96.355,9698
1775562240,96.355,96.355,96.355,96.355,2
1775563740,96.35,96.35,96.35,96.35,3
1775563860,96.355,96.355,96.355,96.355,1
1775564400,96.355,96.355,96.35,96.35,2
1775564760,96.355,96.355,96.355,96.355,5
1775567160,96.355,96.355,96.355,96.355,100
1775567520,96.355,96.355,96.355,96.355,87
1775567880,96.355,96.355,96.355,96.355,99
1775569140,96.355,96.355,96.355,96.355,25
1775569200,96.355,96.355,96.355,96.355,50
1775570100,96.355,96.355,96.355,96.355,38
1775570340,96.355,96.355,96.355,96.355,8
1775571780,96.35,96.35,96.35,96.35,248
1775573340,96.35,96.35,96.35,96.35,5
1775574120,96.35,96.35,96.35,96.35,25
1775574660,96.355,96.355,96.355,96.355,108
1775574900,96.35,96.35,96.35,96.35,50
1775576100,96.355,96.355,96.355,96.355,2
1775577960,96.355,96.355,96.355,96.355,96
1775578020,96.355,96.355,96.355,96.355,74
1775578980,96.355,96.355,96.355,96.355,1
1775579460,96.355,96.355,96.355,96.355,5
1775579580,96.355,96.355,96.355,96.355,9
1775581740,96.35,96.35,96.35,96.35,200
1775582040,96.355,96.355,96.355,96.355,600
1775582820,96.355,96.355,96.355,96.355,7
1775584140,96.355,96.355,96.355,96.355,46
1775584260,96.355,96.355,96.355,96.355,16
1775584440,96.355,96.355,96.355,96.355,1
1775585160,96.355,96.355,96.355,96.355,1
1775585340,96.355,96.355,96.355,96.355,28
1775585460,96.355,96.355,96.355,96.355,1
1775586780,96.355,96.355,96.355,96.355,2
1775586900,96.355,96.355,96.355,96.355,10
1775587320,96.355,96.355,96.355,96.355,30
1775587440,96.355,96.355,96.355,96.355,10
1775587920,96.355,96.355,96.355,96.355,120
1775587980,96.355,96.355,96.355,96.355,30
1775588040,96.355,96.355,96.355,96.355,94
1775588100,96.355,96.355,96.355,96.355,76
1775588160,96.355,96.355,96.355,96.355,102
1775588340,96.355,96.355,96.355,96.355,4
1775588520,96.355,96.355,96.355,96.355,4
1775588880,96.355,96.355,96.355,96.355,265
1775589060,96.355,96.355,96.355,96.355,50
1775589480,96.355,96.355,96.355,96.355,1
1775589660,96.355,96.355,96.355,96.355,1000
1775589780,96.355,96.355,96.355,96.355,1
1775589900,96.355,96.355,96.355,96.355,6
1775589960,96.355,96.355,96.355,96.355,4
1775590020,96.355,96.355,96.355,96.355,1
1775590920,96.355,96.355,96.355,96.355,1
1775590980,96.355,96.355,96.355,96.355,89
1775591040,96.355,96.355,96.355,96.355,1
1775591100,96.355,96.355,96.355,96.355,2220
1775591160,96.355,96.355,96.355,96.355,17
1775591340,96.355,96.355,96.355,96.355,2
1775591460,96.355,96.355,96.355,96.355,24
1775591760,96.355,96.355,96.355,96.355,266
1775591820,96.355,96.355,96.355,96.355,1
1775591880,96.355,96.355,96.355,96.355,701
1775591940,96.355,96.355,96.355,96.355,1
1775592000,96.355,96.355,96.355,96.355,100
1775592300,96.355,96.355,96.355,96.355,2
1775592360,96.355,96.355,96.355,96.355,2
1775592420,96.355,96.355,96.355,96.355,2
1775592600,96.355,96.355,96.355,96.355,3
1775592780,96.355,96.355,96.355,96.355,2
1775592900,96.355,96.355,96.355,96.355,738
1775593080,96.355,96.355,96.355,96.355,211
1775593140,96.355,96.355,96.355,96.355,91
1775593260,96.355,96.355,96.355,96.355,225
1775594100,96.355,96.355,96.355,96.355,2
1775595480,96.36,96.36,96.355,96.355,201
1775599200,96.355,96.36,96.355,96.36,32
1775599260,96.355,96.355,96.355,96.355,21
1775599380,96.355,96.355,96.355,96.355,382
1775599440,96.355,96.355,96.355,96.355,400
1775599500,96.355,96.355,96.355,96.355,269
1775599560,96.355,96.355,96.355,96.355,27
1775599620,96.36,96.36,96.36,96.36,3
1775600760,96.355,96.355,96.355,96.355,47
1775600820,96.355,96.355,96.355,96.355,2
1775601000,96.355,96.355,96.355,96.355,3
1775601120,96.355,96.355,96.355,96.355,682
1775601180,96.355,96.355,96.355,96.355,299
1775601300,96.355,96.355,96.355,96.355,5
1775601360,96.355,96.355,96.355,96.355,1012
1775601660,96.36,96.36,96.36,96.36,4
1775602200,96.355,96.355,96.355,96.355,49
1775605200,96.36,96.36,96.36,96.36,108
1775605800,96.355,96.355,96.355,96.355,293
1775608080,96.355,96.355,96.355,96.355,3
1775633220,96.36,96.36,96.36,96.36,573
1775633460,96.36,96.36,96.36,96.36,66
1775634420,96.355,96.355,96.355,96.355,12
1775635080,96.355,96.355,96.355,96.355,20
1775635140,96.355,96.355,96.355,96.355,1
1775635920,96.355,96.355,96.355,96.355,13
1775638200,96.355,96.36,96.355,96.36,44
1775638680,96.355,96.355,96.355,96.355,13
1775640000,96.355,96.355,96.355,96.355,50
1775640480,96.355,96.355,96.355,96.355,800
1775641560,96.355,96.355,96.355,96.355,228
1775641620,96.355,96.355,96.355,96.355,1
1775641920,96.355,96.355,96.355,96.355,25
1775642340,96.355,96.355,96.355,96.355,19
1775642400,96.355,96.355,96.355,96.355,10
1775642460,96.355,96.355,96.355,96.355,1
1775645340,96.355,96.355,96.355,96.355,1
1775645580,96.355,96.355,96.355,96.355,11
1775645640,96.355,96.355,96.355,96.355,61
1775646360,96.355,96.355,96.355,96.355,35
1775647860,96.355,96.355,96.355,96.355,38
1775648580,96.355,96.355,96.355,96.355,72
1775649000,96.355,96.355,96.355,96.355,100
1775649060,96.355,96.355,96.355,96.355,4
1775649480,96.355,96.355,96.355,96.355,9
1775649600,96.36,96.36,96.36,96.36,2
1775650080,96.36,96.36,96.36,96.36,3
1775650320,96.36,96.36,96.36,96.36,1
1775650380,96.36,96.36,96.36,96.36,2
1775650560,96.36,96.36,96.36,96.36,1
1775650800,96.355,96.355,96.355,96.355,2
1775651280,96.36,96.36,96.36,96.36,1
1775651520,96.36,96.36,96.36,96.36,7
1775652000,96.36,96.36,96.36,96.36,1
1775652600,96.36,96.36,96.36,96.36,1
1775652720,96.36,96.36,96.36,96.36,11
1775652960,96.36,96.36,96.36,96.36,1
1775653200,96.36,96.36,96.36,96.36,1
1775653380,96.36,96.36,96.36,96.36,1
1775653800,96.36,96.36,96.36,96.36,1
1775654160,96.36,96.36,96.36,96.36,1
1775654460,96.36,96.36,96.36,96.36,31
1775654760,96.36,96.36,96.36,96.36,1
1775655060,96.355,96.355,96.355,96.355,1
1775655420,96.355,96.355,96.355,96.355,200
1775655480,96.355,96.355,96.355,96.355,1
1775655720,96.36,96.36,96.36,96.36,19
1775655900,96.355,96.355,96.355,96.355,1
1775656080,96.36,96.36,96.36,96.36,2
1775656620,96.36,96.36,96.36,96.36,1
1775657520,96.355,96.355,96.355,96.355,100
1775658420,96.355,96.355,96.355,96.355,28
1775664840,96.355,96.355,96.355,96.355,2
1775665740,96.355,96.355,96.355,96.355,150
1775667360,96.36,96.36,96.36,96.36,2
1775667900,96.36,96.36,96.36,96.36,55
1775668860,96.355,96.355,96.355,96.355,10
1775669040,96.355,96.355,96.355,96.355,100
1775669100,96.355,96.355,96.355,96.355,40
1775669220,96.355,96.355,96.355,96.355,30
1775669400,96.355,96.355,96.355,96.355,88
1775669880,96.355,96.355,96.355,96.355,10
1775671200,96.355,96.355,96.355,96.355,588
1775671380,96.355,96.355,96.355,96.355,2
1775671440,96.355,96.36,96.355,96.36,45
1775672040,96.355,96.355,96.355,96.355,9
1775672100,96.355,96.355,96.355,96.355,14
1775672160,96.355,96.355,96.355,96.355,9
1775672280,96.355,96.355,96.355,96.355,5
1775672400,96.355,96.355,96.355,96.355,14
1775672580,96.355,96.355,96.355,96.355,1
1775672640,96.355,96.355,96.355,96.355,250
1775673060,96.355,96.355,96.355,96.355,2
1775673480,96.355,96.355,96.355,96.355,13
1775674440,96.355,96.355,96.355,96.355,8
1775674740,96.36,96.36,96.355,96.36,54
1775675400,96.355,96.355,96.355,96.355,60
1775675460,96.355,96.355,96.355,96.355,1
1775676660,96.355,96.355,96.355,96.355,1000
1775676720,96.355,96.355,96.355,96.355,190
1775677260,96.355,96.355,96.355,96.355,12
1775677440,96.355,96.355,96.355,96.355,480
1775677560,96.355,96.355,96.355,96.355,2
1775678700,96.355,96.355,96.355,96.355,604
1775679480,96.355,96.355,96.355,96.355,60
1775680320,96.355,96.355,96.355,96.355,220
1775681940,96.355,96.36,96.355,96.36,12
1775685600,96.355,96.355,96.355,96.355,4
1775694900,96.36,96.36,96.36,96.36,2
1775696880,96.355,96.355,96.355,96.355,7
1775708880,96.355,96.355,96.355,96.355,481
1775713380,96.355,96.355,96.355,96.355,9
1775717760,96.355,96.355,96.355,96.355,3
1775725800,96.355,96.355,96.355,96.355,200
1775726160,96.355,96.355,96.355,96.355,15
1775727360,96.355,96.355,96.355,96.355,8
1775731740,96.355,96.355,96.355,96.355,50
1775732100,96.355,96.355,96.355,96.355,1
1775732580,96.355,96.355,96.355,96.355,1
1775734200,96.36,96.36,96.36,96.36,1
1775734260,96.355,96.355,96.355,96.355,2
1775734860,96.355,96.355,96.355,96.355,15
1775735280,96.36,96.36,96.36,96.36,1
1775735340,96.355,96.355,96.355,96.355,2
1775735640,96.355,96.355,96.355,96.355,2
1775736840,96.355,96.355,96.355,96.355,4
1775737020,96.355,96.355,96.355,96.355,3
1775737200,96.355,96.36,96.355,96.36,19
1775737620,96.355,96.355,96.355,96.355,100
1775737740,96.355,96.355,96.355,96.355,6
1775737800,96.355,96.355,96.355,96.355,2
1775738040,96.355,96.355,96.355,96.355,1
1775738400,96.355,96.355,96.355,96.355,170
1775738880,96.355,96.355,96.355,96.355,2
1775739780,96.355,96.355,96.355,96.355,1
1775739900,96.355,96.355,96.355,96.355,7
1775740320,96.355,96.355,96.355,96.355,106
1775740380,96.355,96.355,96.355,96.355,1
1775741460,96.355,96.355,96.355,96.355,1
1775741580,96.355,96.355,96.355,96.355,1
1775742360,96.355,96.355,96.355,96.355,1
1775743380,96.355,96.355,96.355,96.355,2
1775744040,96.355,96.355,96.355,96.355,1
1775744280,96.355,96.355,96.355,96.355,1
1775744340,96.355,96.355,96.355,96.355,30
1775744940,96.355,96.355,96.355,96.355,1
1775745840,96.355,96.355,96.355,96.355,1
1775746800,96.355,96.355,96.355,96.355,1
1775747220,96.355,96.355,96.355,96.355,14
1775747340,96.355,96.355,96.355,96.355,1
1775747520,96.355,96.355,96.355,96.355,1
1775747640,96.355,96.355,96.355,96.355,19
1775748420,96.355,96.355,96.355,96.355,1
1775748600,96.355,96.355,96.355,96.355,24
1775748660,96.355,96.355,96.355,96.355,4
1775749260,96.355,96.355,96.355,96.355,1
1775749680,96.355,96.355,96.355,96.355,1
1775749740,96.355,96.355,96.355,96.355,19
1775750100,96.355,96.355,96.355,96.355,1
1775750460,96.36,96.36,96.36,96.36,1
1775750520,96.355,96.355,96.355,96.355,50
1775751120,96.355,96.355,96.355,96.355,1
1775751360,96.355,96.355,96.355,96.355,1
1775751720,96.355,96.355,96.355,96.355,1
1775752500,96.355,96.355,96.355,96.355,1
1775752680,96.36,96.36,96.36,96.36,50
1775753280,96.355,96.355,96.355,96.355,25
1775753400,96.355,96.355,96.355,96.355,1
1775753460,96.36,96.36,96.36,96.36,425
1775753700,96.355,96.355,96.355,96.355,1
1775753820,96.355,96.355,96.355,96.355,3
1775753940,96.355,96.355,96.355,96.355,1
1775754300,96.355,96.355,96.355,96.355,1
1775754480,96.355,96.355,96.355,96.355,1
1775755140,96.355,96.355,96.355,96.355,1
1775755500,96.355,96.355,96.355,96.355,8
1775755800,96.355,96.355,96.355,96.355,1
1775755980,96.36,96.36,96.36,96.36,2
1775756040,96.355,96.355,96.355,96.355,1
1775756700,96.355,96.355,96.355,96.355,1
1775757540,96.355,96.355,96.355,96.355,1
1775758260,96.355,96.355,96.355,96.355,1
1775758320,96.355,96.355,96.355,96.355,1
1775759400,96.355,96.355,96.355,96.355,1
1775759700,96.355,96.355,96.355,96.355,4987
1775759880,96.355,96.355,96.355,96.355,1
1775760000,96.355,96.355,96.355,96.355,1
1775760660,96.36,96.36,96.36,96.36,2666
1775760900,96.355,96.355,96.355,96.355,1
1775761140,96.355,96.355,96.355,96.355,14
1775762160,96.355,96.355,96.355,96.355,1
1775763300,96.355,96.355,96.355,96.355,5
1775764140,96.355,96.355,96.355,96.355,26
1775765700,96.355,96.355,96.355,96.355,33
1775766060,96.36,96.36,96.36,96.36,100
1775766180,96.355,96.355,96.355,96.355,480
1775766300,96.355,96.355,96.355,96.355,7
1775767500,96.355,96.355,96.355,96.355,120
1775767680,96.355,96.355,96.355,96.355,12
1775767980,96.355,96.355,96.355,96.355,25
1775768340,96.36,96.36,96.36,96.36,3
1775772060,96.355,96.355,96.355,96.355,5
1775772300,96.355,96.355,96.355,96.355,4
1775772360,96.355,96.355,96.355,96.355,6
1775773200,96.355,96.355,96.355,96.355,15
1775794500,96.355,96.355,96.355,96.355,5
1775794560,96.355,96.355,96.355,96.355,4
1775795640,96.36,96.36,96.36,96.36,19
1775802480,96.355,96.355,96.355,96.355,3
1775805720,96.355,96.355,96.355,96.355,67
1775807640,96.355,96.355,96.355,96.355,500
1775812800,96.36,96.36,96.36,96.36,1
1775816640,96.355,96.355,96.355,96.355,300
1775817960,96.355,96.355,96.355,96.355,110
1775819220,96.355,96.355,96.355,96.355,9
1775819340,96.355,96.355,96.355,96.355,1
1775820300,96.355,96.355,96.355,96.355,1205
1775820480,96.355,96.355,96.355,96.355,200
1775821920,96.355,96.355,96.355,96.355,79
1775821980,96.36,96.36,96.36,96.36,100
1775822100,96.355,96.355,96.355,96.355,1
1775822160,96.355,96.355,96.355,96.355,140
1775823060,96.355,96.355,96.355,96.355,11
1775823120,96.355,96.355,96.355,96.355,4
1775823420,96.355,96.355,96.355,96.355,4
1775823600,96.355,96.355,96.355,96.355,2
1775823660,96.355,96.355,96.355,96.355,2
1775823720,96.355,96.355,96.355,96.355,2
1775823780,96.355,96.355,96.355,96.355,2
1775823840,96.355,96.355,96.355,96.355,1
1775823900,96.355,96.355,96.355,96.355,1
1775823960,96.355,96.355,96.355,96.355,3
1775824020,96.355,96.355,96.355,96.355,2
1775824080,96.355,96.355,96.355,96.355,152
1775824140,96.355,96.355,96.355,96.355,300
1775824200,96.36,96.36,96.355,96.355,190
1775824320,96.355,96.355,96.355,96.355,6
1775824380,96.355,96.355,96.355,96.355,1
1775824500,96.355,96.355,96.355,96.355,5
1775824740,96.355,96.355,96.355,96.355,42
1775824920,96.355,96.355,96.355,96.355,1
1775825220,96.355,96.355,96.355,96.355,1
1775825280,96.355,96.355,96.355,96.355,159
1775825340,96.355,96.355,96.355,96.355,100
1775825640,96.355,96.355,96.355,96.355,2
1775827980,96.355,96.355,96.355,96.355,1
1775828640,96.36,96.36,96.36,96.36,50
1775830740,96.36,96.36,96.36,96.36,8
1775831160,96.355,96.355,96.355,96.355,1
1775831400,96.36,96.36,96.36,96.36,9
1775831760,96.355,96.355,96.355,96.355,1
1775832300,96.36,96.36,96.36,96.36,7
1775832960,96.355,96.355,96.355,96.355,37
1775834580,96.355,96.355,96.355,96.355,1
1775835540,96.36,96.36,96.36,96.36,161
1775836200,96.355,96.355,96.355,96.355,800
1775837040,96.355,96.355,96.355,96.355,1
1775837100,96.36,96.36,96.36,96.36,6
1775837160,96.355,96.355,96.355,96.355,1186
1775838180,96.355,96.355,96.355,96.355,5
1775839140,96.355,96.355,96.355,96.355,1
1775839740,96.355,96.355,96.355,96.355,232
1775839860,96.355,96.355,96.355,96.355,1
1775841600,96.355,96.355,96.355,96.355,8
1775842440,96.355,96.355,96.355,96.355,6
1775842560,96.355,96.355,96.355,96.355,1
1775844300,96.355,96.355,96.355,96.355,1
1775845920,96.355,96.355,96.355,96.355,1
1775846940,96.36,96.36,96.36,96.36,6
1775847000,96.355,96.355,96.355,96.355,1
1775847120,96.355,96.355,96.355,96.355,1
1775847180,96.355,96.355,96.355,96.355,1
1775847240,96.355,96.355,96.355,96.355,1
1775847300,96.355,96.355,96.355,96.355,2
1775847360,96.355,96.355,96.355,96.355,1
1775847420,96.355,96.355,96.355,96.355,2
1775847480,96.355,96.36,96.355,96.36,49
1775847540,96.355,96.355,96.355,96.355,7
1775849460,96.36,96.36,96.36,96.36,100
1775849580,96.36,96.36,96.36,96.36,200
1775849820,96.36,96.36,96.36,96.36,28
1775850840,96.355,96.355,96.355,96.355,1
1775850960,96.355,96.355,96.355,96.355,11
1775853060,96.355,96.355,96.355,96.355,60
1775853660,96.36,96.36,96.36,96.36,27
1775853960,96.36,96.36,96.36,96.36,1
1775854080,96.36,96.36,96.355,96.355,55
1775854140,96.36,96.36,96.36,96.36,4
1775854680,96.36,96.36,96.36,96.36,65
1775854740,96.36,96.36,96.36,96.36,35
1776031200,96.355,96.355,96.355,96.355,2634
1776031260,96.355,96.355,96.355,96.355,44
1776031920,96.355,96.355,96.355,96.355,8
1776032760,96.355,96.355,96.355,96.355,2000
1776033540,96.35,96.35,96.35,96.35,2
1776039720,96.355,96.355,96.355,96.355,10
1776064620,96.355,96.355,96.355,96.355,2
1776064800,96.355,96.355,96.355,96.355,240
1776065460,96.355,96.355,96.355,96.355,11
1776065760,96.355,96.355,96.355,96.355,523
1776066720,96.355,96.355,96.355,96.355,111
1776070320,96.35,96.35,96.35,96.35,10
1776070500,96.35,96.35,96.35,96.35,13
1776070560,96.355,96.355,96.355,96.355,18
1776072660,96.355,96.355,96.355,96.355,2
1776075240,96.355,96.355,96.355,96.355,1
1776075720,96.355,96.355,96.355,96.355,1
1776076800,96.355,96.355,96.355,96.355,3004
1776077040,96.355,96.355,96.355,96.355,500
1776077280,96.355,96.355,96.355,96.355,9
1776077820,96.355,96.355,96.355,96.355,2
1776078000,96.355,96.355,96.355,96.355,3
1776078420,96.355,96.355,96.355,96.355,76
1776078720,96.355,96.355,96.355,96.355,30
1776082800,96.355,96.355,96.35,96.35,2
1776082860,96.35,96.35,96.35,96.35,1
1776082980,96.35,96.35,96.35,96.35,1
1776083100,96.35,96.35,96.35,96.35,1
1776083160,96.355,96.355,96.355,96.355,6
1776084000,96.355,96.355,96.355,96.355,56
1776084300,96.355,96.355,96.355,96.355,115
1776084360,96.355,96.355,96.355,96.355,353
1776084420,96.355,96.355,96.355,96.355,109
1776084480,96.355,96.355,96.355,96.355,3
1776084660,96.355,96.355,96.355,96.355,140
1776084720,96.355,96.355,96.355,96.355,25
1776084840,96.355,96.355,96.355,96.355,1
1776084900,96.355,96.355,96.355,96.355,5610
1776084960,96.355,96.355,96.355,96.355,89
1776085020,96.355,96.355,96.355,96.355,18
1776085080,96.355,96.355,96.355,96.355,139
1776085140,96.355,96.355,96.355,96.355,302
1776085920,96.355,96.355,96.355,96.355,14
1776087000,96.355,96.355,96.355,96.355,36
1776087240,96.355,96.355,96.355,96.355,2
1776087360,96.355,96.355,96.355,96.355,36
1776087420,96.355,96.355,96.355,96.355,300
1776088320,96.355,96.355,96.355,96.355,2
1776088920,96.355,96.355,96.355,96.355,1
1776089100,96.355,96.355,96.355,96.355,30
1776089580,96.355,96.355,96.355,96.355,1
1776090120,96.355,96.355,96.355,96.355,120
1776091260,96.355,96.355,96.355,96.355,7
1776091620,96.355,96.355,96.355,96.355,2
1776091980,96.355,96.355,96.355,96.355,63
1776092640,96.355,96.355,96.355,96.355,1
1776092760,96.355,96.355,96.355,96.355,4
1776093240,96.355,96.355,96.355,96.355,500
1776093420,96.355,96.355,96.355,96.355,1964
1776093480,96.355,96.355,96.355,96.355,383
1776093660,96.355,96.355,96.355,96.355,100
1776093780,96.355,96.355,96.355,96.355,300
1776093840,96.355,96.355,96.355,96.355,1
1776093900,96.355,96.355,96.355,96.355,200
1776093960,96.355,96.355,96.355,96.355,2
1776094020,96.355,96.355,96.355,96.355,12
1776094140,96.355,96.355,96.355,96.355,32
1776094560,96.355,96.355,96.355,96.355,200
1776094680,96.355,96.355,96.355,96.355,200
1776095220,96.355,96.355,96.355,96.355,86
1776095280,96.355,96.355,96.355,96.355,1
1776095700,96.35,96.35,96.35,96.35,1
1776096120,96.355,96.355,96.355,96.355,1043
1776096180,96.355,96.355,96.355,96.355,1080
1776096360,96.355,96.355,96.355,96.355,1790
1776096960,96.355,96.355,96.355,96.355,356
1776097200,96.355,96.355,96.355,96.355,2
1776097800,96.355,96.355,96.355,96.355,2
1776097920,96.355,96.355,96.355,96.355,83
1776097980,96.355,96.355,96.355,96.355,21
1776098280,96.355,96.355,96.355,96.355,35
1776099300,96.36,96.36,96.36,96.36,5501
1776103020,96.355,96.355,96.355,96.355,3
1776103380,96.355,96.355,96.355,96.355,100
1776103800,96.36,96.36,96.355,96.355,128
1776105240,96.355,96.355,96.355,96.355,25
1776105900,96.355,96.355,96.355,96.355,25
1776106440,96.355,96.355,96.355,96.355,1
1776106560,96.355,96.355,96.355,96.355,1
1776106740,96.36,96.36,96.355,96.36,27
1776106860,96.355,96.355,96.355,96.355,1
1776108660,96.355,96.355,96.355,96.355,20
1776109260,96.355,96.355,96.355,96.355,1
1776109500,96.355,96.355,96.355,96.355,1
1776109980,96.355,96.355,96.355,96.355,152
1776111600,96.355,96.355,96.355,96.355,200
1776111840,96.355,96.355,96.355,96.355,17
1776112740,96.355,96.355,96.355,96.355,52
1776113100,96.355,96.355,96.355,96.355,17
1776113280,96.355,96.355,96.355,96.355,14
1776113520,96.355,96.355,96.355,96.355,18
1776113880,96.355,96.355,96.355,96.355,2
1776113940,96.355,96.355,96.355,96.355,2
1776117600,96.355,96.355,96.355,96.355,4
1776117660,96.355,96.355,96.355,96.355,3
1776121140,96.355,96.355,96.355,96.355,44
1776137400,96.355,96.355,96.355,96.355,25
1776137460,96.355,96.355,96.355,96.355,3
1776144180,96.36,96.36,96.36,96.36,24
1776148680,96.355,96.355,96.355,96.355,8
1776150600,96.36,96.36,96.36,96.36,249
1776151080,96.355,96.355,96.355,96.355,2
1776154860,96.355,96.355,96.355,96.355,25
1776155520,96.355,96.355,96.355,96.355,54
1776157620,96.355,96.355,96.355,96.355,41
1776159480,96.355,96.355,96.355,96.355,331
1776160920,96.355,96.355,96.355,96.355,74
1776163260,96.355,96.355,96.355,96.355,555
1776163440,96.355,96.355,96.355,96.355,2
1776163680,96.355,96.355,96.355,96.355,4
1776164460,96.355,96.355,96.355,96.355,1
1776165900,96.36,96.36,96.36,96.36,5
1776166800,96.355,96.355,96.355,96.355,3
1776167040,96.36,96.36,96.36,96.36,10
1776168240,96.36,96.36,96.36,96.36,7
1776168420,96.36,96.36,96.36,96.36,8
1776168780,96.36,96.36,96.36,96.36,14
1776169200,96.355,96.355,96.355,96.355,2
1776169740,96.355,96.355,96.355,96.355,22
1776169800,96.355,96.355,96.355,96.355,22
1776170520,96.355,96.355,96.355,96.355,249
1776172740,96.355,96.355,96.355,96.355,15
1776172800,96.355,96.355,96.355,96.355,100
1776172860,96.355,96.355,96.355,96.355,50
1776172920,96.355,96.355,96.355,96.355,16
1776173100,96.355,96.355,96.355,96.355,851
1776173220,96.355,96.355,96.355,96.355,1
1776174840,96.355,96.355,96.355,96.355,100
1776175680,96.355,96.355,96.355,96.355,15
1776176280,96.36,96.36,96.36,96.36,463
1776177480,96.36,96.36,96.355,96.355,59
1776178560,96.36,96.36,96.36,96.36,2
1776179280,96.36,96.36,96.36,96.36,80
1776180000,96.36,96.36,96.36,96.36,2
1776180540,96.355,96.355,96.355,96.355,1000
1776181800,96.355,96.355,96.355,96.355,5
1776181920,96.36,96.36,96.36,96.36,107
1776182520,96.355,96.355,96.355,96.355,28
1776185820,96.355,96.355,96.355,96.355,4
1776187380,96.355,96.355,96.355,96.355,13
1776188880,96.355,96.355,96.355,96.355,2
1776189120,96.355,96.355,96.355,96.355,202
1776189360,96.355,96.355,96.355,96.355,1
1776191400,96.355,96.355,96.355,96.355,1001
1776192540,96.355,96.355,96.355,96.355,1
1776193140,96.36,96.36,96.355,96.36,57
1776194940,96.355,96.355,96.355,96.355,133
1776196020,96.355,96.355,96.355,96.355,2
1776196740,96.355,96.355,96.355,96.355,6
1776196980,96.355,96.355,96.355,96.355,37
1776197280,96.36,96.36,96.36,96.36,70
1776197580,96.355,96.355,96.355,96.355,24
1776197640,96.36,96.36,96.36,96.36,25
1776197880,96.36,96.36,96.36,96.36,40
1776197940,96.355,96.355,96.355,96.355,19
1776199320,96.355,96.355,96.355,96.355,6
1776199380,96.355,96.355,96.355,96.355,112
1776199680,96.36,96.36,96.355,96.355,2200
1776200160,96.355,96.355,96.355,96.355,22
1776200280,96.355,96.355,96.355,96.355,1
1776204000,96.355,96.355,96.355,96.355,2
1776217920,96.355,96.355,96.355,96.355,15
1776227520,96.36,96.36,96.36,96.36,1
1776229680,96.36,96.36,96.36,96.36,142
1776231900,96.355,96.355,96.355,96.355,22
1776233940,96.355,96.355,96.355,96.355,25
1776235620,96.355,96.355,96.355,96.355,200
1776235920,96.355,96.355,96.355,96.355,1
1776241800,96.355,96.355,96.355,96.355,20
1776244080,96.355,96.355,96.355,96.355,500
1776246720,96.355,96.355,96.355,96.355,18
1776249180,96.355,96.355,96.355,96.355,5
1776249780,96.355,96.355,96.355,96.355,398
1776250020,96.355,96.355,96.355,96.355,7
1776250260,96.355,96.355,96.355,96.355,12
1776253740,96.36,96.36,96.36,96.36,1
1776253980,96.36,96.36,96.36,96.36,1
1776255600,96.36,96.36,96.36,96.36,2
1776255900,96.36,96.36,96.36,96.36,2
1776256260,96.36,96.36,96.36,96.36,1
1776256560,96.36,96.36,96.36,96.36,1
1776257040,96.36,96.36,96.36,96.36,1
1776257820,96.36,96.36,96.36,96.36,1
1776258180,96.36,96.36,96.36,96.36,1
1776258720,96.36,96.36,96.36,96.36,3
1776259500,96.36,96.36,96.36,96.36,2
1776260100,96.36,96.36,96.36,96.36,1
1776260820,96.36,96.36,96.36,96.36,1
1776261120,96.36,96.36,96.36,96.36,1
1776261840,96.36,96.36,96.36,96.36,1
1776262260,96.36,96.36,96.36,96.36,1
1776262320,96.36,96.36,96.36,96.36,1
1776262440,96.36,96.36,96.36,96.36,1
1776262620,96.36,96.36,96.36,96.36,600
1776263160,96.36,96.36,96.36,96.36,1
1776263580,96.36,96.36,96.36,96.36,1
1776264000,96.355,96.355,96.355,96.355,1
1776264060,96.36,96.36,96.36,96.36,83
1776264120,96.36,96.36,96.36,96.36,40
1776264180,96.36,96.36,96.36,96.36,1
1776264780,96.36,96.36,96.36,96.36,1
1776264960,96.36,96.36,96.36,96.36,1
1776265200,96.36,96.36,96.36,96.36,200
1776265320,96.355,96.355,96.355,96.355,50
1776265380,96.36,96.36,96.36,96.36,41
1776265680,96.36,96.36,96.36,96.36,1
1776265980,96.36,96.36,96.36,96.36,20
1776266340,96.36,96.36,96.36,96.36,1
1776266400,96.36,96.36,96.36,96.36,1
1776267240,96.36,96.36,96.36,96.36,1
1776267420,96.36,96.36,96.36,96.36,1
1776267480,96.355,96.36,96.355,96.36,103
1776268140,96.36,96.36,96.36,96.36,1
1776268620,96.36,96.36,96.36,96.36,1
1776268800,96.36,96.36,96.36,96.36,1
1776269580,96.36,96.36,96.36,96.36,1
1776270120,96.36,96.36,96.36,96.36,1
1776270180,96.36,96.36,96.36,96.36,1
1776271080,96.36,96.36,96.36,96.36,1
1776271380,96.36,96.36,96.36,96.36,1
1776271680,96.36,96.36,96.36,96.36,1
1776271980,96.36,96.36,96.36,96.36,1
1776272040,96.36,96.36,96.36,96.36,4
1776272460,96.36,96.36,96.36,96.36,1
1776272580,96.36,96.36,96.36,96.36,1
1776273180,96.36,96.36,96.36,96.36,154
1776273420,96.36,96.36,96.36,96.36,1
1776273660,96.36,96.36,96.36,96.36,16
1776274080,96.36,96.36,96.36,96.36,1
1776274140,96.36,96.36,96.36,96.36,1
1776274620,96.355,96.355,96.355,96.355,120
1776274680,96.355,96.36,96.355,96.36,97
1776274860,96.355,96.355,96.355,96.355,8
1776275520,96.36,96.36,96.36,96.36,1
1776275580,96.36,96.36,96.36,96.36,1
1776276420,96.36,96.36,96.36,96.36,1
1776276540,96.36,96.36,96.36,96.36,1
1776276900,96.355,96.355,96.355,96.355,100
1776277020,96.36,96.36,96.36,96.36,1
1776277800,96.36,96.36,96.36,96.36,5
1776277980,96.36,96.36,96.36,96.36,1
1776278640,96.36,96.36,96.36,96.36,1
1776278760,96.36,96.36,96.36,96.36,1
1776279480,96.36,96.36,96.36,96.36,2
1776279540,96.355,96.355,96.355,96.355,2
1776279840,96.36,96.36,96.36,96.36,7
1776280080,96.36,96.36,96.36,96.36,1
1776280320,96.36,96.36,96.36,96.36,1
1776280440,96.36,96.36,96.36,96.36,1
1776282720,96.36,96.36,96.36,96.36,213
1776283800,96.355,96.355,96.355,96.355,10
1776284460,96.36,96.36,96.36,96.36,1
1776285660,96.36,96.36,96.36,96.36,7
1776286680,96.355,96.355,96.355,96.355,2
1776322980,96.355,96.355,96.355,96.355,2
1776323460,96.355,96.355,96.355,96.355,15
1776327300,96.355,96.355,96.355,96.355,30
1776331020,96.36,96.36,96.36,96.36,50
1776331140,96.36,96.36,96.36,96.36,75
1776335520,96.36,96.36,96.36,96.36,90
1776338700,96.36,96.36,96.36,96.36,1
1776339180,96.355,96.355,96.355,96.355,3
1776342000,96.36,96.36,96.355,96.355,2
1776342420,96.36,96.36,96.36,96.36,12
1776342540,96.36,96.36,96.36,96.36,265
1776344220,96.36,96.36,96.355,96.355,4
1776349920,96.36,96.36,96.36,96.36,86
1776350640,96.36,96.36,96.36,96.36,2
1776352320,96.36,96.36,96.36,96.36,60
1776352680,96.36,96.36,96.36,96.36,20
1776353640,96.36,96.36,96.36,96.36,1
1776353700,96.36,96.36,96.36,96.36,100
1776353760,96.36,96.36,96.36,96.36,1
1776353880,96.36,96.36,96.36,96.36,100
1776354120,96.355,96.355,96.355,96.355,126
1776355800,96.36,96.36,96.36,96.36,60
1776357720,96.355,96.355,96.355,96.355,41
1776359100,96.355,96.355,96.355,96.355,50
1776361740,96.36,96.36,96.36,96.36,8
1776363780,96.355,96.355,96.355,96.355,12
1776364080,96.36,96.36,96.36,96.36,12
1776365700,96.36,96.36,96.36,96.36,5
1776365940,96.36,96.36,96.36,96.36,4
1776368400,96.36,96.36,96.36,96.36,25
1776368580,96.36,96.36,96.36,96.36,1
1776368640,96.36,96.36,96.36,96.36,311
1776368820,96.36,96.36,96.36,96.36,224
1776369300,96.36,96.36,96.36,96.36,2
1776369420,96.36,96.36,96.36,96.36,54
1776369720,96.355,96.355,96.355,96.355,40
1776372900,96.36,96.36,96.36,96.36,125
1776372960,96.36,96.36,96.36,96.36,53
1776373020,96.36,96.36,96.36,96.36,5
1776373080,96.355,96.355,96.355,96.355,1
1776373140,96.36,96.36,96.36,96.36,7
1776378480,96.36,96.36,96.36,96.36,85
1776388380,96.355,96.355,96.355,96.355,44
1776393660,96.355,96.355,96.355,96.355,65
1776403800,96.355,96.355,96.355,96.355,10
1776409500,96.36,96.36,96.36,96.36,4
1776410580,96.36,96.36,96.36,96.36,7
1776411000,96.36,96.36,96.36,96.36,17
1776418920,96.36,96.36,96.36,96.36,9
1776418980,96.36,96.36,96.36,96.36,10
1776419280,96.355,96.355,96.355,96.355,13
1776423360,96.36,96.36,96.36,96.36,57
1776423420,96.36,96.36,96.36,96.36,40
1776423780,96.36,96.36,96.36,96.36,81
1776426060,96.36,96.36,96.36,96.36,49
1776426540,96.36,96.36,96.36,96.36,23
1776427020,96.36,96.36,96.36,96.36,3
1776427080,96.36,96.36,96.36,96.36,3
1776427380,96.355,96.355,96.355,96.355,63
1776428400,96.36,96.36,96.355,96.355,2
1776428700,96.36,96.36,96.36,96.36,3
1776429300,96.36,96.36,96.36,96.36,1
1776429480,96.355,96.355,96.355,96.355,20
1776429960,96.36,96.36,96.36,96.36,7
1776430020,96.36,96.36,96.36,96.36,1
1776430140,96.36,96.36,96.36,96.36,787
1776430200,96.36,96.36,96.36,96.36,11
1776430320,96.36,96.36,96.36,96.36,68
1776430500,96.36,96.36,96.36,96.36,1
1776430800,96.36,96.36,96.36,96.36,17
1776431520,96.36,96.36,96.36,96.36,228
1776431640,96.36,96.36,96.36,96.36,3
1776431700,96.36,96.36,96.36,96.36,123
1776431820,96.36,96.36,96.36,96.36,60
1776432300,96.36,96.36,96.36,96.36,7
1776432360,96.36,96.36,96.36,96.36,13
1776432720,96.36,96.36,96.36,96.36,1
1776432780,96.36,96.36,96.36,96.36,1
1776432960,96.36,96.36,96.36,96.36,1
1776434640,96.36,96.36,96.36,96.36,151
1776435180,96.36,96.36,96.36,96.36,1
1776435240,96.36,96.36,96.36,96.36,1
1776436320,96.36,96.36,96.36,96.36,1
1776436920,96.36,96.36,96.36,96.36,1
1776437760,96.36,96.36,96.36,96.36,101
1776438120,96.355,96.355,96.355,96.355,1
1776438420,96.36,96.36,96.36,96.36,35
1776438660,96.36,96.36,96.36,96.36,70
1776439200,96.36,96.36,96.36,96.36,67
1776439680,96.36,96.36,96.36,96.36,23
1776439740,96.36,96.36,96.36,96.36,2
1776439800,96.36,96.36,96.36,96.36,30
1776441660,96.355,96.355,96.355,96.355,15
1776442320,96.36,96.36,96.36,96.36,96
1776442380,96.36,96.36,96.36,96.36,32
1776442440,96.36,96.36,96.36,96.36,7
1776442560,96.36,96.36,96.36,96.36,200
1776443040,96.36,96.36,96.36,96.36,19
1776443160,96.36,96.36,96.36,96.36,3
1776443400,96.355,96.355,96.355,96.355,100
1776443580,96.355,96.355,96.355,96.355,60
1776443820,96.355,96.355,96.355,96.355,50
1776444180,96.36,96.36,96.355,96.355,347
1776445020,96.36,96.36,96.36,96.36,222
1776445620,96.355,96.355,96.355,96.355,750
1776446760,96.36,96.36,96.36,96.36,6
1776446820,96.36,96.36,96.36,96.36,2
1776447840,96.36,96.36,96.36,96.36,1
1776448080,96.36,96.36,96.36,96.36,1
1776448200,96.36,96.36,96.36,96.36,13
1776448680,96.355,96.36,96.355,96.36,57
1776449760,96.36,96.36,96.36,96.36,1
1776450480,96.36,96.36,96.36,96.36,5
1776452340,96.355,96.355,96.355,96.355,9
1776453480,96.36,96.36,96.36,96.36,1000
1776453540,96.36,96.36,96.36,96.36,75
1776454080,96.36,96.36,96.36,96.36,2
1776454200,96.355,96.355,96.355,96.355,27
1776454620,96.36,96.36,96.36,96.36,13
1776455220,96.36,96.36,96.36,96.36,40
1776456660,96.355,96.355,96.355,96.355,10
1776457080,96.36,96.36,96.355,96.355,64
1776457200,96.355,96.355,96.355,96.355,33
1776457800,96.36,96.36,96.36,96.36,1
1776457860,96.36,96.36,96.36,96.36,3
1776457920,96.36,96.36,96.36,96.36,249
1776457980,96.355,96.355,96.355,96.355,100
1776458040,96.355,96.355,96.355,96.355,25
1776458160,96.36,96.36,96.355,96.355,1260
1776458700,96.36,96.36,96.36,96.36,36
1776458760,96.36,96.36,96.36,96.36,9
1776458820,96.36,96.36,96.36,96.36,173
1776459240,96.36,96.36,96.36,96.36,15
1776459360,96.36,96.36,96.36,96.36,20
1776459480,96.355,96.36,96.355,96.36,1004
1776459540,96.36,96.36,96.36,96.36,163
1776636000,96.355,96.36,96.355,96.36,2387
1776636180,96.36,96.36,96.36,96.36,3
1776637380,96.36,96.36,96.36,96.36,10
1776669420,96.36,96.36,96.36,96.36,15
1776672120,96.36,96.36,96.36,96.36,20
1776674160,96.36,96.36,96.36,96.36,6
1776676260,96.36,96.36,96.36,96.36,59
1776678840,96.36,96.36,96.36,96.36,93
1776681540,96.355,96.355,96.355,96.355,2
1776684960,96.36,96.36,96.36,96.36,500
1776685920,96.36,96.36,96.36,96.36,89
1776686100,96.36,96.36,96.36,96.36,200
1776686700,96.36,96.36,96.36,96.36,200
1776687600,96.355,96.355,96.355,96.355,2
1776688380,96.36,96.36,96.36,96.36,3
1776688500,96.36,96.36,96.36,96.36,1
1776690600,96.355,96.355,96.355,96.355,400
1776690960,96.36,96.36,96.36,96.36,1
1776691260,96.36,96.36,96.36,96.36,5
1776691680,96.36,96.36,96.36,96.36,1
1776692280,96.355,96.355,96.355,96.355,1
1776692940,96.36,96.36,96.36,96.36,295
1776693000,96.355,96.355,96.355,96.355,1
1776693060,96.355,96.36,96.355,96.36,360
1776693120,96.36,96.36,96.36,96.36,4
1776693180,96.355,96.355,96.355,96.355,1
1776693360,96.36,96.36,96.36,96.36,2
1776693540,96.355,96.355,96.355,96.355,1
1776694140,96.355,96.355,96.355,96.355,20
1776696000,96.36,96.36,96.36,96.36,7
1776697320,96.355,96.355,96.355,96.355,25
1776697920,96.36,96.36,96.36,96.36,200
1776698280,96.36,96.36,96.36,96.36,200
1776700080,96.36,96.36,96.36,96.36,41
1776700260,96.36,96.36,96.36,96.36,54
1776700740,96.36,96.36,96.36,96.36,2
1776701520,96.355,96.355,96.355,96.355,200
1776701640,96.355,96.355,96.355,96.355,100
1776702000,96.36,96.36,96.36,96.36,23
1776705600,96.36,96.36,96.36,96.36,7
1776705840,96.36,96.36,96.36,96.36,4
1776711540,96.36,96.36,96.355,96.36,13
1776712500,96.355,96.355,96.355,96.355,27
1776713520,96.36,96.36,96.36,96.36,42
1776713880,96.36,96.36,96.36,96.36,1
1776714060,96.36,96.36,96.36,96.36,7
1776714960,96.36,96.36,96.36,96.36,2
1776715380,96.355,96.355,96.355,96.355,25
1776715620,96.355,96.355,96.355,96.355,200
1776715680,96.355,96.355,96.355,96.355,26
1776716520,96.355,96.355,96.355,96.355,1
1776718200,96.36,96.36,96.36,96.36,1
1776718320,96.36,96.36,96.36,96.36,55
1776718440,96.36,96.36,96.36,96.36,27
1776718560,96.36,96.36,96.36,96.36,34
1776718680,96.36,96.36,96.36,96.36,4
1776723960,96.36,96.36,96.36,96.36,10
1776760080,96.36,96.36,96.36,96.36,6
1776761220,96.36,96.36,96.36,96.36,1500
1776761400,96.355,96.355,96.355,96.355,3
1776761700,96.36,96.36,96.36,96.36,113
1776768420,96.355,96.355,96.355,96.355,2
1776773700,96.36,96.36,96.355,96.355,9624
1776774000,96.355,96.355,96.355,96.355,1
1776774060,96.36,96.36,96.36,96.36,6
1776774600,96.36,96.36,96.36,96.36,96
1776775140,96.36,96.36,96.36,96.36,56
1776776220,96.355,96.355,96.355,96.355,200
1776776400,96.36,96.36,96.36,96.36,208
1776777720,96.36,96.36,96.36,96.36,3
1776778260,96.36,96.36,96.36,96.36,19
1776778620,96.36,96.36,96.36,96.36,17
1776778740,96.36,96.36,96.36,96.36,300
1776779100,96.36,96.36,96.36,96.36,200
1776779280,96.36,96.36,96.36,96.36,49
1776779700,96.36,96.36,96.36,96.36,90
1776780120,96.355,96.355,96.355,96.355,25
1776780240,96.36,96.36,96.36,96.36,6
1776780600,96.36,96.36,96.36,96.36,1
1776780960,96.36,96.36,96.36,96.36,5
1776781980,96.36,96.36,96.36,96.36,30
1776782340,96.355,96.355,96.355,96.355,1
1776782580,96.36,96.36,96.36,96.36,43
1776782640,96.36,96.36,96.36,96.36,1
1776782880,96.36,96.36,96.36,96.36,25
1776783120,96.36,96.36,96.36,96.36,43
1776783360,96.36,96.36,96.36,96.36,15
1776783720,96.36,96.36,96.36,96.36,1
1776783780,96.36,96.36,96.36,96.36,1
1776783840,96.36,96.36,96.36,96.36,10
1776784800,96.36,96.36,96.36,96.36,500
1776785940,96.355,96.355,96.355,96.355,234
1776786000,96.36,96.36,96.36,96.36,48
1776786180,96.355,96.355,96.355,96.355,110
1776786420,96.36,96.36,96.36,96.36,1
1776786840,96.355,96.355,96.355,96.355,500
1776787140,96.36,96.36,96.36,96.36,23
1776787860,96.355,96.36,96.355,96.36,19
1776789900,96.36,96.36,96.36,96.36,28
1776789960,96.36,96.36,96.36,96.36,2
1776790080,96.36,96.36,96.36,96.36,29
1776790320,96.355,96.355,96.355,96.355,1
1776791400,96.355,96.355,96.355,96.355,5
1776794400,96.355,96.355,96.355,96.355,10
1776794880,96.355,96.355,96.355,96.355,32
1776796140,96.355,96.355,96.355,96.355,1
1776796200,96.36,96.36,96.36,96.36,438
1776797100,96.36,96.36,96.36,96.36,56
1776797340,96.355,96.355,96.355,96.355,4
1776797460,96.355,96.355,96.355,96.355,50
1776797520,96.36,96.36,96.36,96.36,119
1776797880,96.36,96.36,96.36,96.36,9
1776797940,96.36,96.36,96.36,96.36,1
1776798000,96.36,96.36,96.36,96.36,3
1776800100,96.36,96.36,96.36,96.36,1
1776800700,96.36,96.36,96.36,96.36,1
1776801000,96.36,96.36,96.36,96.36,32
1776801300,96.36,96.36,96.36,96.36,150
1776801660,96.36,96.36,96.36,96.36,1
1776802140,96.36,96.36,96.36,96.36,1
1776802320,96.36,96.36,96.36,96.36,1
1776802560,96.355,96.36,96.355,96.36,21
1776803400,96.36,96.36,96.36,96.36,3
1776803460,96.36,96.36,96.36,96.36,3
1776803880,96.36,96.36,96.36,96.36,60
1776804060,96.36,96.36,96.36,96.36,8
1776804120,96.36,96.36,96.36,96.36,241
1776804600,96.36,96.36,96.36,96.36,4
1776804720,96.36,96.36,96.36,96.36,716
1776804780,96.355,96.355,96.355,96.355,50
1776804840,96.36,96.36,96.36,96.36,2
1776804960,96.36,96.36,96.36,96.36,21
1776805080,96.36,96.36,96.36,96.36,5
1776805140,96.36,96.36,96.36,96.36,100
1776844560,96.36,96.36,96.36,96.36,57
1776852660,96.36,96.36,96.36,96.36,1
1776854100,96.36,96.36,96.36,96.36,5
1776857640,96.36,96.36,96.36,96.36,1
1776857940,96.36,96.36,96.36,96.36,4
1776859020,96.36,96.36,96.36,96.36,60
1776859260,96.36,96.36,96.36,96.36,3
1776859860,96.355,96.355,96.355,96.355,25
1776859920,96.36,96.36,96.36,96.36,25
1776860400,96.355,96.36,96.355,96.36,2
1776860520,96.36,96.36,96.36,96.36,500
1776861300,96.36,96.36,96.36,96.36,13
1776861360,96.36,96.36,96.36,96.36,112
1776861720,96.36,96.36,96.36,96.36,34
1776861840,96.36,96.36,96.36,96.36,10
1776862800,96.36,96.36,96.36,96.36,1
1776863220,96.36,96.36,96.36,96.36,60
1776863460,96.36,96.36,96.36,96.36,64
1776864000,96.36,96.36,96.36,96.36,15
1776864060,96.36,96.36,96.36,96.36,13
1776864120,96.36,96.36,96.36,96.36,15
1776864420,96.36,96.36,96.36,96.36,41
1776867300,96.355,96.355,96.355,96.355,50
1776868320,96.36,96.36,96.36,96.36,60
1776868740,96.36,96.36,96.36,96.36,1
1776870480,96.36,96.36,96.36,96.36,1
1776872640,96.355,96.355,96.355,96.355,1
1776872820,96.36,96.36,96.36,96.36,4
1776872940,96.355,96.355,96.355,96.355,250
1776873720,96.355,96.355,96.355,96.355,240
1776877080,96.36,96.36,96.36,96.36,40
1776877140,96.36,96.36,96.36,96.36,36
1776877200,96.36,96.36,96.36,96.36,94
1776878160,96.36,96.36,96.36,96.36,34
1776878340,96.36,96.36,96.36,96.36,36
1776878400,96.36,96.36,96.36,96.36,69
1776878460,96.36,96.36,96.36,96.36,9
1776879240,96.36,96.36,96.36,96.36,27
1776879300,96.36,96.36,96.36,96.36,2
1776883200,96.36,96.36,96.36,96.36,16
1776883560,96.36,96.36,96.36,96.36,25
1776883980,96.36,96.36,96.36,96.36,58
1776884340,96.36,96.36,96.36,96.36,9
1776884700,96.36,96.36,96.36,96.36,50
1776885780,96.36,96.36,96.36,96.36,135
1776886620,96.36,96.36,96.36,96.36,24
1776886740,96.36,96.36,96.36,96.36,9
1776887040,96.36,96.36,96.36,96.36,17
1776887580,96.36,96.36,96.36,96.36,43
1776887640,96.36,96.36,96.36,96.36,2
1776888000,96.36,96.36,96.36,96.36,9
1776890880,96.355,96.355,96.355,96.355,50
1776891300,96.355,96.355,96.355,96.355,144
1776891480,96.36,96.36,96.36,96.36,3
1776891540,96.36,96.36,96.36,96.36,4
1776896580,96.36,96.36,96.36,96.36,17
1776903600,96.36,96.36,96.36,96.36,5
1776904260,96.36,96.36,96.36,96.36,4
1776928380,96.36,96.36,96.36,96.36,9
1776929940,96.36,96.36,96.36,96.36,12
1776930660,96.355,96.355,96.355,96.355,13
1776934560,96.355,96.355,96.355,96.355,13
1776936360,96.355,96.355,96.355,96.355,26
1776938160,96.355,96.355,96.355,96.355,26
1776939960,96.355,96.355,96.355,96.355,26
1776941220,96.355,96.355,96.355,96.355,1
1776944280,96.355,96.355,96.355,96.355,72
1776944520,96.355,96.355,96.355,96.355,5
1776944820,96.36,96.36,96.36,96.36,4
1776945540,96.36,96.36,96.36,96.36,400
1776946080,96.355,96.355,96.355,96.355,26
1776946800,96.36,96.36,96.355,96.355,2
1776946920,96.355,96.355,96.355,96.355,9
1776947880,96.355,96.355,96.355,96.355,26
1776948420,96.36,96.36,96.36,96.36,2
1776948600,96.36,96.36,96.36,96.36,1
1776948660,96.36,96.36,96.36,96.36,3
1776948720,96.36,96.36,96.36,96.36,1
1776948780,96.36,96.36,96.36,96.36,3
1776948840,96.36,96.36,96.36,96.36,3
1776948960,96.36,96.36,96.36,96.36,1
1776949020,96.36,96.36,96.36,96.36,1
1776949260,96.36,96.36,96.36,96.36,1
1776949440,96.36,96.36,96.36,96.36,3
1776949500,96.36,96.36,96.36,96.36,4
1776949620,96.36,96.36,96.36,96.36,3
1776949680,96.355,96.355,96.355,96.355,26
1776949800,96.36,96.36,96.36,96.36,1
1776949980,96.36,96.36,96.36,96.36,2
1776950040,96.36,96.36,96.36,96.36,6
1776950100,96.36,96.36,96.36,96.36,2
1776950280,96.36,96.36,96.36,96.36,2
1776950820,96.36,96.36,96.36,96.36,4
1776950880,96.36,96.36,96.36,96.36,2
1776950940,96.36,96.36,96.36,96.36,2
1776951000,96.36,96.36,96.36,96.36,1
1776951060,96.36,96.36,96.36,96.36,3
1776951360,96.36,96.36,96.36,96.36,1
1776951480,96.36,96.36,96.355,96.355,27
1776951540,96.36,96.36,96.36,96.36,1
1776951600,96.36,96.36,96.36,96.36,6
1776951840,96.36,96.36,96.36,96.36,5
1776952020,96.36,96.36,96.36,96.36,2
1776952320,96.36,96.36,96.36,96.36,5
1776952560,96.36,96.36,96.36,96.36,2
1776952620,96.36,96.36,96.36,96.36,3
1776952980,96.36,96.36,96.36,96.36,3
1776953040,96.36,96.36,96.36,96.36,3
1776953100,96.36,96.36,96.36,96.36,2
1776953280,96.355,96.355,96.355,96.355,14
1776953400,96.36,96.36,96.36,96.36,2
1776953640,96.36,96.36,96.36,96.36,1
1776953760,96.355,96.36,96.355,96.36,52
1776953820,96.36,96.36,96.36,96.36,3
1776954060,96.36,96.36,96.36,96.36,3
1776954420,96.36,96.36,96.36,96.36,2
1776954540,96.36,96.36,96.36,96.36,3
1776955140,96.36,96.36,96.36,96.36,1
1776955500,96.36,96.36,96.36,96.36,2
1776955560,96.36,96.36,96.36,96.36,26
1776956700,96.355,96.355,96.355,96.355,1
1776958260,96.355,96.355,96.355,96.355,16
1776958680,96.355,96.355,96.355,96.355,2
1776958860,96.355,96.355,96.355,96.355,9
1776959640,96.355,96.355,96.355,96.355,3
1776960480,96.355,96.355,96.355,96.355,11
1776960780,96.355,96.355,96.355,96.355,25
1776961020,96.355,96.355,96.355,96.355,14
1776961680,96.355,96.355,96.355,96.355,3
1776962160,96.36,96.36,96.36,96.36,5
1776963240,96.36,96.36,96.36,96.36,200
1776964020,96.355,96.355,96.355,96.355,7
1776964140,96.355,96.355,96.355,96.355,1
1776964440,96.355,96.355,96.355,96.355,1
1776964980,96.355,96.355,96.355,96.355,1
1776967320,96.355,96.355,96.355,96.355,23
1776970740,96.355,96.355,96.355,96.355,7
1776974160,96.355,96.355,96.355,96.355,38
1776975900,96.355,96.355,96.355,96.355,2
1776977160,96.355,96.355,96.355,96.355,1
1776977820,96.36,96.36,96.36,96.36,25
1776977880,96.36,96.36,96.36,96.36,4
1776981720,96.355,96.355,96.355,96.355,5
1776981840,96.355,96.355,96.355,96.355,300
1776992820,96.355,96.355,96.355,96.355,17
1776999540,96.355,96.355,96.355,96.355,2
1777009980,96.355,96.355,96.355,96.355,10
1777010640,96.355,96.355,96.355,96.355,3
1777011900,96.355,96.355,96.355,96.355,1
1777012140,96.355,96.355,96.355,96.355,1
1777013460,96.355,96.355,96.355,96.355,1
1777013580,96.355,96.355,96.355,96.355,8
1777021260,96.355,96.355,96.355,96.355,29
1777027140,96.355,96.355,96.355,96.355,18
1777030440,96.355,96.355,96.355,96.355,9
1777032120,96.355,96.355,96.355,96.355,600
1777033200,96.36,96.36,96.36,96.36,1
1777033800,96.355,96.355,96.355,96.355,3
1777036200,96.36,96.36,96.36,96.36,1
1777038480,96.36,96.36,96.36,96.36,1
1777038540,96.36,96.36,96.36,96.36,19
1777038660,96.355,96.355,96.355,96.355,7
1777038960,96.36,96.36,96.36,96.36,1
1777039320,96.36,96.36,96.36,96.36,19
1777039440,96.355,96.355,96.355,96.355,1
1777039860,96.36,96.36,96.36,96.36,1
1777040280,96.36,96.36,96.36,96.36,12
1777040580,96.36,96.36,96.36,96.36,122
1777041540,96.36,96.36,96.36,96.36,18
1777041600,96.36,96.36,96.36,96.36,1
1777044060,96.36,96.36,96.355,96.355,271
1777044480,96.36,96.36,96.36,96.36,17
1777044840,96.36,96.36,96.36,96.36,200
1777045380,96.36,96.36,96.36,96.36,4
1777046400,96.36,96.36,96.36,96.36,29
1777046460,96.36,96.36,96.36,96.36,1
1777046640,96.355,96.355,96.355,96.355,7
1777046940,96.355,96.355,96.355,96.355,28
1777047000,96.355,96.355,96.355,96.355,22
1777049160,96.36,96.36,96.36,96.36,1
1777050120,96.355,96.355,96.355,96.355,150
1777050720,96.355,96.355,96.355,96.355,3
1777051620,96.36,96.36,96.36,96.36,1
1777053660,96.355,96.355,96.355,96.355,12
1777053840,96.355,96.355,96.355,96.355,6
1777053900,96.355,96.355,96.355,96.355,12
1777054020,96.36,96.36,96.36,96.36,1
1777055520,96.36,96.36,96.36,96.36,1
1777056300,96.355,96.355,96.355,96.355,18
1777056480,96.36,96.36,96.36,96.36,1
1777056720,96.355,96.355,96.355,96.355,13
1777057500,96.36,96.36,96.36,96.36,50
1777057560,96.36,96.36,96.36,96.36,1
1777057680,96.355,96.355,96.355,96.355,346
1777057740,96.36,96.36,96.36,96.36,76
1777059600,96.355,96.355,96.355,96.355,1
1777059960,96.355,96.355,96.355,96.355,10
1777060080,96.355,96.355,96.355,96.355,1
1777060980,96.355,96.355,96.355,96.355,10
1777061460,96.355,96.355,96.355,96.355,1
1777063560,96.36,96.36,96.36,96.36,36
1777063860,96.355,96.355,96.355,96.355,26
1777064100,96.36,96.36,96.36,96.36,429
1777064160,96.355,96.355,96.355,96.355,4
1777064280,96.36,96.36,96.36,96.36,3
1777064340,96.355,96.355,96.355,96.355,746
1777240800,96.3575,96.3575,96.3575,96.3575,44
1777241040,96.3575,96.3575,96.3575,96.3575,2
1777265220,96.3575,96.3575,96.3575,96.3575,10
1777265340,96.3575,96.3575,96.3575,96.3575,58
1777266300,96.3575,96.3575,96.3575,96.3575,1
1777268040,96.3575,96.3575,96.3575,96.3575,1
1777268460,96.3575,96.3575,96.3575,96.3575,1
1777268760,96.3575,96.3575,96.3575,96.3575,5
1777269000,96.3575,96.3575,96.3575,96.3575,2
1777269060,96.3575,96.3575,96.3575,96.3575,1
1777270260,96.3575,96.3575,96.3575,96.3575,451
1777271160,96.3575,96.3575,96.3575,96.3575,18
1777271820,96.3575,96.3575,96.3575,96.3575,1
1777274220,96.3575,96.3575,96.3575,96.3575,913
1777283580,96.36,96.36,96.36,96.36,3
1777284240,96.3575,96.3575,96.3575,96.3575,1
1777286760,96.3575,96.3575,96.3575,96.3575,50
1777286880,96.36,96.36,96.36,96.36,1
1777287480,96.36,96.36,96.36,96.36,731
1777288500,96.36,96.36,96.36,96.36,1
1777289160,96.36,96.36,96.3575,96.3575,52
1777291020,96.36,96.36,96.36,96.36,10
1777291380,96.36,96.36,96.36,96.36,38
1777292400,96.3575,96.3575,96.3575,96.3575,2
1777292700,96.36,96.36,96.36,96.36,8
1777294260,96.3575,96.3575,96.3575,96.3575,100
1777294380,96.3575,96.36,96.3575,96.36,243
1777294620,96.3575,96.3575,96.3575,96.3575,100
1777295100,96.36,96.36,96.36,96.36,209
1777295160,96.36,96.36,96.36,96.36,310
1777295640,96.36,96.36,96.36,96.36,42
1777297380,96.3575,96.3575,96.3575,96.3575,1
1777297500,96.36,96.36,96.36,96.36,3
1777297980,96.36,96.36,96.36,96.36,1
1777298280,96.3575,96.3575,96.3575,96.3575,1
1777298580,96.36,96.36,96.36,96.36,33
1777298640,96.36,96.36,96.36,96.36,27
1777299180,96.36,96.36,96.36,96.36,13
1777299300,96.36,96.36,96.36,96.36,7
1777299660,96.36,96.36,96.36,96.36,13
1777299720,96.36,96.36,96.36,96.36,7
1777300140,96.36,96.36,96.36,96.36,12
1777300200,96.36,96.36,96.36,96.36,6
1777300560,96.36,96.36,96.36,96.36,74
1777300620,96.36,96.36,96.36,96.36,11
1777300680,96.36,96.36,96.36,96.36,6
1777300860,96.36,96.36,96.36,96.36,68
1777300920,96.36,96.36,96.36,96.36,1
1777301040,96.36,96.36,96.36,96.36,9
1777301100,96.36,96.36,96.36,96.36,35
1777301160,96.36,96.36,96.36,96.36,33
1777301340,96.3575,96.3575,96.3575,96.3575,111
1777302060,96.3575,96.3575,96.3575,96.3575,998
1777302300,96.36,96.36,96.36,96.36,1
1777302540,96.36,96.36,96.36,96.36,14
1777302600,96.36,96.36,96.36,96.36,120
1777303020,96.36,96.36,96.36,96.36,3984
1777303080,96.36,96.36,96.36,96.36,4
1777303140,96.36,96.36,96.36,96.36,66
1777303560,96.36,96.36,96.36,96.36,2
1777305240,96.36,96.36,96.36,96.36,1
1777305840,96.36,96.36,96.36,96.36,27
1777305900,96.36,96.36,96.36,96.36,27
1777305960,96.36,96.36,96.36,96.36,7
1777306200,96.36,96.36,96.36,96.36,29
1777306740,96.36,96.36,96.36,96.36,19
1777307100,96.36,96.36,96.36,96.36,20
1777307580,96.36,96.36,96.36,96.36,22
1777308060,96.36,96.36,96.36,96.36,23
1777308480,96.36,96.36,96.36,96.36,20
1777308960,96.36,96.36,96.36,96.36,20
1777309080,96.36,96.36,96.36,96.36,13
1777309440,96.36,96.36,96.36,96.36,15
1777309680,96.3575,96.3575,96.3575,96.3575,100
1777309860,96.36,96.36,96.36,96.36,15
1777310340,96.36,96.36,96.36,96.36,10
1777310520,96.36,96.36,96.36,96.36,20
1777310700,96.36,96.36,96.36,96.36,12
1777311060,96.36,96.36,96.36,96.36,11
1777311420,96.36,96.36,96.36,96.36,84
1777311720,96.36,96.36,96.36,96.36,4
1777311780,96.36,96.36,96.36,96.36,2
1777312020,96.36,96.36,96.36,96.36,3
1777312080,96.36,96.36,96.36,96.36,2
1777312320,96.36,96.36,96.36,96.36,3
1777312380,96.36,96.36,96.36,96.36,1
1777312620,96.36,96.36,96.36,96.36,3
1777312680,96.36,96.36,96.36,96.36,1
1777312860,96.36,96.36,96.36,96.36,2
1777312920,96.36,96.36,96.36,96.36,1
1777312980,96.36,96.36,96.36,96.36,64
1777313100,96.36,96.36,96.36,96.36,1
1777313160,96.36,96.36,96.36,96.36,1
1777313280,96.36,96.36,96.36,96.36,1
1777313520,96.36,96.36,96.36,96.36,1
1777313700,96.36,96.36,96.36,96.36,1
1777313880,96.36,96.36,96.36,96.36,1
1777314060,96.36,96.36,96.36,96.36,1
1777314240,96.36,96.36,96.36,96.36,1
1777314360,96.36,96.36,96.36,96.36,4
1777314480,96.36,96.36,96.36,96.36,2
1777314960,96.36,96.36,96.36,96.36,9
1777315020,96.36,96.36,96.36,96.36,1
1777315080,96.36,96.36,96.36,96.36,36
1777315140,96.36,96.36,96.36,96.36,2
1777315380,96.36,96.36,96.36,96.36,1
1777315440,96.36,96.36,96.36,96.36,12
1777315680,96.36,96.36,96.36,96.36,4
1777315800,96.36,96.36,96.36,96.36,2
1777316220,96.36,96.36,96.36,96.36,2
1777316340,96.3575,96.36,96.3575,96.3575,70
1777317720,96.36,96.36,96.36,96.36,1
1777317960,96.36,96.36,96.36,96.36,45
1777318020,96.36,96.36,96.36,96.36,4
1777318140,96.36,96.36,96.36,96.36,57
1777318920,96.36,96.36,96.36,96.36,38
1777319400,96.36,96.36,96.36,96.36,1
1777320240,96.36,96.36,96.36,96.36,59
1777321740,96.36,96.36,96.36,96.36,6
1777322100,96.36,96.36,96.36,96.36,45
1777322160,96.36,96.36,96.36,96.36,37
1777322340,96.36,96.36,96.36,96.36,155
1777322460,96.36,96.36,96.36,96.36,1
1777323000,96.3575,96.3575,96.3575,96.3575,3
1777323360,96.36,96.36,96.36,96.36,2
1777323480,96.3575,96.3575,96.3575,96.3575,1
1777327560,96.36,96.36,96.3575,96.3575,470
1777328160,96.36,96.36,96.36,96.36,172
1777328460,96.3575,96.3575,96.3575,96.3575,4
1777333620,96.3575,96.3575,96.3575,96.3575,77
1777340460,96.36,96.36,96.36,96.36,308
1777355640,96.36,96.36,96.36,96.36,4
1777356000,96.36,96.36,96.36,96.36,63
1777356420,96.36,96.36,96.36,96.36,29
1777356480,96.36,96.36,96.36,96.36,2
1777363860,96.36,96.36,96.36,96.36,2
1777363980,96.3575,96.3575,96.3575,96.3575,77
1777368720,96.3575,96.3575,96.3575,96.3575,1
1777371480,96.36,96.36,96.36,96.36,1660
1777371540,96.36,96.36,96.36,96.36,1
1777372560,96.36,96.36,96.36,96.36,798
1777374720,96.36,96.36,96.36,96.36,76
1777374840,96.36,96.36,96.36,96.36,7
1777375500,96.36,96.36,96.36,96.36,466
1777376100,96.36,96.36,96.36,96.36,34
1777376160,96.36,96.36,96.36,96.36,48
1777376460,96.3575,96.3575,96.3575,96.3575,54
1777377420,96.36,96.36,96.36,96.36,1
1777377540,96.36,96.36,96.36,96.36,6
1777377600,96.36,96.36,96.36,96.36,15
1777378080,96.36,96.36,96.36,96.36,37
1777378200,96.36,96.36,96.36,96.36,436
1777378260,96.36,96.36,96.36,96.36,80
1777378560,96.36,96.36,96.36,96.36,100
1777378740,96.36,96.36,96.36,96.36,68
1777378800,96.36,96.36,96.36,96.36,11
1777378860,96.3575,96.3575,96.3575,96.3575,240
1777378920,96.3575,96.36,96.3575,96.36,128
1777378980,96.3575,96.36,96.3575,96.36,101
1777379040,96.36,96.36,96.36,96.36,128
1777379100,96.36,96.36,96.36,96.36,5
1777379280,96.36,96.36,96.36,96.36,2
1777379340,96.36,96.36,96.36,96.36,282
1777379400,96.36,96.36,96.36,96.36,2
1777379520,96.36,96.36,96.36,96.36,1
1777379580,96.36,96.36,96.36,96.36,1
1777379640,96.36,96.36,96.36,96.36,2
1777379700,96.36,96.36,96.36,96.36,1
1777379760,96.36,96.36,96.36,96.36,1
1777379820,96.36,96.36,96.36,96.36,26
1777379880,96.36,96.36,96.36,96.36,1
1777379940,96.36,96.36,96.36,96.36,2
1777380060,96.3575,96.36,96.3575,96.36,12
1777380180,96.36,96.36,96.36,96.36,1
1777380240,96.36,96.36,96.36,96.36,2
1777380420,96.36,96.36,96.36,96.36,2
1777380540,96.36,96.36,96.36,96.36,1
1777380600,96.36,96.36,96.36,96.36,2
1777380720,96.36,96.36,96.36,96.36,1
1777380780,96.36,96.36,96.36,96.36,1
1777380900,96.36,96.36,96.36,96.36,1
1777380960,96.36,96.36,96.36,96.36,2
1777381020,96.36,96.36,96.36,96.36,1
1777381080,96.36,96.36,96.36,96.36,111
1777381140,96.36,96.36,96.36,96.36,1
1777381200,96.36,96.36,96.36,96.36,482
1777381260,96.36,96.36,96.36,96.36,1
1777381380,96.36,96.36,96.36,96.36,116
1777381440,96.36,96.36,96.36,96.36,253
1777381560,96.36,96.36,96.36,96.36,116
1777381620,96.36,96.36,96.36,96.36,1
1777381680,96.36,96.36,96.36,96.36,476
1777381740,96.36,96.36,96.36,96.36,2241
1777381800,96.36,96.36,96.36,96.36,4
1777381860,96.36,96.36,96.36,96.36,11
1777381920,96.36,96.36,96.36,96.36,1
1777381980,96.36,96.36,96.36,96.36,2
1777382040,96.36,96.36,96.36,96.36,1
1777382100,96.36,96.36,96.36,96.36,202
1777382160,96.36,96.36,96.36,96.36,1
1777382220,96.36,96.36,96.36,96.36,14
1777382280,96.36,96.36,96.36,96.36,16
1777382400,96.36,96.36,96.36,96.36,41
1777382460,96.36,96.36,96.36,96.36,1
1777382580,96.36,96.36,96.36,96.36,2
1777382700,96.36,96.36,96.36,96.36,12
1777382760,96.36,96.36,96.36,96.36,1
1777382820,96.36,96.36,96.36,96.36,9
1777382880,96.36,96.36,96.36,96.36,2
1777382940,96.36,96.36,96.3575,96.3575,44
1777383060,96.36,96.36,96.36,96.36,1
1777383120,96.36,96.36,96.36,96.36,1
1777383240,96.36,96.36,96.36,96.36,2
1777383300,96.36,96.36,96.36,96.36,1
1777383360,96.36,96.36,96.36,96.36,1
1777383420,96.36,96.36,96.36,96.36,24
1777383540,96.36,96.36,96.36,96.36,3
1777383720,96.36,96.36,96.36,96.36,1
1777383780,96.36,96.36,96.36,96.36,1002
1777383840,96.3575,96.3575,96.3575,96.3575,50
1777383900,96.36,96.36,96.36,96.36,1
1777383960,96.36,96.36,96.36,96.36,1
1777384020,96.36,96.36,96.36,96.36,1
1777384080,96.36,96.36,96.36,96.36,1
1777384200,96.36,96.36,96.36,96.36,1
1777384260,96.36,96.36,96.36,96.36,1
1777384320,96.36,96.36,96.36,96.36,783
1777384380,96.36,96.36,96.36,96.36,2
1777384440,96.36,96.36,96.36,96.36,1
1777384560,96.36,96.36,96.36,96.36,1
1777384620,96.36,96.36,96.36,96.36,2
1777384740,96.36,96.36,96.36,96.36,2
1777384860,96.36,96.36,96.36,96.36,77
1777384980,96.36,96.36,96.36,96.36,1
1777385040,96.36,96.36,96.36,96.36,2
1777385100,96.36,96.36,96.36,96.36,1
1777385160,96.36,96.36,96.36,96.36,1
1777385220,96.3575,96.36,96.3575,96.36,2
1777385340,96.36,96.36,96.36,96.36,37
1777385400,96.36,96.36,96.36,96.36,3
1777385460,96.36,96.36,96.36,96.36,20
1777385520,96.36,96.36,96.36,96.36,1
1777385580,96.36,96.36,96.36,96.36,1
1777385700,96.36,96.36,96.36,96.36,1
1777385760,96.36,96.36,96.36,96.36,9
1777385820,96.36,96.36,96.36,96.36,167
1777385880,96.36,96.36,96.36,96.36,2
1777385940,96.36,96.36,96.36,96.36,1
1777386000,96.36,96.36,96.36,96.36,4
1777386060,96.36,96.36,96.36,96.36,2
1777386180,96.36,96.36,96.36,96.36,1
1777386240,96.36,96.36,96.36,96.36,2
1777386360,96.36,96.36,96.36,96.36,1
1777386420,96.36,96.36,96.36,96.36,1
1777386480,96.36,96.36,96.3575,96.3575,126
1777386540,96.36,96.36,96.36,96.36,1
1777386600,96.36,96.36,96.36,96.36,16
1777386660,96.36,96.36,96.36,96.36,5
1777386720,96.36,96.36,96.36,96.36,6
1777386780,96.36,96.36,96.36,96.36,3
1777386840,96.36,96.36,96.36,96.36,1
1777387020,96.36,96.36,96.36,96.36,37
1777387080,96.36,96.36,96.36,96.36,32
1777387200,96.36,96.36,96.36,96.36,2
1777387260,96.36,96.36,96.36,96.36,4
1777387380,96.36,96.36,96.36,96.36,1
1777387440,96.36,96.36,96.36,96.36,10
1777387560,96.36,96.36,96.36,96.36,1
1777387680,96.36,96.36,96.36,96.36,3
1777387860,96.36,96.36,96.36,96.36,2
1777387920,96.36,96.36,96.36,96.36,1
1777388040,96.36,96.36,96.36,96.36,1
1777388100,96.36,96.36,96.36,96.36,1
1777388160,96.36,96.36,96.36,96.36,2
1777388220,96.3575,96.36,96.3575,96.36,52
1777388340,96.36,96.36,96.36,96.36,2
1777388460,96.36,96.36,96.36,96.36,2
1777388520,96.36,96.36,96.36,96.36,21
1777388640,96.36,96.36,96.36,96.36,1
1777388760,96.36,96.36,96.36,96.36,138
1777388820,96.36,96.36,96.36,96.36,1
1777388940,96.36,96.36,96.36,96.36,1
1777389060,96.36,96.36,96.36,96.36,2
1777389240,96.36,96.36,96.36,96.36,1
1777389360,96.36,96.36,96.36,96.36,23
1777389420,96.36,96.36,96.36,96.36,2
1777389480,96.36,96.36,96.36,96.36,2
1777389540,96.36,96.36,96.36,96.36,2
1777389660,96.36,96.36,96.36,96.36,3
1777389780,96.36,96.36,96.36,96.36,8
1777389840,96.36,96.36,96.36,96.36,2
1777390140,96.36,96.36,96.36,96.36,3
1777390200,96.36,96.36,96.36,96.36,20
1777390320,96.36,96.36,96.36,96.36,2
1777390560,96.36,96.36,96.36,96.36,2
1777390680,96.36,96.36,96.36,96.36,1
1777390800,96.36,96.36,96.36,96.36,1
1777390860,96.36,96.36,96.36,96.36,2
1777390980,96.36,96.36,96.36,96.36,1
1777391160,96.36,96.36,96.36,96.36,2
1777391280,96.36,96.36,96.36,96.36,1
1777391460,96.36,96.36,96.36,96.36,2
1777391520,96.36,96.36,96.36,96.36,1
1777391760,96.36,96.36,96.36,96.36,2
1777391940,96.36,96.36,96.36,96.36,1
1777392000,96.36,96.36,96.36,96.36,2
1777392060,96.36,96.36,96.36,96.36,19
1777392120,96.36,96.36,96.36,96.36,1
1777392240,96.36,96.36,96.36,96.36,1
1777392300,96.36,96.36,96.36,96.36,311
1777392360,96.36,96.36,96.36,96.36,1
1777392540,96.36,96.36,96.36,96.36,2
1777392600,96.36,96.36,96.36,96.36,2
1777392840,96.36,96.36,96.36,96.36,2
1777393020,96.36,96.36,96.36,96.36,145
1777393140,96.36,96.36,96.36,96.36,1
1777393200,96.36,96.36,96.36,96.36,1
1777393380,96.36,96.36,96.36,96.36,2
1777393500,96.36,96.36,96.36,96.36,1
1777393620,96.36,96.36,96.36,96.36,2
1777393680,96.36,96.36,96.36,96.36,1
1777393800,96.36,96.36,96.36,96.36,1
1777393860,96.36,96.36,96.36,96.36,1
1777393980,96.36,96.36,96.36,96.36,2
1777394040,96.36,96.36,96.36,96.36,1
1777394160,96.36,96.36,96.36,96.36,2
1777394220,96.36,96.36,96.36,96.36,6
1777394280,96.36,96.36,96.3575,96.3575,79
1777394340,96.36,96.36,96.36,96.36,1
1777394400,96.3575,96.3575,96.3575,96.3575,30
1777394460,96.36,96.36,96.36,96.36,251
1777394520,96.36,96.36,96.36,96.36,1
1777394580,96.3575,96.36,96.3575,96.36,1148
1777394700,96.36,96.36,96.36,96.36,1
1777394760,96.3575,96.3575,96.3575,96.3575,500
1777394820,96.36,96.36,96.36,96.36,3
1777394880,96.36,96.36,96.3575,96.3575,417
1777394940,96.36,96.36,96.36,96.36,2
1777395000,96.36,96.36,96.3575,96.3575,101
1777395060,96.36,96.36,96.36,96.36,1
1777395180,96.36,96.36,96.36,96.36,1
1777395240,96.36,96.36,96.36,96.36,2
1777395360,96.36,96.36,96.36,96.36,1
1777395420,96.36,96.36,96.36,96.36,1
1777395480,96.36,96.36,96.36,96.36,1
1777395540,96.36,96.36,96.36,96.36,1
1777395660,96.36,96.36,96.36,96.36,1
1777395720,96.36,96.36,96.36,96.36,2
1777395840,96.36,96.36,96.36,96.36,2
1777395960,96.36,96.36,96.36,96.36,1
1777396080,96.36,96.36,96.36,96.36,2
1777396140,96.36,96.36,96.36,96.36,1
1777396260,96.36,96.36,96.36,96.36,26
1777396320,96.36,96.36,96.36,96.36,3
1777396500,96.36,96.36,96.36,96.36,3
1777396620,96.36,96.36,96.36,96.36,1
1777396680,96.36,96.36,96.36,96.36,1
1777396800,96.36,96.36,96.36,96.36,1
1777396920,96.36,96.36,96.36,96.36,6
1777396980,96.36,96.36,96.36,96.36,1
1777397100,96.36,96.36,96.36,96.36,125
1777397280,96.36,96.36,96.36,96.36,2
1777397460,96.36,96.36,96.36,96.36,3
1777397640,96.36,96.36,96.36,96.36,3
1777397700,96.36,96.36,96.36,96.36,36
1777397760,96.36,96.36,96.36,96.36,1
1777397880,96.36,96.36,96.36,96.36,3
1777398120,96.36,96.36,96.36,96.36,2
1777398240,96.36,96.36,96.36,96.36,3
1777398420,96.36,96.36,96.36,96.36,1
1777398540,96.36,96.36,96.36,96.36,4
1777398600,96.36,96.36,96.36,96.36,1
1777398780,96.36,96.36,96.36,96.36,3
1777398900,96.36,96.36,96.36,96.36,1
1777398960,96.36,96.36,96.36,96.36,1
1777399020,96.36,96.36,96.36,96.36,68
1777399080,96.36,96.36,96.3575,96.36,151
1777399140,96.36,96.36,96.36,96.36,2
1777399200,96.36,96.36,96.36,96.36,1
1777399260,96.36,96.36,96.36,96.36,58
1777399320,96.36,96.36,96.36,96.36,1
1777399440,96.36,96.36,96.36,96.36,1
1777399500,96.36,96.36,96.36,96.36,2
1777399560,96.36,96.36,96.36,96.36,1
1777399620,96.36,96.36,96.36,96.36,1
1777399740,96.36,96.36,96.36,96.36,2
1777399920,96.36,96.36,96.36,96.36,3
1777399980,96.36,96.36,96.36,96.36,55
1777400040,96.36,96.36,96.36,96.36,1
1777400160,96.36,96.36,96.36,96.36,2
1777400220,96.36,96.36,96.36,96.36,1
1777400340,96.36,96.36,96.36,96.36,1
1777400400,96.36,96.36,96.36,96.36,4
1777400460,96.36,96.36,96.36,96.36,1
1777400520,96.36,96.36,96.36,96.36,2
1777400580,96.36,96.36,96.36,96.36,2
1777400640,96.3575,96.3575,96.3575,96.3575,120
1777400760,96.36,96.36,96.36,96.36,13
1777400880,96.36,96.36,96.36,96.36,1
1777400940,96.36,96.36,96.36,96.36,2
1777401000,96.36,96.36,96.36,96.36,2
1777401060,96.36,96.36,96.36,96.36,1
1777401180,96.36,96.36,96.36,96.36,9
1777401240,96.36,96.36,96.36,96.36,2
1777401360,96.36,96.36,96.36,96.36,6
1777401480,96.36,96.36,96.36,96.36,3
1777401600,96.36,96.36,96.36,96.36,1
1777401720,96.36,96.36,96.36,96.36,5
1777401840,96.36,96.36,96.36,96.36,1
1777401900,96.36,96.36,96.36,96.36,130
1777402020,96.36,96.36,96.36,96.36,1
1777402080,96.36,96.36,96.36,96.36,1
1777402140,96.36,96.36,96.36,96.36,1
1777402200,96.36,96.36,96.36,96.36,1
1777402380,96.36,96.36,96.36,96.36,3
1777402560,96.36,96.36,96.36,96.36,1
1777402620,96.36,96.36,96.36,96.36,2
1777402680,96.36,96.36,96.36,96.36,1
1777402740,96.36,96.36,96.36,96.36,4
1777402860,96.36,96.36,96.36,96.36,1
1777402920,96.36,96.36,96.36,96.36,1
1777403040,96.36,96.36,96.36,96.36,17
1777403520,96.36,96.36,96.36,96.36,100
1777403580,96.36,96.36,96.36,96.36,1
1777403880,96.36,96.36,96.36,96.36,23
1777404060,96.36,96.36,96.36,96.36,56
1777404720,96.36,96.36,96.36,96.36,57
1777406400,96.36,96.36,96.36,96.36,2
1777406460,96.36,96.36,96.36,96.36,283
1777406520,96.36,96.36,96.36,96.36,602
1777407240,96.36,96.36,96.36,96.36,148
1777407300,96.3575,96.36,96.3575,96.36,93
1777407540,96.36,96.36,96.36,96.36,170
1777408080,96.36,96.36,96.36,96.36,18
1777408440,96.36,96.36,96.36,96.36,53
1777409520,96.36,96.36,96.36,96.36,240
1777409760,96.36,96.36,96.36,96.36,15
1777409880,96.3575,96.3575,96.3575,96.3575,2
1777409940,96.36,96.36,96.36,96.36,12
1777414140,96.36,96.36,96.36,96.36,200
1777422060,96.36,96.36,96.36,96.36,2
1777422300,96.36,96.36,96.36,96.36,3
1777423500,96.36,96.36,96.36,96.36,301
1777431000,96.36,96.36,96.36,96.36,14
1777438860,96.36,96.36,96.36,96.36,235
1777441500,96.36,96.36,96.36,96.36,163
1777442400,96.36,96.36,96.36,96.36,42
1777445760,96.36,96.36,96.36,96.36,15
1777446360,96.36,96.36,96.36,96.36,5
1777446420,96.36,96.36,96.36,96.36,5
1777447080,96.36,96.36,96.36,96.36,306
1777449120,96.36,96.36,96.36,96.36,36
1777449420,96.36,96.36,96.36,96.36,18
1777453740,96.36,96.36,96.36,96.36,3
1777453920,96.36,96.36,96.36,96.36,3
1777458540,96.36,96.36,96.36,96.36,63
1777458600,96.36,96.36,96.36,96.36,10
1777459200,96.36,96.36,96.36,96.36,7
1777459920,96.36,96.36,96.36,96.36,167
1777462500,96.36,96.36,96.36,96.36,3
1777462980,96.36,96.36,96.36,96.36,33
1777463340,96.36,96.36,96.36,96.36,115
1777463880,96.3575,96.3575,96.3575,96.3575,4
1777464900,96.36,96.36,96.36,96.36,201
1777465080,96.3575,96.3575,96.3575,96.3575,100
1777465200,96.36,96.36,96.36,96.36,1
1777465320,96.36,96.36,96.36,96.36,100
1777465500,96.36,96.36,96.36,96.36,25
1777465740,96.36,96.36,96.36,96.36,21
1777465860,96.3575,96.3575,96.3575,96.3575,100
1777466100,96.3575,96.3575,96.3575,96.3575,100
1777466220,96.36,96.36,96.36,96.36,1
1777466640,96.36,96.36,96.36,96.36,1
1777467000,96.36,96.36,96.3575,96.3575,48
1777467180,96.36,96.36,96.36,96.36,2
1777467720,96.36,96.36,96.36,96.36,14
1777467840,96.36,96.36,96.36,96.36,1
1777467960,96.3575,96.3575,96.3575,96.3575,100
1777468080,96.36,96.36,96.36,96.36,114
1777468260,96.36,96.36,96.36,96.36,1
1777468440,96.36,96.36,96.36,96.36,110
1777468560,96.3575,96.3575,96.3575,96.3575,2
1777468920,96.36,96.36,96.36,96.36,1
1777469460,96.36,96.36,96.36,96.36,1
1777469820,96.3575,96.3575,96.3575,96.3575,1
1777470120,96.36,96.36,96.36,96.36,1
1777470420,96.36,96.36,96.3575,96.3575,303
1777470600,96.3575,96.3575,96.3575,96.3575,2
1777470960,96.3575,96.3575,96.3575,96.3575,249
1777471140,96.36,96.36,96.36,96.36,1
1777471740,96.36,96.36,96.36,96.36,1
1777471980,96.36,96.36,96.36,96.36,13
1777472160,96.36,96.36,96.36,96.36,1
1777472700,96.36,96.36,96.36,96.36,1
1777473120,96.36,96.36,96.36,96.36,1
1777473360,96.3575,96.3575,96.3575,96.3575,5
1777473660,96.36,96.36,96.36,96.36,1
1777474320,96.36,96.36,96.36,96.36,1
1777474620,96.3575,96.3575,96.3575,96.3575,50
1777474860,96.36,96.36,96.36,96.36,100
1777474920,96.36,96.36,96.36,96.36,1
1777475460,96.36,96.36,96.36,96.36,1
1777475820,96.36,96.36,96.36,96.36,1
1777476420,96.36,96.36,96.36,96.36,1
1777476720,96.36,96.36,96.36,96.36,70
1777477020,96.36,96.36,96.36,96.36,1
1777477200,96.3575,96.3575,96.3575,96.3575,989
1777477440,96.36,96.36,96.36,96.36,1
1777477560,96.3575,96.3575,96.3575,96.3575,15
1777477680,96.3575,96.3575,96.3575,96.3575,22
1777477920,96.36,96.36,96.36,96.36,1
1777477980,96.3575,96.3575,96.3575,96.3575,140
1777478520,96.3575,96.3575,96.3575,96.3575,50
1777478580,96.36,96.36,96.3575,96.3575,71
1777478640,96.36,96.36,96.36,96.36,10
1777479060,96.36,96.36,96.36,96.36,1
1777479600,96.36,96.36,96.36,96.36,1
1777479720,96.3575,96.3575,96.3575,96.3575,100
1777479780,96.3575,96.3575,96.3575,96.3575,50
1777480020,96.3575,96.3575,96.3575,96.3575,345
1777480080,96.36,96.36,96.36,96.36,1
1777480200,96.36,96.36,96.36,96.36,1
1777480380,96.3575,96.3575,96.3575,96.3575,200
1777480620,96.3575,96.3575,96.3575,96.3575,17
1777480680,96.36,96.36,96.36,96.36,1
1777481160,96.36,96.36,96.36,96.36,1
1777481460,96.36,96.36,96.36,96.36,2
1777481760,96.36,96.36,96.36,96.36,1
1777482120,96.36,96.36,96.36,96.36,1
1777482600,96.36,96.36,96.36,96.36,1
1777483320,96.36,96.36,96.3575,96.3575,2591
1777483800,96.36,96.36,96.36,96.36,1
1777484100,96.3575,96.3575,96.3575,96.3575,161
1777484340,96.36,96.36,96.36,96.36,1
1777484880,96.3575,96.36,96.3575,96.36,2001
1777484940,96.36,96.36,96.36,96.36,500
1777485240,96.36,96.36,96.36,96.36,1
1777485360,96.36,96.36,96.36,96.36,14
1777485420,96.3575,96.3575,96.3575,96.3575,6014
1777485480,96.3575,96.3575,96.3575,96.3575,76
1777485600,96.3575,96.3575,96.3575,96.3575,342
1777485960,96.3575,96.3575,96.3575,96.3575,1502
1777486140,96.3575,96.3575,96.3575,96.3575,47
1777486260,96.3575,96.3575,96.3575,96.3575,2
1777486320,96.3575,96.3575,96.3575,96.3575,1
1777486860,96.3575,96.3575,96.3575,96.3575,36
1777486920,96.3575,96.3575,96.3575,96.3575,52
1777487520,96.36,96.36,96.3575,96.3575,501
1777487640,96.3575,96.3575,96.3575,96.3575,2000
1777487820,96.3575,96.36,96.3575,96.36,5445
1777488000,96.36,96.36,96.36,96.36,1
1777488420,96.36,96.36,96.36,96.36,1
1777489020,96.36,96.36,96.36,96.36,1
1777489140,96.36,96.36,96.36,96.36,10
1777490280,96.3575,96.3575,96.3575,96.3575,2000
1777492080,96.3575,96.3575,96.3575,96.3575,3
1777492140,96.3575,96.3575,96.3575,96.3575,2
1777492380,96.3575,96.3575,96.3575,96.3575,1
1777493100,96.3575,96.3575,96.3575,96.3575,2500
1777493580,96.3575,96.3575,96.3575,96.3575,115
1777493640,96.3575,96.3575,96.3575,96.3575,183
1777493880,96.3575,96.3575,96.3575,96.3575,6
1777494060,96.3575,96.3575,96.3575,96.3575,1000
1777494120,96.36,96.36,96.36,96.36,1
1777494540,96.3575,96.3575,96.3575,96.3575,25
1777494900,96.3575,96.3575,96.3575,96.3575,7
1777495140,96.3575,96.3575,96.3575,96.3575,9
1777495440,96.3575,96.36,96.3575,96.36,846
1777496220,96.3575,96.3575,96.3575,96.3575,1
1777496280,96.36,96.36,96.36,96.36,3
1777500240,96.36,96.36,96.36,96.36,9
1777502280,96.3575,96.3575,96.3575,96.3575,2
1777510200,96.36,96.36,96.36,96.36,16
1777514520,96.3575,96.3575,96.3575,96.3575,400
1777534260,96.3575,96.3575,96.3575,96.3575,1000
1777535580,96.3575,96.3575,96.3575,96.3575,100
1777538460,96.3575,96.36,96.3575,96.36,2
1777550280,96.3575,96.3575,96.3575,96.3575,2400
1777550460,96.3575,96.3575,96.3575,96.3575,2400
1777550520,96.3575,96.3575,96.3575,96.3575,1117
1777550580,96.3575,96.3575,96.3575,96.3575,17
1777550700,96.3575,96.3575,96.3575,96.3575,9
1777550880,96.3575,96.3575,96.3575,96.3575,240
1777551240,96.3575,96.3575,96.3575,96.3575,4
1777551360,96.3575,96.3575,96.3575,96.3575,60
1777551480,96.3575,96.3575,96.3575,96.3575,25
1777553880,96.3575,96.3575,96.3575,96.3575,1220
1777554540,96.3575,96.3575,96.3575,96.3575,89
1777559460,96.36,96.36,96.36,96.36,8
1777562820,96.36,96.36,96.36,96.36,33
1777563540,96.3575,96.3575,96.3575,96.3575,25
1777564440,96.36,96.36,96.36,96.36,1000
1777564680,96.36,96.36,96.36,96.36,1000
1777565820,96.36,96.36,96.36,96.36,1
1777566240,96.36,96.36,96.36,96.36,3
1777569000,96.3575,96.3575,96.3575,96.3575,18
1777569360,96.36,96.36,96.36,96.36,1
1777571460,96.3575,96.3575,96.3575,96.3575,1200
1777572720,96.3575,96.3575,96.3575,96.3575,20
1777575180,96.36,96.36,96.36,96.36,85
1777575240,96.3575,96.3575,96.3575,96.3575,1
1777575540,96.36,96.36,96.36,96.36,9
1777577160,96.3575,96.3575,96.3575,96.3575,100
1777577520,96.36,96.36,96.36,96.36,10
1777579320,96.36,96.36,96.36,96.36,10
1777579560,96.36,96.36,96.36,96.36,1
1777579620,96.3575,96.3575,96.3575,96.3575,15
1777580520,96.3575,96.3575,96.3575,96.3575,33
1777581180,96.36,96.36,96.36,96.36,53
1777581600,96.36,96.36,96.36,96.36,2
1777582440,96.36,96.36,96.36,96.36,6
1777582560,96.36,96.36,96.36,96.36,2
1777582740,96.36,96.36,96.36,96.36,3
1777586700,96.365,96.365,96.365,96.365,24
1777586820,96.365,96.365,96.365,96.365,1
1777586940,96.365,96.365,96.365,96.365,2
1777587540,96.365,96.365,96.365,96.365,19
1777588980,96.365,96.365,96.365,96.365,33
1777590000,96.365,96.365,96.365,96.365,10
1777594440,96.365,96.365,96.365,96.365,70
1777597200,96.365,96.365,96.365,96.365,30
1777602660,96.365,96.365,96.365,96.365,4
1777603800,96.365,96.365,96.365,96.365,1
1777605360,96.365,96.365,96.365,96.365,3
1777605840,96.365,96.365,96.365,96.365,2
1777614180,96.365,96.365,96.365,96.365,2
1777616640,96.365,96.365,96.365,96.365,2
1777618860,96.365,96.365,96.365,96.365,1
1777625040,96.365,96.365,96.365,96.365,1
1777630080,96.365,96.365,96.365,96.365,1
1777632420,96.365,96.365,96.365,96.365,6
1777634100,96.365,96.365,96.365,96.365,295
1777634160,96.365,96.365,96.365,96.365,3
1777634280,96.365,96.365,96.365,96.365,893
1777636500,96.365,96.365,96.365,96.365,20
1777636620,96.365,96.365,96.365,96.365,2
1777636860,96.365,96.365,96.365,96.365,4
1777637160,96.365,96.365,96.365,96.365,2
1777637580,96.365,96.365,96.365,96.365,54
1777637940,96.365,96.365,96.365,96.365,2
1777638780,96.365,96.365,96.365,96.365,16
1777639140,96.365,96.365,96.365,96.365,2
1777639380,96.37,96.37,96.365,96.365,261
1777639800,96.365,96.365,96.365,96.365,1
1777640280,96.37,96.37,96.37,96.37,11
1777641000,96.37,96.37,96.37,96.37,5
1777642620,96.365,96.365,96.365,96.365,2
1777642740,96.365,96.365,96.365,96.365,2
1777642800,96.365,96.365,96.365,96.365,1
1777643940,96.37,96.37,96.37,96.37,18
1777644000,96.37,96.37,96.37,96.37,1065
1777644060,96.37,96.37,96.37,96.37,162
1777644180,96.37,96.37,96.37,96.37,429
1777644240,96.37,96.37,96.37,96.37,12
1777644300,96.37,96.37,96.37,96.37,81
1777644480,96.37,96.37,96.37,96.37,25
1777644780,96.37,96.37,96.37,96.37,378
1777644900,96.37,96.37,96.37,96.37,71
1777645020,96.37,96.37,96.37,96.37,11
1777645200,96.37,96.37,96.37,96.37,1
1777646580,96.37,96.37,96.37,96.37,6
1777651800,96.37,96.37,96.37,96.37,101
1777654920,96.365,96.365,96.365,96.365,7
1777661100,96.365,96.365,96.365,96.365,100
1777661880,96.37,96.37,96.37,96.37,3
1777661940,96.37,96.37,96.37,96.37,2
1777662360,96.365,96.365,96.365,96.365,50
1777664220,96.365,96.365,96.365,96.365,4
1777668600,96.365,96.365,96.365,96.365,31
1777668960,96.365,96.365,96.365,96.365,5
1777845600,96.37,96.37,96.37,96.37,1
1777846020,96.365,96.365,96.365,96.365,4
1777846560,96.365,96.365,96.365,96.365,1
1777851840,96.365,96.365,96.365,96.365,1
1777856700,96.365,96.365,96.365,96.365,290
1777857120,96.365,96.365,96.365,96.365,5
1777858200,96.365,96.365,96.365,96.365,72
1777858260,96.365,96.365,96.365,96.365,1
1777860360,96.365,96.365,96.365,96.365,3
1777860780,96.365,96.365,96.365,96.365,3
1777864020,96.365,96.365,96.365,96.365,3
1777864080,96.365,96.365,96.365,96.365,3
1777864140,96.365,96.365,96.365,96.365,3
1777864260,96.365,96.365,96.365,96.365,3
1777865520,96.365,96.365,96.365,96.365,134
1777865640,96.365,96.365,96.365,96.365,85
1777865700,96.365,96.365,96.365,96.365,4
1777865760,96.365,96.365,96.365,96.365,4
1777865820,96.365,96.365,96.365,96.365,4
1777865880,96.365,96.365,96.365,96.365,4
1777865940,96.365,96.365,96.365,96.365,4
1777866300,96.365,96.365,96.365,96.365,10
1777867500,96.365,96.365,96.365,96.365,6
1777867620,96.365,96.365,96.365,96.365,6
1777868580,96.365,96.365,96.365,96.365,13
1777868760,96.365,96.365,96.365,96.365,12
1777869660,96.365,96.365,96.365,96.365,116
1777870740,96.365,96.365,96.365,96.365,5
1777871700,96.365,96.365,96.365,96.365,9
1777871940,96.365,96.365,96.365,96.365,16
1777872240,96.365,96.365,96.365,96.365,28
1777872300,96.365,96.365,96.365,96.365,1
1777874400,96.365,96.365,96.365,96.365,156
1777874760,96.365,96.365,96.365,96.365,15
1777875000,96.365,96.365,96.365,96.365,74
1777875060,96.365,96.365,96.365,96.365,108
1777876620,96.365,96.365,96.365,96.365,15
1777876680,96.365,96.365,96.365,96.365,58
1777876800,96.365,96.365,96.365,96.365,342
1777876980,96.365,96.365,96.365,96.365,64
1777877220,96.365,96.365,96.365,96.365,15
1777877280,96.365,96.365,96.365,96.365,35
1777878000,96.365,96.365,96.365,96.365,72
1777878480,96.365,96.365,96.365,96.365,6
1777878660,96.365,96.365,96.365,96.365,1
1777881960,96.365,96.365,96.365,96.365,13
1777884360,96.365,96.365,96.365,96.365,249
1777884480,96.365,96.365,96.365,96.365,5
1777886040,96.365,96.365,96.365,96.365,15
1777886580,96.365,96.365,96.365,96.365,153
1777888800,96.365,96.365,96.36,96.36,250
1777888860,96.365,96.365,96.365,96.365,6
1777888920,96.365,96.365,96.365,96.365,10
1777889520,96.365,96.365,96.365,96.365,1
1777889700,96.365,96.365,96.365,96.365,4
1777889940,96.365,96.365,96.365,96.365,50
1777890720,96.365,96.365,96.365,96.365,307
1777891920,96.365,96.365,96.365,96.365,22
1777892040,96.365,96.365,96.365,96.365,10
1777892640,96.365,96.365,96.365,96.365,105
1777893180,96.365,96.365,96.365,96.365,1
1777893480,96.365,96.365,96.365,96.365,20
1777894380,96.365,96.365,96.365,96.365,4
1777895580,96.365,96.365,96.365,96.365,3
1777895640,96.365,96.365,96.365,96.365,7
1777895700,96.365,96.365,96.365,96.365,1
1777895820,96.365,96.365,96.365,96.365,1
1777895880,96.365,96.365,96.365,96.365,1
1777896000,96.365,96.365,96.36,96.365,164
1777896300,96.365,96.365,96.365,96.365,94
1777896960,96.365,96.365,96.365,96.365,6
1777897320,96.365,96.365,96.365,96.365,2
1777897620,96.365,96.365,96.365,96.365,1
1777897680,96.365,96.365,96.365,96.365,49
1777897740,96.365,96.365,96.365,96.365,21
1777897860,96.365,96.365,96.365,96.365,50
1777897920,96.365,96.365,96.365,96.365,30
1777899060,96.365,96.365,96.365,96.365,119
1777899540,96.365,96.365,96.365,96.365,334
1777899600,96.365,96.365,96.365,96.365,311
1777899840,96.365,96.365,96.365,96.365,116
1777900440,96.365,96.365,96.365,96.365,30
1777900560,96.365,96.365,96.365,96.365,185
1777900980,96.365,96.365,96.365,96.365,8
1777901340,96.365,96.365,96.365,96.365,10
1777901760,96.365,96.365,96.365,96.365,26
1777901880,96.365,96.365,96.365,96.365,6
1777902180,96.365,96.365,96.365,96.365,24
1777902600,96.365,96.365,96.365,96.365,2
1777903080,96.365,96.365,96.365,96.365,11
1777903500,96.365,96.365,96.365,96.365,1
1777904160,96.365,96.365,96.365,96.365,195
1777906440,96.365,96.365,96.365,96.365,90
1777906920,96.36,96.36,96.36,96.36,1500
1777907820,96.365,96.365,96.365,96.365,10
1777910040,96.365,96.365,96.365,96.365,20
1777910340,96.36,96.36,96.36,96.36,120
1777911420,96.365,96.365,96.365,96.365,20
1777911540,96.365,96.365,96.365,96.365,9
1777911660,96.365,96.365,96.365,96.365,31
1777911960,96.365,96.365,96.365,96.365,11
1777912020,96.365,96.365,96.365,96.365,18
1777912560,96.365,96.365,96.365,96.365,4
1777912680,96.365,96.365,96.365,96.365,110
1777913760,96.365,96.365,96.365,96.365,27
1777915080,96.365,96.365,96.365,96.365,24
1777915500,96.365,96.365,96.365,96.365,33
1777915680,96.365,96.365,96.365,96.365,17
1777915860,96.365,96.365,96.365,96.365,40
1777916580,96.365,96.365,96.365,96.365,5
1777916940,96.365,96.365,96.365,96.365,8
1777917660,96.365,96.365,96.365,96.365,32
1777917840,96.365,96.365,96.365,96.365,13
1777919640,96.365,96.365,96.365,96.365,352
1777919700,96.365,96.365,96.365,96.365,62
1777921020,96.365,96.365,96.365,96.365,9
1777921080,96.365,96.365,96.365,96.365,2
1777921140,96.365,96.365,96.365,96.365,2
1777921560,96.365,96.365,96.365,96.365,1
1777921620,96.365,96.365,96.365,96.365,1055
1777921680,96.365,96.365,96.365,96.365,166
1777921740,96.365,96.365,96.365,96.365,29
1777921980,96.365,96.365,96.365,96.365,77
1777922100,96.365,96.365,96.365,96.365,376
1777922160,96.365,96.365,96.365,96.365,20
1777922400,96.365,96.365,96.365,96.365,620
1777922700,96.365,96.365,96.365,96.365,19
1777922820,96.365,96.365,96.365,96.365,27
1777923000,96.365,96.365,96.365,96.365,64
1777924320,96.365,96.365,96.365,96.365,10
1777924740,96.365,96.365,96.365,96.365,1
1777926240,96.36,96.36,96.36,96.36,32
1777926540,96.365,96.365,96.365,96.365,22
1777926660,96.365,96.365,96.365,96.365,12
1777926720,96.365,96.365,96.365,96.365,164
1777927080,96.365,96.365,96.365,96.365,59
1777927200,96.365,96.365,96.365,96.365,117
1777927260,96.365,96.365,96.365,96.365,34
1777928340,96.365,96.365,96.365,96.365,106
1777932000,96.365,96.365,96.365,96.365,1
1777945020,96.365,96.365,96.365,96.365,16
1777945860,96.365,96.365,96.365,96.365,16
1777947180,96.365,96.365,96.365,96.365,32
1777947480,96.365,96.365,96.365,96.365,15
1777948080,96.365,96.365,96.365,96.365,45
1777948620,96.365,96.365,96.365,96.365,13
1777948740,96.365,96.365,96.365,96.365,30
1777949400,96.365,96.365,96.365,96.365,10
1777952220,96.365,96.365,96.365,96.365,25
1777953480,96.365,96.365,96.365,96.365,31
1777953540,96.365,96.365,96.365,96.365,30
1777962360,96.365,96.365,96.365,96.365,4
1777963860,96.365,96.365,96.365,96.365,2
1777963920,96.365,96.365,96.365,96.365,1
1777966500,96.365,96.365,96.365,96.365,56
1777966560,96.365,96.365,96.365,96.365,147
1777968420,96.365,96.365,96.365,96.365,21
1777968900,96.365,96.365,96.365,96.365,30
1777968960,96.365,96.365,96.365,96.365,32
1777970100,96.365,96.365,96.365,96.365,75
1777970400,96.365,96.365,96.365,96.365,24
1777973160,96.365,96.365,96.365,96.365,5
1777975020,96.365,96.365,96.365,96.365,33
1777976580,96.365,96.365,96.365,96.365,59
1777977000,96.365,96.365,96.365,96.365,2
1777977240,96.365,96.365,96.365,96.365,61
1777977300,96.365,96.365,96.365,96.365,7
1777977660,96.365,96.365,96.365,96.365,5
1777977900,96.365,96.365,96.365,96.365,135
1777978680,96.365,96.365,96.365,96.365,11
1777978800,96.365,96.365,96.365,96.365,77
1777980180,96.365,96.365,96.365,96.365,889
1777980240,96.365,96.365,96.365,96.365,184
1777980480,96.365,96.365,96.365,96.365,32
1777980960,96.365,96.365,96.365,96.365,27
1777981260,96.365,96.365,96.365,96.365,84
1777981380,96.365,96.365,96.365,96.365,494
1777981440,96.365,96.365,96.365,96.365,200
1777982580,96.365,96.365,96.365,96.365,448
1777982700,96.365,96.365,96.365,96.365,126
1777982760,96.365,96.365,96.365,96.365,124
1777983120,96.365,96.365,96.365,96.365,132
1777983180,96.365,96.365,96.365,96.365,120
1777983600,96.365,96.37,96.365,96.365,233
1777983660,96.37,96.37,96.37,96.37,2511
1777984320,96.37,96.37,96.37,96.37,11
1777984500,96.37,96.37,96.365,96.365,131
1777985100,96.365,96.365,96.365,96.365,509
1777985220,96.37,96.37,96.37,96.37,2
1777985460,96.365,96.365,96.365,96.365,1
1777989600,96.365,96.365,96.365,96.365,4
1777991340,96.365,96.365,96.365,96.365,25
1777992360,96.365,96.365,96.365,96.365,100
1777992540,96.365,96.365,96.365,96.365,31
1777992600,96.365,96.365,96.365,96.365,7
1777993140,96.37,96.37,96.37,96.37,249
1778000400,96.365,96.365,96.365,96.365,10
1778001720,96.365,96.365,96.365,96.365,5780
1778001780,96.365,96.365,96.365,96.365,321
1778004660,96.365,96.365,96.365,96.365,1
1778007540,96.37,96.37,96.37,96.37,2
1778007960,96.365,96.365,96.365,96.365,2
1778010600,96.365,96.365,96.365,96.365,16
1778012460,96.365,96.365,96.365,96.365,4
1778012580,96.365,96.365,96.365,96.365,43
1778012640,96.365,96.365,96.365,96.365,964
1778013900,96.365,96.365,96.365,96.365,2
1778014200,96.365,96.365,96.365,96.365,23
1778014440,96.365,96.365,96.365,96.365,8
1778014560,96.365,96.365,96.365,96.365,8
1778014740,96.365,96.365,96.365,96.365,1
1778020860,96.365,96.365,96.365,96.365,2
1778021700,96.365,96.365,96.365,96.365,159
1778024820,96.365,96.365,96.365,96.365,2
1778025300,96.365,96.365,96.365,96.365,1
1778025600,96.365,96.365,96.365,96.365,2
1778030820,96.365,96.365,96.365,96.365,13
1778038260,96.365,96.365,96.365,96.365,4
1778038740,96.365,96.365,96.365,96.365,11
1778044200,96.365,96.365,96.365,96.365,200
1778054520,96.365,96.365,96.365,96.365,2
1778054580,96.365,96.365,96.365,96.365,1
1778054760,96.365,96.365,96.365,96.365,3
1778054880,96.365,96.365,96.365,96.365,2
1778056980,96.365,96.365,96.365,96.365,8
1778057400,96.365,96.365,96.365,96.365,2
1778057820,96.365,96.365,96.365,96.365,10
1778058240,96.365,96.365,96.365,96.365,23
1778060880,96.37,96.37,96.37,96.37,16
1778065020,96.37,96.37,96.365,96.365,437
1778065080,96.37,96.37,96.37,96.37,1735
1778066160,96.37,96.37,96.37,96.37,1
1778070600,96.37,96.37,96.37,96.37,1
1778070720,96.37,96.37,96.37,96.37,20
1778070780,96.37,96.37,96.37,96.37,44
1778070960,96.37,96.37,96.37,96.37,57
1778072760,96.37,96.37,96.365,96.365,503
1778075100,96.365,96.365,96.365,96.365,60
1778075220,96.365,96.365,96.365,96.365,19
1778076600,96.365,96.365,96.365,96.365,10
1778079360,96.37,96.37,96.37,96.37,1
1778081520,96.365,96.37,96.365,96.365,241
1778083200,96.365,96.365,96.365,96.365,5
1778083920,96.365,96.365,96.365,96.365,1
1778086260,96.365,96.365,96.365,96.365,9
1778087340,96.365,96.365,96.365,96.365,5
1778092980,96.365,96.365,96.365,96.365,3
1778093400,96.365,96.365,96.365,96.365,11
1778093700,96.365,96.365,96.365,96.365,14
1778094180,96.365,96.365,96.365,96.365,25
1778095500,96.37,96.37,96.37,96.37,155
1778095740,96.365,96.365,96.365,96.365,18
1778097840,96.365,96.365,96.365,96.365,3
1778100120,96.365,96.365,96.365,96.365,15
1778100420,96.37,96.37,96.365,96.365,2157
1778132580,96.365,96.365,96.365,96.365,67
1778134440,96.37,96.37,96.37,96.37,1
1778136420,96.37,96.37,96.37,96.37,7
1778146500,96.37,96.37,96.37,96.37,1
1778154720,96.365,96.365,96.365,96.365,10
1778156940,96.365,96.365,96.365,96.365,24
1778157660,96.37,96.37,96.37,96.37,18
1778157960,96.37,96.37,96.37,96.37,2
1778158320,96.37,96.37,96.37,96.37,8723
1778158380,96.37,96.37,96.37,96.37,2664
1778158440,96.37,96.37,96.37,96.37,5
1778158500,96.37,96.37,96.37,96.37,1
1778158560,96.37,96.37,96.37,96.37,84
1778158680,96.37,96.37,96.37,96.37,72
1778158800,96.37,96.37,96.37,96.37,37
1778159100,96.37,96.37,96.37,96.37,89
1778159160,96.37,96.37,96.37,96.37,17
1778159400,96.37,96.37,96.37,96.37,12
1778160660,96.37,96.37,96.37,96.37,1
1778166420,96.37,96.37,96.37,96.37,27
1778166600,96.37,96.37,96.37,96.37,11
1778166660,96.37,96.37,96.37,96.37,98
1778167260,96.37,96.37,96.37,96.37,1000
1778167560,96.365,96.365,96.365,96.365,2
1778168340,96.365,96.365,96.365,96.365,10
1778168520,96.365,96.365,96.365,96.365,8
1778169060,96.37,96.37,96.37,96.37,11
1778169120,96.37,96.37,96.37,96.37,10
1778171160,96.37,96.37,96.37,96.37,7
1778173200,96.37,96.37,96.37,96.37,161
1778173260,96.37,96.37,96.365,96.365,25
1778175240,96.365,96.37,96.365,96.365,125
1778176860,96.37,96.37,96.37,96.37,1
1778178540,96.37,96.37,96.37,96.37,1
1778178900,96.37,96.37,96.37,96.37,15
1778180940,96.365,96.365,96.365,96.365,50
1778183520,96.37,96.37,96.37,96.37,4
1778184060,96.37,96.37,96.37,96.37,1
1778184120,96.37,96.37,96.37,96.37,6
1778184240,96.365,96.365,96.365,96.365,1
1778185440,96.37,96.37,96.365,96.365,68
1778185800,96.37,96.37,96.37,96.37,13
1778185860,96.37,96.37,96.37,96.37,4
1778186400,96.365,96.365,96.365,96.365,50
1778187360,96.365,96.365,96.365,96.365,1
1778191200,96.365,96.365,96.365,96.365,1
1778191320,96.365,96.365,96.365,96.365,2
1778227920,96.365,96.365,96.365,96.365,1
1778238540,96.37,96.37,96.37,96.37,17
1778239980,96.365,96.365,96.365,96.365,183
1778241060,96.37,96.37,96.37,96.37,1
1778242440,96.365,96.365,96.365,96.365,2
1778243400,96.365,96.37,96.365,96.37,251
1778244180,96.37,96.37,96.37,96.37,600
1778244240,96.37,96.37,96.365,96.365,1001
1778244420,96.37,96.37,96.37,96.37,4793
1778244480,96.37,96.37,96.37,96.37,123
1778244540,96.37,96.37,96.37,96.37,1117
1778244600,96.37,96.37,96.37,96.37,113
1778244660,96.37,96.37,96.37,96.37,145
1778244960,96.37,96.37,96.37,96.37,20
1778245140,96.37,96.37,96.37,96.37,6
1778245380,96.37,96.375,96.37,96.375,4166
1778245440,96.375,96.375,96.375,96.375,7505
1778245500,96.375,96.375,96.375,96.375,729
1778245560,96.375,96.375,96.375,96.375,123
1778245680,96.375,96.375,96.375,96.375,1414
1778245740,96.375,96.375,96.375,96.375,100
1778246040,96.375,96.375,96.375,96.375,300
1778246100,96.375,96.375,96.375,96.375,23
1778246220,96.375,96.375,96.375,96.375,296
1778246280,96.375,96.375,96.375,96.375,453
1778246340,96.375,96.375,96.375,96.375,377
1778246460,96.375,96.375,96.375,96.375,170
1778246760,96.375,96.375,96.375,96.375,35
1778246940,96.375,96.375,96.375,96.375,2
1778247060,96.375,96.375,96.375,96.375,472
1778247360,96.375,96.375,96.375,96.375,46
1778247600,96.375,96.375,96.37,96.37,141
1778247900,96.375,96.375,96.375,96.375,181
1778248260,96.375,96.375,96.375,96.375,2
1778248320,96.375,96.375,96.375,96.375,56
1778248440,96.375,96.375,96.375,96.375,23
1778248680,96.375,96.375,96.375,96.375,225
1778248740,96.375,96.375,96.375,96.375,4
1778248800,96.375,96.375,96.375,96.375,6
1778248860,96.375,96.375,96.375,96.375,2
1778249040,96.375,96.375,96.375,96.375,5
1778249100,96.375,96.375,96.375,96.375,63
1778249160,96.375,96.375,96.375,96.375,1
1778250120,96.375,96.375,96.37,96.375,265
1778250240,96.375,96.375,96.375,96.375,246
1778250300,96.375,96.375,96.375,96.375,4
1778250420,96.375,96.375,96.375,96.375,1
1778250480,96.375,96.375,96.37,96.37,51
1778250540,96.375,96.375,96.375,96.375,66
1778250780,96.375,96.375,96.375,96.375,151
1778250900,96.375,96.375,96.375,96.375,155
1778251200,96.375,96.375,96.375,96.375,10
1778251560,96.375,96.375,96.375,96.375,3
1778252340,96.375,96.375,96.375,96.375,4
1778254020,96.375,96.375,96.375,96.375,3
1778254920,96.375,96.375,96.375,96.375,1
1778255400,96.375,96.375,96.375,96.375,100
1778255760,96.375,96.375,96.375,96.375,847
1778257920,96.375,96.375,96.375,96.375,235
1778258400,96.375,96.375,96.375,96.375,21
1778259360,96.375,96.375,96.375,96.375,35
1778266560,96.37,96.37,96.37,96.37,1
1778269680,96.37,96.37,96.37,96.37,8
1778270460,96.375,96.375,96.375,96.375,23
1778272140,96.375,96.375,96.375,96.375,1653
1778272440,96.37,96.37,96.37,96.37,24
1778272500,96.375,96.375,96.375,96.375,5
1778273040,96.375,96.375,96.375,96.375,79
1778273280,96.375,96.375,96.375,96.375,85
1778273760,96.375,96.375,96.375,96.375,26
1778450400,96.375,96.375,96.375,96.375,8
1778450460,96.375,96.375,96.375,96.375,109
1778450520,96.375,96.375,96.375,96.375,45
1778450700,96.375,96.375,96.375,96.375,16
1778454300,96.37,96.37,96.37,96.37,25
1778481900,96.375,96.375,96.375,96.375,1
1778483760,96.375,96.375,96.375,96.375,1
1778484960,96.375,96.375,96.375,96.375,200
1778485020,96.375,96.375,96.375,96.375,186
1778485080,96.375,96.375,96.375,96.375,5
1778488980,96.375,96.375,96.375,96.375,1
1778489100,96.375,96.375,96.375,96.375,1
1778490060,96.375,96.375,96.375,96.375,3
1778490360,96.375,96.375,96.375,96.375,1
1778490480,96.375,96.375,96.375,96.375,1
1778490540,96.375,96.375,96.375,96.375,1
1778491200,96.375,96.375,96.375,96.375,1
1778494080,96.375,96.375,96.375,96.375,1
1778494560,96.375,96.375,96.375,96.375,1
1778495940,96.37,96.37,96.37,96.37,2
1778499000,96.37,96.37,96.37,96.37,24
1778502060,96.375,96.375,96.375,96.375,1
1778502660,96.37,96.37,96.37,96.37,44
1778503740,96.375,96.375,96.375,96.375,18
1778503920,96.37,96.37,96.37,96.37,2
1778504100,96.37,96.37,96.37,96.37,61
1778504280,96.37,96.37,96.37,96.37,1
1778505120,96.375,96.375,96.375,96.375,40
1778505780,96.37,96.37,96.37,96.37,2
1778506260,96.375,96.375,96.375,96.375,2
1778506560,96.375,96.375,96.375,96.375,15
1778507460,96.375,96.375,96.375,96.375,4
1778510820,96.37,96.37,96.37,96.37,7
1778511000,96.37,96.37,96.37,96.37,4
1778511180,96.37,96.37,96.37,96.37,9
1778517480,96.37,96.375,96.37,96.375,61
1778520240,96.37,96.37,96.37,96.37,7
1778520540,96.37,96.37,96.37,96.37,10
1778524020,96.37,96.37,96.37,96.37,25
1778524620,96.37,96.37,96.37,96.37,2
1778526180,96.37,96.37,96.37,96.37,4
1778527320,96.37,96.37,96.37,96.37,2
1778528100,96.37,96.37,96.37,96.37,61
1778528220,96.37,96.37,96.37,96.37,23
1778528940,96.37,96.37,96.37,96.37,24
1778529360,96.375,96.375,96.375,96.375,15
1778529540,96.375,96.375,96.375,96.375,2
1778529660,96.375,96.375,96.375,96.375,100
1778531640,96.37,96.37,96.37,96.37,2
1778531700,96.37,96.375,96.37,96.375,962
1778532600,96.37,96.37,96.37,96.37,11
1778532900,96.37,96.37,96.37,96.37,245
1778533020,96.37,96.37,96.37,96.37,358
1778533140,96.37,96.37,96.37,96.37,1
1778536800,96.37,96.37,96.37,96.37,1
1778545440,96.37,96.37,96.37,96.37,11
1778549580,96.37,96.37,96.37,96.37,200
1778568900,96.37,96.37,96.37,96.37,12
1778569080,96.37,96.37,96.37,96.37,87
1778569140,96.37,96.37,96.37,96.37,3050
1778569200,96.37,96.37,96.37,96.37,75
1778569560,96.37,96.37,96.37,96.37,198
1778569800,96.37,96.37,96.37,96.37,3
1778569860,96.37,96.37,96.37,96.37,23
1778569920,96.37,96.37,96.37,96.37,10
1778570700,96.37,96.37,96.37,96.37,18
1778570760,96.37,96.37,96.37,96.37,4
1778571420,96.37,96.37,96.37,96.37,25
1778572320,96.37,96.37,96.37,96.37,1
1778573340,96.37,96.37,96.37,96.37,1
1778573700,96.37,96.37,96.37,96.37,204
1778573760,96.37,96.37,96.37,96.37,50
1778574540,96.37,96.37,96.37,96.37,1
1778576940,96.37,96.37,96.37,96.37,224
1778577060,96.37,96.37,96.37,96.37,1
1778577120,96.37,96.37,96.37,96.37,2
1778578080,96.37,96.37,96.37,96.37,100
1778578140,96.37,96.37,96.37,96.37,150
1778579820,96.37,96.37,96.37,96.37,550
1778579880,96.37,96.37,96.37,96.37,62
1778580600,96.37,96.37,96.37,96.37,3
1778580960,96.37,96.37,96.37,96.37,1
1778581200,96.37,96.37,96.37,96.37,202
1778581260,96.37,96.37,96.37,96.37,2
1778581380,96.37,96.37,96.37,96.37,74
1778581620,96.37,96.37,96.37,96.37,20
1778581680,96.37,96.37,96.37,96.37,100
1778581800,96.37,96.37,96.37,96.37,7
1778582160,96.37,96.37,96.37,96.37,7
1778582340,96.37,96.37,96.37,96.37,2
1778582880,96.37,96.37,96.37,96.37,100
1778582940,96.37,96.37,96.37,96.37,126
1778583000,96.37,96.37,96.37,96.37,10
1778583240,96.37,96.37,96.37,96.37,9
1778583420,96.37,96.37,96.37,96.37,2
1778583540,96.37,96.37,96.37,96.37,1
1778583600,96.37,96.37,96.37,96.37,10
1778583720,96.37,96.37,96.37,96.37,201
1778584440,96.37,96.37,96.37,96.37,2557
1778584500,96.37,96.37,96.37,96.37,401
1778584560,96.37,96.37,96.37,96.37,100
1778584620,96.37,96.37,96.37,96.37,2
1778585160,96.37,96.37,96.37,96.37,15
1778585520,96.37,96.37,96.37,96.37,600
1778585880,96.37,96.37,96.37,96.37,18
1778586060,96.37,96.37,96.37,96.37,10
1778586120,96.37,96.37,96.37,96.37,1
1778586240,96.37,96.37,96.37,96.37,2
1778586300,96.37,96.37,96.37,96.37,4
1778586540,96.37,96.37,96.37,96.37,10
1778586780,96.37,96.37,96.37,96.37,188
1778586840,96.37,96.37,96.37,96.37,222
1778587200,96.37,96.37,96.37,96.37,66
1778587320,96.37,96.37,96.37,96.37,13
1778587500,96.375,96.375,96.375,96.375,80
1778588040,96.37,96.37,96.37,96.37,9
1778588100,96.37,96.37,96.37,96.37,1
1778588160,96.37,96.37,96.37,96.37,30
1778588340,96.37,96.37,96.37,96.37,55
1778588400,96.37,96.37,96.37,96.37,5
1778588580,96.37,96.37,96.37,96.37,30
1778588640,96.37,96.37,96.37,96.37,63
1778588700,96.37,96.37,96.37,96.37,1
1778588820,96.37,96.37,96.37,96.37,35
1778588880,96.37,96.37,96.37,96.37,135
1778588940,96.37,96.37,96.37,96.37,993
1778589000,96.37,96.37,96.37,96.37,223
1778589120,96.37,96.37,96.37,96.37,110
1778589240,96.37,96.37,96.37,96.37,3
1778589540,96.37,96.37,96.37,96.37,5025
1778589840,96.37,96.37,96.37,96.37,1
1778589960,96.37,96.37,96.37,96.37,5
1778590560,96.37,96.37,96.37,96.37,40
1778590620,96.37,96.37,96.37,96.37,1
1778591640,96.37,96.37,96.37,96.37,16
1778591820,96.37,96.37,96.37,96.37,1201
1778591880,96.37,96.37,96.37,96.37,57
1778592120,96.37,96.37,96.37,96.37,49
1778592480,96.37,96.37,96.37,96.37,39
1778592720,96.37,96.37,96.37,96.37,135
1778592780,96.37,96.37,96.37,96.37,129
1778592900,96.37,96.37,96.37,96.37,100
1778593020,96.37,96.37,96.37,96.37,1000
1778593080,96.37,96.37,96.37,96.37,30
1778593380,96.37,96.37,96.37,96.37,76
1778593800,96.37,96.37,96.37,96.37,21
1778593920,96.37,96.37,96.37,96.37,15
1778594040,96.375,96.375,96.375,96.375,4
1778594100,96.37,96.37,96.37,96.37,1463
1778594460,96.37,96.37,96.37,96.37,3
1778594520,96.37,96.37,96.37,96.37,4
1778596860,96.37,96.37,96.37,96.37,12
1778597100,96.37,96.375,96.37,96.37,111
1778598780,96.37,96.37,96.37,96.37,1
1778601360,96.37,96.37,96.37,96.37,1
1778602200,96.37,96.37,96.37,96.37,17
1778602260,96.37,96.37,96.37,96.37,12
1778602860,96.37,96.37,96.37,96.37,1
1778603040,96.37,96.37,96.37,96.37,1
1778604840,96.37,96.375,96.37,96.37,2532
1778605200,96.37,96.37,96.37,96.37,175
1778605380,96.37,96.37,96.37,96.37,12
1778609040,96.37,96.37,96.37,96.37,20
1778613660,96.375,96.375,96.37,96.37,5
1778614800,96.37,96.37,96.37,96.37,1
1778615820,96.37,96.37,96.37,96.37,8
1778616600,96.375,96.375,96.375,96.375,12
1778616720,96.37,96.37,96.37,96.37,12
1778617560,96.37,96.37,96.37,96.37,41
1778618040,96.37,96.37,96.37,96.37,13
1778618220,96.37,96.375,96.37,96.375,57
1778618280,96.37,96.37,96.37,96.37,17
1778618400,96.37,96.37,96.37,96.37,51
1778619300,96.37,96.37,96.37,96.37,1
1778619420,96.37,96.37,96.37,96.37,32
1778619480,96.375,96.375,96.375,96.375,4
1778619540,96.37,96.37,96.37,96.37,31
1778623200,96.37,96.37,96.37,96.37,24
1778633760,96.37,96.37,96.37,96.37,9
1778634000,96.37,96.37,96.37,96.37,51
1778636280,96.375,96.375,96.375,96.375,1
1778642220,96.375,96.375,96.375,96.375,1
1778655180,96.37,96.37,96.37,96.37,3
1778661960,96.37,96.37,96.37,96.37,3
1778662800,96.37,96.37,96.37,96.37,375
1778667420,96.37,96.37,96.37,96.37,2
1778670060,96.37,96.375,96.37,96.375,64
1778670300,96.37,96.37,96.37,96.37,16
1778672520,96.37,96.37,96.37,96.37,16
1778673360,96.37,96.37,96.37,96.37,1
1778673900,96.37,96.37,96.37,96.37,69
1778674020,96.37,96.37,96.37,96.37,995
1778674080,96.37,96.37,96.37,96.37,95
1778675100,96.37,96.37,96.37,96.37,1
1778675340,96.37,96.37,96.37,96.37,1
1778675400,96.37,96.375,96.37,96.37,198
1778675460,96.37,96.37,96.37,96.37,219
1778675520,96.37,96.37,96.37,96.37,5616
1778675580,96.37,96.37,96.37,96.37,330
1778675640,96.37,96.37,96.37,96.37,21
1778675700,96.37,96.37,96.37,96.37,33
1778675760,96.37,96.375,96.37,96.37,95
1778675820,96.37,96.37,96.37,96.37,54
1778676000,96.37,96.37,96.37,96.37,881
1778676420,96.37,96.37,96.37,96.37,1
1778676660,96.37,96.37,96.37,96.37,500
1778676720,96.37,96.37,96.37,96.37,200
1778676960,96.37,96.37,96.37,96.37,100
1778681520,96.375,96.375,96.375,96.375,27
1778681880,96.37,96.37,96.37,96.37,1
1778681940,96.375,96.375,96.375,96.375,1
1778682240,96.375,96.375,96.375,96.375,1827
1778682840,96.375,96.375,96.375,96.375,264
1778682900,96.375,96.375,96.375,96.375,10
1778684280,96.375,96.375,96.375,96.375,40
1778684820,96.375,96.375,96.375,96.375,2
1778685300,96.375,96.375,96.375,96.375,24
1778686920,96.375,96.375,96.375,96.375,20
1778686980,96.375,96.375,96.375,96.375,10
1778688240,96.37,96.37,96.37,96.37,697
1778689680,96.37,96.375,96.37,96.375,504
1778694900,96.375,96.375,96.375,96.375,2
1778696040,96.375,96.375,96.375,96.375,3
1778699520,96.375,96.375,96.375,96.375,1
1778699700,96.375,96.375,96.375,96.375,1
1778700540,96.375,96.375,96.375,96.375,1
1778701620,96.375,96.375,96.375,96.375,2
1778701920,96.37,96.37,96.37,96.37,10
1778702400,96.375,96.375,96.375,96.375,1
1778702880,96.375,96.375,96.375,96.375,482
1778702940,96.375,96.375,96.375,96.375,4
1778703000,96.37,96.37,96.37,96.37,10
1778703060,96.37,96.37,96.37,96.37,32
1778703180,96.375,96.375,96.375,96.375,2
1778703480,96.375,96.375,96.375,96.375,6
1778703840,96.375,96.375,96.375,96.375,1
1778704200,96.375,96.375,96.37,96.37,2
1778704320,96.375,96.375,96.375,96.375,1
1778704500,96.375,96.375,96.375,96.375,1
1778704560,96.375,96.375,96.375,96.375,1
1778705760,96.375,96.375,96.375,96.375,1
1778705880,96.375,96.375,96.375,96.375,3
1778710980,96.375,96.375,96.375,96.375,18
1778711220,96.37,96.37,96.37,96.37,18
1778711280,96.37,96.37,96.37,96.37,6
1778711580,96.37,96.37,96.37,96.37,3
1778715240,96.375,96.375,96.375,96.375,15
1778715900,96.37,96.37,96.37,96.37,2
1778720100,96.375,96.375,96.375,96.375,122
1778742840,96.37,96.37,96.37,96.37,3
1778746860,96.37,96.37,96.37,96.37,11
1778749740,96.37,96.37,96.37,96.37,5
1778751300,96.375,96.375,96.375,96.375,23
1778753580,96.375,96.375,96.375,96.375,28
1778754660,96.375,96.375,96.375,96.375,4
1778756880,96.375,96.375,96.375,96.375,9660
1778756940,96.38,96.38,96.375,96.375,46
1778757000,96.375,96.375,96.375,96.375,6
1778757180,96.375,96.375,96.375,96.375,6
1778757240,96.375,96.375,96.375,96.375,13
1778757420,96.375,96.375,96.375,96.375,1
1778757720,96.375,96.375,96.375,96.375,1
1778758080,96.38,96.38,96.38,96.38,2
1778759280,96.38,96.38,96.38,96.38,83
1778759700,96.38,96.38,96.38,96.38,39
1778760360,96.38,96.38,96.38,96.38,2
1778760420,96.375,96.375,96.375,96.375,12
1778760540,96.38,96.38,96.38,96.38,600
1778760780,96.38,96.38,96.38,96.38,40
1778763480,96.38,96.38,96.38,96.38,5
1778764020,96.375,96.375,96.375,96.375,8
1778764200,96.38,96.38,96.38,96.38,2
1778764260,96.38,96.38,96.38,96.38,1605
1778764380,96.38,96.38,96.38,96.38,730
1778764440,96.38,96.38,96.38,96.38,2696
1778764500,96.38,96.38,96.38,96.38,40
1778764680,96.38,96.38,96.38,96.38,50
1778764740,96.38,96.38,96.38,96.38,2
1778765160,96.38,96.38,96.38,96.38,10
1778765400,96.38,96.38,96.38,96.38,1
1778765460,96.38,96.38,96.38,96.38,8
1778765640,96.38,96.38,96.38,96.38,1
1778765700,96.38,96.38,96.38,96.38,3
1778765820,96.38,96.38,96.38,96.38,1
1778765880,96.38,96.38,96.38,96.38,2
1778766480,96.38,96.38,96.38,96.38,200
1778766540,96.38,96.38,96.38,96.38,100
1778766600,96.38,96.38,96.38,96.38,44
1778766840,96.38,96.38,96.38,96.38,98
1778766960,96.375,96.375,96.375,96.375,4
1778767080,96.38,96.38,96.38,96.38,786
1778767140,96.38,96.38,96.38,96.38,253
1778767200,96.38,96.38,96.38,96.38,5
1778767380,96.38,96.38,96.38,96.38,5
1778767440,96.38,96.38,96.38,96.38,1
1778767560,96.38,96.38,96.38,96.38,2
1778767620,96.38,96.38,96.38,96.38,128
1778767680,96.38,96.38,96.38,96.38,3
1778767980,96.38,96.38,96.38,96.38,252
1778768640,96.38,96.385,96.38,96.38,2902
1778768700,96.38,96.38,96.38,96.38,440
1778768760,96.38,96.38,96.38,96.38,2
1778768880,96.38,96.38,96.38,96.38,275
1778768940,96.38,96.38,96.38,96.38,808
1778769000,96.38,96.38,96.38,96.38,1
1778769120,96.38,96.38,96.38,96.38,27
1778769180,96.38,96.38,96.38,96.38,1
1778769240,96.38,96.38,96.38,96.38,10
1778769300,96.38,96.38,96.38,96.38,7
1778769360,96.38,96.38,96.38,96.38,12
1778769420,96.38,96.38,96.38,96.38,35
1778769660,96.38,96.38,96.38,96.38,507
1778769900,96.38,96.38,96.38,96.38,50
1778770320,96.38,96.38,96.38,96.38,10
1778770380,96.38,96.38,96.38,96.38,6
1778770500,96.38,96.38,96.38,96.38,9
1778770680,96.38,96.38,96.38,96.38,6
1778771160,96.38,96.38,96.38,96.38,10
1778771220,96.38,96.38,96.38,96.38,5
1778771280,96.38,96.38,96.38,96.38,13
1778771520,96.38,96.38,96.38,96.38,17
1778771760,96.38,96.38,96.38,96.38,1
1778772300,96.38,96.38,96.38,96.38,25
1778772360,96.38,96.38,96.38,96.38,15
1778773440,96.385,96.385,96.385,96.385,25
1778774340,96.38,96.38,96.38,96.38,3
1778774880,96.38,96.38,96.38,96.38,20
1778775300,96.385,96.385,96.385,96.385,30
1778778120,96.38,96.38,96.38,96.38,1
1778778240,96.38,96.385,96.38,96.385,151
1778779680,96.38,96.38,96.38,96.38,3
1778779740,96.38,96.38,96.38,96.38,5
1778780160,96.38,96.38,96.38,96.38,19
1778781000,96.38,96.38,96.38,96.38,32
1778781180,96.38,96.38,96.38,96.38,38
1778781240,96.38,96.38,96.38,96.38,9
1778781480,96.38,96.38,96.38,96.38,1
1778781720,96.38,96.38,96.38,96.38,102
1778781960,96.38,96.38,96.38,96.38,17
1778782380,96.38,96.38,96.38,96.38,105
1778782440,96.38,96.38,96.38,96.38,62
1778782800,96.38,96.38,96.38,96.38,1619
1778788200,96.375,96.375,96.375,96.375,12
1778788740,96.38,96.38,96.38,96.38,1
1778788980,96.375,96.375,96.375,96.375,1
1778789160,96.375,96.375,96.375,96.375,10
1778789220,96.38,96.38,96.38,96.38,5
1778789280,96.38,96.38,96.375,96.375,18
1778789400,96.38,96.38,96.38,96.38,1
1778790600,96.38,96.38,96.38,96.38,1
1778792280,96.38,96.38,96.38,96.38,4
1778792340,96.375,96.375,96.375,96.375,11
1778796000,96.375,96.375,96.375,96.375,205
1778796600,96.375,96.375,96.375,96.375,5
1778796660,96.375,96.375,96.375,96.375,1
1778797860,96.375,96.375,96.375,96.375,4
1778808060,96.375,96.375,96.375,96.375,1
1778813520,96.38,96.38,96.38,96.38,101
1778813880,96.38,96.38,96.38,96.38,100
1778820120,96.375,96.375,96.375,96.375,26
1778826120,96.38,96.38,96.38,96.38,138
1778828340,96.38,96.38,96.38,96.38,250
1778830200,96.375,96.375,96.375,96.375,1
1778836320,96.375,96.375,96.375,96.375,22
1778836740,96.38,96.38,96.38,96.38,252
1778838540,96.38,96.38,96.38,96.38,2
1778841960,96.38,96.38,96.38,96.38,11
1778843100,96.38,96.38,96.38,96.38,5359
1778843160,96.38,96.38,96.38,96.38,895
1778843220,96.38,96.38,96.38,96.38,17
1778843280,96.38,96.38,96.38,96.38,2612
1778843340,96.38,96.38,96.38,96.38,151
1778843460,96.38,96.38,96.38,96.38,810
1778843520,96.38,96.38,96.38,96.38,2
1778843580,96.38,96.38,96.38,96.38,45
1778843700,96.38,96.38,96.38,96.38,20
1778843760,96.38,96.38,96.38,96.38,28
1778843880,96.38,96.38,96.38,96.38,25
1778844000,96.38,96.38,96.38,96.38,10
1778844240,96.38,96.38,96.38,96.38,100
1778844600,96.38,96.38,96.38,96.38,30
1778844720,96.38,96.38,96.38,96.38,200
1778845080,96.38,96.38,96.38,96.38,30
1778845440,96.38,96.38,96.38,96.38,30
1778846340,96.38,96.38,96.38,96.38,200
1778846400,96.38,96.38,96.38,96.38,234
1778846520,96.38,96.38,96.38,96.38,2
1778846640,96.38,96.38,96.38,96.38,239
1778846820,96.38,96.38,96.38,96.38,89
1778846880,96.38,96.38,96.38,96.38,117
1778847000,96.38,96.38,96.38,96.38,74
1778847060,96.38,96.38,96.38,96.38,35
1778847120,96.38,96.38,96.38,96.38,925
1778847180,96.38,96.38,96.38,96.38,563
1778847240,96.38,96.38,96.38,96.38,7
1778847360,96.38,96.38,96.38,96.38,2
1778847720,96.38,96.38,96.38,96.38,549
1778847780,96.38,96.38,96.38,96.38,383
1778847840,96.38,96.38,96.38,96.38,253
1778847900,96.38,96.38,96.38,96.38,18
1778847960,96.38,96.38,96.38,96.38,25
1778848200,96.38,96.38,96.38,96.38,1
1778848260,96.38,96.38,96.38,96.38,3
1778848680,96.38,96.38,96.38,96.38,5
1778848740,96.38,96.38,96.38,96.38,3
1778848800,96.38,96.38,96.38,96.38,1
1778849460,96.38,96.38,96.38,96.38,1
1778849520,96.38,96.38,96.38,96.38,5
1778849640,96.38,96.38,96.38,96.38,1
1778849940,96.38,96.38,96.38,96.38,12
1778850600,96.375,96.375,96.375,96.375,444
1778853840,96.375,96.375,96.375,96.375,3
1778853960,96.375,96.375,96.375,96.375,205
1778854320,96.375,96.375,96.375,96.375,4
1778857020,96.38,96.38,96.38,96.38,6
1778857440,96.375,96.375,96.375,96.375,1
1778858820,96.38,96.38,96.38,96.38,149
1778861040,96.375,96.375,96.375,96.375,2
1778862180,96.38,96.38,96.38,96.38,60
1778863320,96.375,96.375,96.375,96.375,23
1778864520,96.375,96.375,96.375,96.375,9
1778867280,96.375,96.375,96.375,96.375,1
1778867880,96.375,96.375,96.375,96.375,4
1778868240,96.375,96.375,96.375,96.375,44
1778869800,96.375,96.375,96.375,96.375,1
1778869860,96.375,96.375,96.375,96.375,50
1778870640,96.375,96.375,96.375,96.375,14
1778871420,96.38,96.38,96.38,96.38,8
1778871780,96.38,96.38,96.38,96.38,100
1778874120,96.375,96.38,96.375,96.38,101
1778874300,96.38,96.38,96.38,96.38,4
1778874360,96.375,96.375,96.375,96.375,5
1778875260,96.375,96.375,96.375,96.375,10
1778875380,96.375,96.375,96.375,96.375,16
1778875500,96.375,96.375,96.375,96.375,750
1778875800,96.38,96.38,96.38,96.38,394
1778876640,96.375,96.375,96.375,96.375,110
1778876820,96.38,96.38,96.38,96.38,11
1778876940,96.375,96.375,96.375,96.375,3
1778877000,96.375,96.375,96.375,96.375,10
1779055200,96.375,96.375,96.375,96.375,21
1779055260,96.375,96.375,96.375,96.375,15
1779055320,96.375,96.375,96.375,96.375,20
1779055380,96.375,96.375,96.375,96.375,105
1779055500,96.375,96.375,96.375,96.375,140
1779055620,96.375,96.375,96.375,96.375,100
1779055680,96.375,96.375,96.375,96.375,7
1779056160,96.375,96.375,96.375,96.375,5
1779056220,96.375,96.375,96.375,96.375,33
1779059040,96.375,96.375,96.375,96.375,1
1779060180,96.375,96.375,96.375,96.375,2
1779065700,96.375,96.375,96.375,96.375,25
1779066780,96.375,96.375,96.375,96.375,70
1779073020,96.375,96.375,96.375,96.375,2
1779073440,96.375,96.375,96.375,96.375,25
1779085200,96.375,96.375,96.375,96.375,1
1779089520,96.38,96.38,96.38,96.38,8
1779092940,96.375,96.375,96.375,96.375,1
1779095340,96.375,96.375,96.375,96.375,1
1779097500,96.375,96.375,96.375,96.375,1
1779098640,96.375,96.375,96.375,96.375,35
1779099720,96.375,96.375,96.375,96.375,4
1779105660,96.38,96.38,96.38,96.38,3
1779106560,96.38,96.38,96.38,96.38,60
1779106800,96.375,96.375,96.375,96.375,3
1779107340,96.375,96.375,96.375,96.375,4
1779107580,96.375,96.375,96.375,96.375,5
1779108360,96.375,96.375,96.375,96.375,9
1779108420,96.375,96.375,96.375,96.375,2
1779108600,96.375,96.375,96.375,96.375,2
1779108960,96.375,96.375,96.375,96.375,10
1779109920,96.375,96.375,96.375,96.375,2000
1779110580,96.375,96.375,96.375,96.375,1400
1779111000,96.375,96.375,96.375,96.375,205
1779111060,96.375,96.375,96.375,96.375,2
1779111960,96.375,96.375,96.375,96.375,34
1779112440,96.375,96.375,96.375,96.375,1370
1779112680,96.375,96.375,96.375,96.375,480
1779113040,96.375,96.375,96.375,96.375,13
1779113100,96.375,96.375,96.375,96.375,5
1779113160,96.375,96.375,96.375,96.375,530
1779113280,96.38,96.38,96.38,96.38,110
1779113580,96.375,96.375,96.375,96.375,6
1779113700,96.375,96.375,96.375,96.375,7
1779113760,96.375,96.375,96.375,96.375,9
1779114060,96.375,96.375,96.375,96.375,3
1779114120,96.375,96.375,96.375,96.375,18
1779114240,96.375,96.375,96.375,96.375,10
1779114300,96.375,96.375,96.375,96.375,410
1779114720,96.375,96.375,96.375,96.375,1
1779114780,96.375,96.375,96.375,96.375,202
1779114840,96.375,96.375,96.375,96.375,1
1779114900,96.375,96.375,96.375,96.375,11
1779115200,96.375,96.375,96.375,96.375,2
1779115440,96.375,96.375,96.375,96.375,2
1779115680,96.375,96.375,96.375,96.375,3
1779115860,96.375,96.375,96.375,96.375,19
1779115920,96.375,96.375,96.375,96.375,107
1779116400,96.375,96.375,96.375,96.375,1
1779116640,96.375,96.375,96.375,96.375,42
1779116820,96.38,96.38,96.38,96.38,2
1779116880,96.375,96.375,96.375,96.375,173
1779116940,96.375,96.375,96.375,96.375,498
1779117000,96.375,96.375,96.375,96.375,125
1779117060,96.375,96.375,96.375,96.375,128
1779117120,96.375,96.375,96.375,96.375,573
1779117180,96.375,96.375,96.375,96.375,3925
1779117300,96.375,96.375,96.375,96.375,1230
1779117360,96.375,96.375,96.375,96.375,1272
1779117540,96.375,96.375,96.375,96.375,830
1779118020,96.375,96.375,96.375,96.375,7
1779120180,96.375,96.375,96.37,96.375,5995
1779120240,96.375,96.375,96.375,96.375,2351
1779120300,96.375,96.375,96.375,96.375,604
1779120360,96.375,96.375,96.375,96.375,359
1779120420,96.375,96.375,96.375,96.375,5
1779120900,96.375,96.375,96.375,96.375,3609
1779120960,96.375,96.38,96.375,96.375,234
1779121020,96.375,96.375,96.375,96.375,1
1779121200,96.375,96.375,96.375,96.375,1
1779121260,96.375,96.375,96.375,96.375,6
1779121380,96.375,96.375,96.375,96.375,2934
1779121620,96.375,96.375,96.375,96.375,7
1779121680,96.37,96.37,96.37,96.37,1
1779121800,96.375,96.375,96.375,96.375,25
1779122040,96.375,96.375,96.375,96.375,77
1779122100,96.375,96.375,96.375,96.375,90
1779122460,96.375,96.375,96.375,96.375,100
1779123180,96.375,96.375,96.375,96.375,1
1779127980,96.375,96.375,96.375,96.375,1
1779128040,96.37,96.37,96.37,96.37,4
1779128100,96.375,96.375,96.375,96.375,15
1779130320,96.375,96.375,96.375,96.375,2
1779130920,96.375,96.375,96.375,96.375,6
1779130980,96.375,96.375,96.375,96.375,5
1779131160,96.375,96.375,96.375,96.375,2
1779132060,96.375,96.375,96.375,96.375,1
1779132300,96.375,96.375,96.375,96.375,187
1779132360,96.375,96.375,96.375,96.375,55
1779132720,96.375,96.375,96.375,96.375,2
1779132960,96.375,96.375,96.375,96.375,8
1779133800,96.375,96.375,96.375,96.375,1
1779133920,96.375,96.375,96.375,96.375,2
1779133980,96.375,96.375,96.375,96.375,3
1779134040,96.375,96.375,96.375,96.375,1
1779134100,96.375,96.375,96.375,96.375,2
1779134280,96.375,96.375,96.375,96.375,4
1779134340,96.375,96.375,96.375,96.375,1
1779134580,96.375,96.375,96.375,96.375,1
1779134640,96.375,96.375,96.375,96.375,1
1779135060,96.37,96.375,96.37,96.375,101
1779135240,96.375,96.375,96.375,96.375,1
1779135300,96.375,96.375,96.375,96.375,6
1779137040,96.375,96.375,96.375,96.375,60
1779137160,96.375,96.375,96.375,96.375,81
1779137280,96.375,96.375,96.375,96.375,82
1779137400,96.375,96.375,96.375,96.375,80
1779137460,96.375,96.375,96.375,96.375,12
1779137520,96.375,96.375,96.375,96.375,80
1779137640,96.375,96.375,96.375,96.375,80
1779137700,96.375,96.375,96.375,96.375,40
1779137880,96.375,96.375,96.375,96.375,1
1779137940,96.375,96.375,96.375,96.375,35
1779142680,96.375,96.375,96.375,96.375,41
1779142920,96.375,96.375,96.375,96.375,9
1779154020,96.375,96.375,96.375,96.375,120
1779154140,96.375,96.375,96.375,96.375,240
1779168060,96.375,96.375,96.375,96.375,9
1779170880,96.375,96.375,96.375,96.375,1
1779171000,96.375,96.375,96.375,96.375,2
1779172620,96.375,96.375,96.375,96.375,401
1779172800,96.375,96.375,96.375,96.375,766
1779172860,96.375,96.375,96.375,96.375,148
1779173400,96.375,96.375,96.375,96.375,301
1779174000,96.375,96.375,96.375,96.375,1
1779174240,96.375,96.375,96.375,96.375,1
1779174660,96.375,96.375,96.375,96.375,7
1779177540,96.375,96.375,96.375,96.375,100
1779178140,96.375,96.375,96.375,96.375,1
1779181140,96.375,96.375,96.375,96.375,2
1779184200,96.375,96.375,96.375,96.375,4
1779184320,96.375,96.375,96.375,96.375,92
1779184560,96.375,96.375,96.375,96.375,1
1779184800,96.375,96.375,96.375,96.375,1
1779185340,96.375,96.375,96.375,96.375,1
1779185940,96.375,96.375,96.375,96.375,8
1779186540,96.375,96.375,96.375,96.375,18
1779186900,96.375,96.375,96.375,96.375,34
1779187020,96.375,96.375,96.375,96.375,2203
1779187080,96.375,96.375,96.375,96.375,126
1779187500,96.375,96.375,96.375,96.375,47
1779187560,96.375,96.375,96.375,96.375,608
1779187680,96.375,96.375,96.375,96.375,502
1779188040,96.375,96.375,96.375,96.375,1
1779188760,96.375,96.375,96.375,96.375,7
1779189660,96.375,96.375,96.375,96.375,1
1779189900,96.375,96.375,96.375,96.375,2
1779190500,96.375,96.375,96.375,96.375,11
1779190560,96.375,96.375,96.375,96.375,1
1779191640,96.375,96.375,96.375,96.375,1
1779192540,96.38,96.38,96.375,96.375,1406
1779192600,96.38,96.38,96.38,96.38,2135
1779192660,96.38,96.38,96.38,96.38,2494
1779192720,96.38,96.38,96.38,96.38,2300
1779192780,96.38,96.38,96.38,96.38,141
1779192840,96.38,96.38,96.38,96.38,108
1779192900,96.38,96.38,96.38,96.38,23
1779193080,96.38,96.38,96.38,96.38,4
1779193200,96.38,96.38,96.38,96.38,2
1779193560,96.38,96.38,96.38,96.38,1025
1779193620,96.38,96.38,96.38,96.38,6
1779193740,96.38,96.38,96.38,96.38,1060
1779193800,96.38,96.38,96.38,96.38,1
1779193920,96.38,96.38,96.38,96.38,20
1779194220,96.38,96.38,96.38,96.38,2
1779194280,96.38,96.38,96.38,96.38,871
1779194340,96.38,96.38,96.38,96.38,50
1779194400,96.38,96.38,96.38,96.38,32
1779195360,96.375,96.38,96.375,96.38,26
1779195480,96.38,96.38,96.38,96.38,100
1779196380,96.38,96.38,96.38,96.38,15
1779196440,96.38,96.38,96.38,96.38,76
1779196500,96.375,96.375,96.375,96.375,25
1779196740,96.38,96.38,96.38,96.38,203
1779197280,96.375,96.375,96.375,96.375,3
1779198000,96.375,96.375,96.375,96.375,2
1779198180,96.375,96.38,96.375,96.38,113
1779198420,96.38,96.38,96.38,96.38,2
1779198480,96.38,96.38,96.38,96.38,13
1779198660,96.375,96.38,96.375,96.38,101
1779198900,96.38,96.38,96.38,96.38,1
1779200280,96.375,96.375,96.375,96.375,8
1779201600,96.38,96.38,96.38,96.38,1
1779203400,96.38,96.38,96.38,96.38,1
1779203940,96.38,96.38,96.38,96.38,1214
1779204360,96.38,96.38,96.38,96.38,1
1779206280,96.38,96.38,96.38,96.38,203
1779206340,96.38,96.38,96.38,96.38,250
1779206760,96.375,96.38,96.375,96.38,504
1779207120,96.375,96.375,96.375,96.375,81
1779207180,96.375,96.375,96.375,96.375,500
1779208500,96.375,96.38,96.375,96.38,197
1779209760,96.38,96.38,96.38,96.38,2325
1779209940,96.38,96.38,96.38,96.38,19212
1779210240,96.385,96.385,96.385,96.385,2
1779210360,96.38,96.38,96.38,96.38,25
1779211620,96.38,96.38,96.38,96.38,3
1779211920,96.38,96.385,96.38,96.385,124
1779213120,96.385,96.385,96.385,96.385,350
1779213540,96.38,96.38,96.38,96.38,9
1779213780,96.385,96.385,96.385,96.385,38
1779213900,96.385,96.385,96.385,96.385,9
1779214020,96.385,96.385,96.385,96.385,15
1779215700,96.38,96.38,96.38,96.38,5
1779216000,96.38,96.38,96.38,96.38,61
1779216900,96.38,96.38,96.38,96.38,43
1779217080,96.38,96.38,96.38,96.38,13938
1779217140,96.38,96.38,96.38,96.38,1412
1779217260,96.38,96.38,96.38,96.38,2363
1779217320,96.38,96.38,96.38,96.38,7
1779217380,96.38,96.38,96.38,96.38,318
1779217440,96.38,96.38,96.38,96.38,69
1779217560,96.38,96.38,96.38,96.38,443
1779217920,96.38,96.38,96.38,96.38,151
1779218100,96.38,96.38,96.38,96.38,90
1779218160,96.38,96.38,96.38,96.38,75
1779218400,96.38,96.38,96.38,96.38,24
1779218580,96.38,96.38,96.38,96.38,500
1779218700,96.38,96.38,96.38,96.38,4
1779218820,96.38,96.38,96.38,96.38,6
1779218880,96.38,96.38,96.38,96.38,1
1779219000,96.38,96.38,96.38,96.38,89
1779219720,96.38,96.38,96.38,96.38,2
1779219780,96.38,96.38,96.38,96.38,14
1779220020,96.38,96.38,96.38,96.38,200
1779220140,96.385,96.385,96.385,96.385,4
1779220260,96.38,96.38,96.38,96.38,44
1779220560,96.385,96.385,96.385,96.385,2
1779220860,96.38,96.38,96.38,96.38,95
1779220920,96.38,96.38,96.38,96.38,10
1779221040,96.38,96.38,96.38,96.38,1
1779221460,96.385,96.385,96.385,96.385,1
1779223680,96.385,96.385,96.385,96.385,4
1779223740,96.38,96.38,96.38,96.38,191
1779223800,96.385,96.385,96.385,96.385,22
1779224160,96.385,96.385,96.385,96.385,14
1779224340,96.385,96.385,96.385,96.385,4
1779228000,96.385,96.385,96.385,96.385,51
1779228180,96.385,96.385,96.385,96.385,4
1779229860,96.385,96.385,96.385,96.385,4
1779259320,96.385,96.385,96.385,96.385,1
1779261180,96.385,96.385,96.385,96.385,13
1779262140,96.38,96.38,96.38,96.38,1
1779263880,96.38,96.38,96.38,96.38,50
1779264060,96.38,96.38,96.38,96.38,6
1779265800,96.38,96.38,96.38,96.38,80
1779265980,96.38,96.38,96.38,96.38,13
1779266640,96.38,96.38,96.38,96.38,1
1779267480,96.38,96.38,96.38,96.38,5
1779267780,96.385,96.385,96.385,96.385,3
1779267960,96.385,96.385,96.385,96.385,3
1779268020,96.38,96.38,96.38,96.38,130
1779270360,96.38,96.38,96.38,96.38,2
1779272220,96.38,96.38,96.38,96.38,3
1779273060,96.385,96.385,96.385,96.385,1
1779274140,96.385,96.385,96.385,96.385,24
1779274920,96.385,96.385,96.385,96.385,519
1779275100,96.385,96.385,96.385,96.385,300
1779275580,96.385,96.385,96.385,96.385,9
1779275940,96.385,96.385,96.385,96.385,2
1779276180,96.38,96.38,96.38,96.38,111
1779276300,96.38,96.38,96.38,96.38,3
1779276660,96.385,96.385,96.385,96.385,28
1779276780,96.385,96.385,96.385,96.385,12
1779276900,96.385,96.385,96.385,96.385,500
1779276960,96.38,96.38,96.38,96.38,1
1779277140,96.385,96.385,96.385,96.385,7
1779277320,96.38,96.385,96.38,96.385,131
1779277380,96.385,96.385,96.385,96.385,556
1779277440,96.38,96.38,96.38,96.38,16
1779277500,96.385,96.385,96.385,96.385,4
1779277560,96.38,96.38,96.38,96.38,35
1779278520,96.385,96.385,96.385,96.385,2
1779278760,96.38,96.38,96.38,96.38,1
1779278820,96.38,96.38,96.38,96.38,1
1779279360,96.385,96.385,96.385,96.385,13
1779279960,96.385,96.385,96.385,96.385,22
1779280680,96.38,96.38,96.38,96.38,1
1779281520,96.38,96.38,96.38,96.38,3
1779281580,96.38,96.38,96.38,96.38,422
1779281640,96.38,96.38,96.38,96.38,1
1779281760,96.38,96.38,96.38,96.38,1
1779281940,96.385,96.385,96.385,96.385,10104
1779282000,96.385,96.385,96.38,96.38,8
1779282060,96.38,96.385,96.38,96.385,10783
1779282120,96.385,96.385,96.385,96.385,1
1779282180,96.385,96.385,96.385,96.385,974
1779282240,96.385,96.385,96.385,96.385,1625
1779282300,96.385,96.385,96.38,96.385,353
1779282360,96.385,96.385,96.385,96.385,100
1779282420,96.385,96.385,96.385,96.385,1082
1779282480,96.385,96.385,96.385,96.385,1399
1779282600,96.385,96.385,96.385,96.385,15
1779282660,96.385,96.385,96.385,96.385,2025
1779282900,96.385,96.385,96.385,96.385,15
1779283200,96.385,96.385,96.385,96.385,1025
1779283440,96.385,96.385,96.385,96.385,10
1779283560,96.385,96.385,96.385,96.385,5
1779284400,96.38,96.38,96.38,96.38,50
1779284940,96.385,96.385,96.385,96.385,2
1779285540,96.38,96.38,96.38,96.38,463
1779286020,96.385,96.385,96.385,96.385,2
1779286380,96.385,96.385,96.385,96.385,4
1779286560,96.385,96.385,96.385,96.385,24
1779286620,96.385,96.385,96.385,96.385,6
1779286680,96.385,96.385,96.385,96.385,3
1779287040,96.385,96.385,96.385,96.385,17
1779287100,96.385,96.385,96.385,96.385,3
1779287580,96.385,96.385,96.385,96.385,5
1779287640,96.385,96.385,96.385,96.385,2
1779288480,96.385,96.385,96.385,96.385,100
1779288540,96.385,96.385,96.385,96.385,15
1779288600,96.385,96.385,96.385,96.385,25
1779288720,96.385,96.385,96.385,96.385,48
1779289200,96.385,96.385,96.385,96.385,31
1779289560,96.385,96.385,96.385,96.385,3
1779289620,96.385,96.385,96.385,96.385,450
1779289680,96.385,96.385,96.385,96.385,300
1779289860,96.385,96.385,96.385,96.385,243
1779290100,96.385,96.385,96.385,96.385,1807
1779290160,96.385,96.385,96.385,96.385,340
1779290340,96.385,96.385,96.385,96.385,27
1779290580,96.385,96.385,96.385,96.385,35
1779290700,96.385,96.385,96.385,96.385,11
1779291660,96.385,96.385,96.385,96.385,10
1779291720,96.385,96.385,96.385,96.385,11
1779291960,96.385,96.385,96.385,96.385,20
1779292200,96.38,96.38,96.38,96.38,300
1779292500,96.38,96.38,96.38,96.38,1
1779292560,96.38,96.38,96.38,96.38,1
1779294120,96.38,96.38,96.38,96.38,10
1779294240,96.38,96.38,96.38,96.38,352
1779297420,96.385,96.385,96.385,96.385,1
1779298020,96.385,96.385,96.385,96.385,66
1779298080,96.385,96.385,96.38,96.38,295
1779298200,96.38,96.38,96.38,96.38,4
1779298380,96.38,96.38,96.38,96.38,1
1779298500,96.38,96.38,96.38,96.38,5
1779301440,96.38,96.38,96.38,96.38,1061
1779303540,96.38,96.38,96.38,96.38,3
1779304020,96.38,96.38,96.38,96.38,3
1779304740,96.38,96.38,96.38,96.38,30
1779304800,96.385,96.385,96.385,96.385,2
1779304860,96.38,96.38,96.38,96.38,1
1779305700,96.38,96.38,96.38,96.38,34
1779306420,96.385,96.385,96.385,96.385,8
1779306840,96.38,96.38,96.38,96.38,4
1779307260,96.38,96.38,96.38,96.38,5
1779308100,96.38,96.38,96.38,96.38,57
1779308760,96.38,96.38,96.38,96.38,1
1779308880,96.38,96.38,96.38,96.38,52
1779309120,96.38,96.38,96.38,96.38,24
1779309900,96.38,96.38,96.38,96.38,187
1779310200,96.38,96.38,96.38,96.38,416
1779310380,96.385,96.385,96.385,96.385,348
1779310560,96.38,96.38,96.38,96.38,17
1779310740,96.38,96.38,96.38,96.38,19
1779314400,96.38,96.38,96.38,96.38,46
1779341160,96.38,96.38,96.38,96.38,9
1779348840,96.38,96.38,96.38,96.38,1
1779349200,96.38,96.38,96.38,96.38,21
1779349920,96.38,96.38,96.38,96.38,19
1779350340,96.38,96.38,96.38,96.38,90
1779350580,96.38,96.38,96.38,96.38,2
1779351720,96.38,96.38,96.38,96.38,2
1779355920,96.38,96.38,96.38,96.38,1
1779356520,96.38,96.38,96.38,96.38,2
1779357720,96.38,96.38,96.38,96.38,400
1779358860,96.385,96.385,96.385,96.385,1
1779359160,96.38,96.38,96.38,96.38,97
1779359220,96.38,96.38,96.38,96.38,101
1779359400,96.38,96.38,96.38,96.38,44
1779359820,96.38,96.38,96.38,96.38,529
1779360000,96.38,96.38,96.38,96.38,298
1779360060,96.38,96.38,96.38,96.38,500
1779360120,96.38,96.38,96.38,96.38,1
1779360720,96.38,96.38,96.38,96.38,67
1779360780,96.38,96.38,96.38,96.38,10
1779361140,96.38,96.38,96.38,96.38,200
1779361260,96.38,96.38,96.38,96.38,10
1779361380,96.38,96.38,96.38,96.38,24
1779361440,96.38,96.38,96.38,96.38,11
1779361500,96.38,96.38,96.38,96.38,4
1779361560,96.38,96.38,96.38,96.38,532
1779361620,96.38,96.38,96.38,96.38,2115
1779361680,96.38,96.38,96.38,96.38,244
1779361740,96.38,96.38,96.38,96.38,815
1779361860,96.38,96.38,96.38,96.38,64
1779362820,96.38,96.38,96.38,96.38,1781
1779362880,96.38,96.38,96.38,96.38,937
1779363060,96.38,96.38,96.38,96.38,300
1779363420,96.375,96.375,96.375,96.375,19
1779363600,96.38,96.38,96.38,96.38,1
1779363660,96.38,96.38,96.38,96.38,282
1779363780,96.38,96.38,96.38,96.38,201
1779364020,96.38,96.38,96.38,96.38,32
1779364080,96.38,96.38,96.38,96.38,38
1779364200,96.38,96.38,96.38,96.38,4
1779364260,96.38,96.38,96.38,96.38,18
1779365760,96.375,96.375,96.375,96.375,8164
1779365940,96.375,96.375,96.375,96.375,983
1779366000,96.375,96.375,96.375,96.375,50
1779366180,96.375,96.375,96.375,96.375,5
1779366960,96.38,96.38,96.38,96.38,16
1779367620,96.375,96.375,96.375,96.375,17
1779368820,96.375,96.375,96.375,96.375,5
1779368880,96.375,96.375,96.375,96.375,1
1779369000,96.375,96.375,96.375,96.375,23
1779369120,96.375,96.375,96.375,96.375,56
1779369720,96.375,96.375,96.375,96.375,1
1779370020,96.375,96.375,96.375,96.375,4
1779370140,96.375,96.375,96.375,96.375,1
1779370500,96.38,96.38,96.38,96.38,386
1779370620,96.375,96.375,96.375,96.375,1
1779370680,96.375,96.375,96.375,96.375,20
1779371040,96.375,96.38,96.375,96.375,22
1779371100,96.375,96.375,96.375,96.375,12
1779371220,96.375,96.375,96.375,96.375,7
1779371280,96.375,96.375,96.375,96.375,53
1779371340,96.38,96.38,96.38,96.38,60
1779371400,96.375,96.375,96.375,96.375,1382
1779371460,96.375,96.375,96.375,96.375,422
1779371580,96.375,96.375,96.375,96.375,5
1779372960,96.375,96.375,96.375,96.375,1000
1779373020,96.375,96.375,96.375,96.375,6
1779373260,96.375,96.375,96.375,96.375,6
1779373620,96.375,96.375,96.375,96.375,1
1779374100,96.375,96.375,96.375,96.375,1
1779374340,96.375,96.375,96.375,96.375,1
1779374400,96.375,96.375,96.375,96.375,6
1779374640,96.375,96.375,96.375,96.375,1
1779374820,96.375,96.375,96.375,96.375,3
1779374880,96.375,96.375,96.375,96.375,3
1779375000,96.375,96.375,96.375,96.375,1
1779375120,96.375,96.375,96.375,96.375,3
1779375180,96.375,96.375,96.375,96.375,4
1779375240,96.375,96.375,96.375,96.375,1
1779375300,96.375,96.375,96.375,96.375,1
1779375360,96.38,96.38,96.38,96.38,59
1779375480,96.375,96.375,96.375,96.375,1438
1779375540,96.375,96.375,96.375,96.375,5
1779375720,96.375,96.375,96.375,96.375,3
1779375840,96.375,96.375,96.375,96.375,3
1779375900,96.375,96.375,96.375,96.375,4
1779376020,96.375,96.375,96.375,96.375,234
1779376200,96.375,96.375,96.375,96.375,133
1779376260,96.375,96.375,96.375,96.375,1
1779376320,96.375,96.375,96.375,96.375,6
1779376440,96.375,96.375,96.375,96.375,1
1779376500,96.375,96.375,96.375,96.375,271
1779376560,96.375,96.375,96.375,96.375,22
1779376620,96.375,96.375,96.375,96.375,207
1779376680,96.375,96.375,96.375,96.375,2
1779376740,96.375,96.375,96.375,96.375,12
1779376800,96.375,96.375,96.375,96.375,3
1779376860,96.375,96.375,96.375,96.375,1
1779376980,96.38,96.38,96.38,96.38,20
1779377100,96.375,96.375,96.375,96.375,399
1779377520,96.375,96.375,96.375,96.375,411
1779377580,96.375,96.375,96.375,96.375,338
1779377760,96.375,96.375,96.375,96.375,1
1779377820,96.375,96.375,96.375,96.375,10
1779377880,96.375,96.375,96.375,96.375,29
1779378000,96.375,96.375,96.375,96.375,453
1779378060,96.375,96.375,96.375,96.375,8
1779378120,96.375,96.375,96.375,96.375,40
1779378240,96.375,96.375,96.375,96.375,2
1779378420,96.375,96.375,96.375,96.375,210
1779378480,96.375,96.375,96.375,96.375,52
1779378540,96.375,96.375,96.375,96.375,69
1779378600,96.375,96.375,96.375,96.375,17
1779378660,96.375,96.375,96.375,96.375,1
1779378720,96.375,96.375,96.375,96.375,1
1779378840,96.375,96.375,96.375,96.375,28
1779378960,96.375,96.375,96.375,96.375,1
1779379080,96.375,96.375,96.375,96.375,1350
1779379140,96.37,96.375,96.37,96.375,76
1779379200,96.375,96.375,96.375,96.375,1361
1779379260,96.375,96.375,96.375,96.375,31
1779379320,96.375,96.375,96.375,96.375,1927
1779379440,96.375,96.375,96.375,96.375,66
1779379500,96.375,96.375,96.375,96.375,46
1779379560,96.375,96.375,96.375,96.375,250
1779379620,96.375,96.375,96.375,96.375,911
1779379680,96.375,96.375,96.375,96.375,1100
1779379740,96.375,96.375,96.375,96.375,4
1779379800,96.375,96.375,96.375,96.375,27
1779379860,96.375,96.375,96.375,96.375,39
1779379920,96.375,96.375,96.375,96.375,8
1779380220,96.375,96.375,96.375,96.375,96
1779380280,96.375,96.375,96.375,96.375,1536
1779380580,96.375,96.375,96.375,96.375,18
1779380820,96.375,96.375,96.375,96.375,1108
1779381000,96.375,96.375,96.375,96.375,500
1779381300,96.375,96.375,96.375,96.375,13
1779381600,96.375,96.375,96.375,96.375,1
1779381720,96.375,96.375,96.375,96.375,607
1779381780,96.375,96.375,96.375,96.375,1
1779382080,96.375,96.375,96.375,96.375,22
1779382140,96.375,96.375,96.375,96.375,1
1779382260,96.375,96.375,96.375,96.375,13
1779382320,96.375,96.375,96.375,96.375,1858
1779382440,96.375,96.375,96.375,96.375,363
1779382560,96.375,96.375,96.375,96.375,15
1779382620,96.37,96.37,96.37,96.37,326
1779382980,96.375,96.375,96.375,96.375,197
1779383460,96.375,96.375,96.375,96.375,67
1779383760,96.375,96.375,96.375,96.375,1299
1779383820,96.375,96.375,96.375,96.375,1311
1779383880,96.375,96.375,96.375,96.375,1438
1779383940,96.375,96.375,96.375,96.375,51
1779384000,96.375,96.375,96.375,96.375,276
1779384120,96.375,96.375,96.375,96.375,126
1779384360,96.37,96.37,96.37,96.37,1
1779384420,96.375,96.375,96.375,96.375,7
1779384540,96.375,96.375,96.375,96.375,3151
1779384600,96.375,96.375,96.375,96.375,31
1779384660,96.375,96.375,96.375,96.375,722
1779384720,96.375,96.375,96.375,96.375,811
1779384780,96.37,96.37,96.37,96.37,1
1779384840,96.375,96.375,96.375,96.375,500
1779384900,96.38,96.38,96.38,96.38,12
1779385140,96.375,96.375,96.375,96.375,10
1779385260,96.375,96.375,96.375,96.375,12
1779385380,96.375,96.375,96.375,96.375,336
1779385440,96.375,96.375,96.375,96.375,158
1779385500,96.375,96.375,96.375,96.375,15
1779385560,96.375,96.375,96.375,96.375,7
1779385800,96.375,96.375,96.375,96.375,240
1779386100,96.37,96.37,96.37,96.37,1
1779386220,96.37,96.37,96.37,96.37,3
1779387060,96.37,96.37,96.37,96.37,1
1779387660,96.375,96.375,96.375,96.375,1221
1779387720,96.37,96.37,96.37,96.37,76
1779387780,96.37,96.375,96.37,96.37,61
1779387840,96.375,96.375,96.375,96.375,6
1779387900,96.37,96.375,96.37,96.375,481
1779387960,96.375,96.375,96.375,96.375,1720
1779388020,96.37,96.375,96.37,96.375,2
1779388320,96.37,96.37,96.37,96.37,1
1779388380,96.37,96.37,96.37,96.37,1
1779388440,96.37,96.37,96.37,96.37,1
1779388560,96.37,96.37,96.37,96.37,1
1779388680,96.37,96.37,96.37,96.37,1
1779388740,96.37,96.37,96.37,96.37,2
1779388920,96.37,96.37,96.37,96.37,1
1779388980,96.375,96.375,96.375,96.375,100
1779389040,96.37,96.37,96.37,96.37,2
1779389100,96.37,96.37,96.37,96.37,1
1779389160,96.37,96.37,96.37,96.37,1
1779389400,96.375,96.375,96.375,96.375,500
1779389460,96.375,96.375,96.375,96.375,1
1779389520,96.37,96.37,96.37,96.37,4
1779389640,96.375,96.375,96.375,96.375,1
1779389700,96.37,96.37,96.37,96.37,35
1779389760,96.37,96.37,96.37,96.37,3
1779389940,96.37,96.37,96.37,96.37,1
1779390060,96.37,96.37,96.37,96.37,1
1779390780,96.37,96.375,96.37,96.375,13
1779391440,96.375,96.375,96.375,96.375,32
1779393000,96.375,96.375,96.375,96.375,600
1779393360,96.375,96.375,96.375,96.375,165
1779393480,96.37,96.37,96.37,96.37,13
1779395040,96.375,96.375,96.375,96.375,145
1779395100,96.375,96.375,96.375,96.375,49
1779395400,96.375,96.375,96.375,96.375,150
1779395520,96.375,96.375,96.375,96.375,683
1779396180,96.375,96.375,96.375,96.375,19
1779396540,96.375,96.375,96.375,96.375,4
1779396900,96.375,96.375,96.375,96.375,38
1779397080,96.375,96.375,96.375,96.375,2
1779397140,96.37,96.37,96.37,96.37,4
1779401040,96.375,96.375,96.375,96.375,18
1779413460,96.37,96.37,96.37,96.37,26
1779415260,96.37,96.37,96.37,96.37,26
1779417060,96.37,96.37,96.37,96.37,26
1779418860,96.37,96.37,96.37,96.37,9
1779419100,96.375,96.375,96.375,96.375,3
1779420660,96.37,96.37,96.37,96.37,1
1779427860,96.37,96.37,96.37,96.37,1
1779430980,96.37,96.37,96.37,96.37,8
1779433740,96.375,96.375,96.375,96.375,40
1779434940,96.37,96.37,96.37,96.37,3
1779435360,96.37,96.37,96.37,96.37,1
1779436860,96.37,96.37,96.37,96.37,165
1779437520,96.37,96.37,96.37,96.37,10
1779438780,96.37,96.37,96.37,96.37,64
1779438840,96.37,96.37,96.37,96.37,282
1779443940,96.375,96.375,96.375,96.375,107
1779444420,96.37,96.37,96.37,96.37,2
1779444540,96.37,96.37,96.37,96.37,200
1779445440,96.375,96.375,96.375,96.375,1
1779446160,96.375,96.375,96.375,96.375,15
1779446880,96.375,96.375,96.375,96.375,4
1779448080,96.37,96.37,96.37,96.37,3
1779448620,96.375,96.375,96.375,96.375,4
1779448800,96.375,96.375,96.375,96.375,1
1779449280,96.375,96.375,96.375,96.375,1
1779449820,96.375,96.375,96.375,96.375,1
1779450120,96.375,96.375,96.375,96.375,20
1779451500,96.375,96.375,96.375,96.375,46
1779451800,96.375,96.375,96.375,96.375,70
1779451920,96.375,96.375,96.375,96.375,298
1779451980,96.375,96.375,96.375,96.375,115
1779452100,96.375,96.375,96.375,96.375,9
1779452340,96.375,96.375,96.375,96.375,6286
1779452520,96.375,96.375,96.375,96.375,2653
1779452580,96.375,96.375,96.375,96.375,1
1779452760,96.375,96.375,96.375,96.375,3
1779452940,96.375,96.375,96.375,96.375,8
1779453000,96.38,96.38,96.38,96.38,1
1779453360,96.375,96.375,96.375,96.375,15
1779453780,96.375,96.375,96.375,96.375,1
1779454560,96.38,96.38,96.38,96.38,42
1779454740,96.38,96.38,96.38,96.38,100
1779454800,96.38,96.38,96.375,96.38,2043
1779454860,96.38,96.38,96.38,96.38,50
1779454920,96.38,96.38,96.38,96.38,100
1779455340,96.38,96.38,96.38,96.38,30
1779457620,96.375,96.375,96.375,96.375,3
1779457740,96.375,96.38,96.375,96.38,309
1779457800,96.375,96.375,96.375,96.375,2
1779457860,96.375,96.375,96.375,96.375,25
1779457980,96.375,96.375,96.375,96.375,4
1779458280,96.38,96.38,96.38,96.38,44
1779458340,96.375,96.375,96.375,96.375,11
1779458400,96.375,96.375,96.375,96.375,80
1779458460,96.375,96.375,96.375,96.375,4674
1779458520,96.375,96.375,96.375,96.375,1608
1779458580,96.375,96.375,96.375,96.375,22
1779458640,96.375,96.375,96.375,96.375,2309
1779458700,96.375,96.375,96.375,96.375,322
1779458760,96.375,96.375,96.375,96.375,376
1779458820,96.375,96.375,96.375,96.375,55
1779459000,96.375,96.375,96.375,96.375,264
1779459060,96.375,96.375,96.375,96.375,1000
1779459120,96.375,96.375,96.375,96.375,1
1779459180,96.375,96.375,96.375,96.375,49
1779459240,96.375,96.375,96.375,96.375,5
1779459300,96.375,96.375,96.375,96.375,82
1779459420,96.375,96.375,96.375,96.375,16
1779459660,96.375,96.375,96.375,96.375,7
1779459840,96.375,96.375,96.375,96.375,1025
1779460080,96.375,96.375,96.375,96.375,1026
1779460140,96.375,96.375,96.375,96.375,3
1779460260,96.375,96.375,96.375,96.375,11
1779460320,96.375,96.375,96.375,96.375,66
1779460380,96.375,96.375,96.375,96.375,161
1779460440,96.375,96.375,96.375,96.375,486
1779460740,96.375,96.375,96.375,96.375,90
1779460800,96.37,96.37,96.37,96.37,2
1779460860,96.375,96.375,96.375,96.375,41
1779460920,96.375,96.375,96.375,96.375,20
1779460980,96.375,96.375,96.37,96.37,851
1779461040,96.37,96.37,96.37,96.37,8
1779461340,96.375,96.375,96.375,96.375,73
1779461580,96.375,96.375,96.375,96.375,408
1779461640,96.375,96.375,96.375,96.375,36
1779461880,96.375,96.375,96.375,96.375,18
1779462060,96.375,96.38,96.375,96.375,1488
1779462180,96.375,96.375,96.375,96.375,110
1779462300,96.375,96.375,96.375,96.375,1
1779462360,96.375,96.375,96.375,96.375,3
1779462420,96.375,96.375,96.375,96.375,12
1779462480,96.375,96.375,96.375,96.375,1
1779462540,96.375,96.375,96.375,96.375,171
1779462660,96.375,96.375,96.375,96.375,2
1779462720,96.375,96.375,96.375,96.375,1
1779462840,96.375,96.375,96.375,96.375,66
1779462960,96.375,96.375,96.375,96.375,43
1779463020,96.375,96.375,96.375,96.375,1
1779463080,96.38,96.38,96.375,96.375,11
1779463140,96.375,96.375,96.375,96.375,1
1779463260,96.375,96.375,96.375,96.375,3
1779463380,96.375,96.375,96.375,96.375,34
1779463440,96.375,96.375,96.375,96.375,34
1779463500,96.375,96.375,96.375,96.375,15
1779464640,96.375,96.375,96.375,96.375,15
1779464760,96.38,96.38,96.38,96.38,19
1779465120,96.375,96.375,96.375,96.375,20
1779465240,96.375,96.375,96.375,96.375,92
1779465600,96.375,96.375,96.375,96.375,321
1779465720,96.375,96.375,96.375,96.375,32
1779465840,96.375,96.375,96.375,96.375,441
1779466020,96.375,96.375,96.375,96.375,3
1779466260,96.375,96.375,96.375,96.375,9
1779466440,96.375,96.375,96.375,96.375,19
1779467040,96.37,96.37,96.37,96.37,100
1779467100,96.375,96.375,96.375,96.375,41
1779467160,96.375,96.375,96.375,96.375,7
1779467280,96.375,96.375,96.375,96.375,1
1779467340,96.375,96.375,96.375,96.375,396
1779467460,96.375,96.38,96.375,96.38,354
1779467700,96.375,96.375,96.375,96.375,15
1779467760,96.375,96.375,96.375,96.375,8
1779467820,96.375,96.375,96.375,96.375,2
1779468180,96.375,96.375,96.375,96.375,165
1779468300,96.375,96.375,96.375,96.375,89
1779468360,96.375,96.375,96.375,96.375,1
1779468480,96.375,96.375,96.375,96.375,2
1779468600,96.375,96.375,96.375,96.375,3
1779468780,96.375,96.375,96.375,96.375,7
1779469320,96.38,96.38,96.375,96.375,99
1779469500,96.38,96.38,96.38,96.38,1
1779469860,96.38,96.38,96.38,96.38,1
1779470340,96.38,96.38,96.375,96.375,110
1779470520,96.375,96.375,96.375,96.375,3
1779470700,96.38,96.38,96.38,96.38,1
1779470760,96.375,96.38,96.375,96.38,220
1779470880,96.38,96.38,96.375,96.375,30
1779470940,96.375,96.375,96.375,96.375,1
1779471000,96.38,96.38,96.38,96.38,22
1779471300,96.375,96.375,96.375,96.375,1
1779471540,96.375,96.375,96.375,96.375,7
1779471720,96.375,96.375,96.375,96.375,994
1779471840,96.375,96.375,96.375,96.375,121
1779471900,96.375,96.375,96.375,96.375,24
1779472200,96.375,96.375,96.375,96.375,75
1779472440,96.375,96.375,96.375,96.375,22
1779472860,96.375,96.375,96.375,96.375,120
1779472980,96.375,96.375,96.375,96.375,56
1779473040,96.375,96.375,96.375,96.375,1336
1779473100,96.375,96.375,96.375,96.375,5
1779473400,96.375,96.375,96.375,96.375,20
1779473580,96.375,96.375,96.375,96.375,2
1779473640,96.375,96.375,96.375,96.375,1
1779473940,96.375,96.375,96.37,96.375,2049
1779474000,96.375,96.375,96.375,96.375,1
1779474480,96.375,96.375,96.375,96.375,1
1779474780,96.375,96.375,96.375,96.375,95
1779475260,96.375,96.375,96.375,96.375,2
1779475740,96.375,96.375,96.375,96.375,45
1779475920,96.375,96.375,96.375,96.375,12
1779476100,96.375,96.38,96.375,96.38,17
1779476340,96.375,96.375,96.375,96.375,4
1779476460,96.375,96.375,96.375,96.375,8
1779476520,96.375,96.375,96.375,96.375,5
1779476880,96.38,96.38,96.38,96.38,1
1779477120,96.375,96.375,96.375,96.375,12
1779477420,96.375,96.375,96.375,96.375,1025
1779478080,96.375,96.375,96.375,96.375,1
1779479160,96.38,96.38,96.38,96.38,8
1779479940,96.375,96.375,96.375,96.375,2
1779480000,96.375,96.375,96.375,96.375,502
1779480420,96.38,96.38,96.375,96.375,7
1779481620,96.38,96.38,96.38,96.38,602
1779482820,96.375,96.375,96.375,96.375,1
1779483000,96.375,96.375,96.375,96.375,1
1779483240,96.375,96.375,96.375,96.375,23
1779483300,96.375,96.375,96.375,96.375,2
1779483360,96.375,96.375,96.375,96.375,9
1779483480,96.38,96.38,96.38,96.38,1
1779660000,96.38,96.38,96.375,96.375,77
1779660120,96.375,96.375,96.375,96.375,106
1779661020,96.375,96.375,96.375,96.375,1
1779667560,96.375,96.375,96.375,96.375,112
1779690060,96.375,96.375,96.375,96.375,1
1779697860,96.375,96.375,96.375,96.375,2
1779700080,96.375,96.375,96.375,96.375,44
1779700980,96.375,96.375,96.375,96.375,8
1779701340,96.38,96.38,96.38,96.38,2
1779708480,96.38,96.38,96.38,96.38,25
1779710400,96.375,96.375,96.375,96.375,3
1779713340,96.38,96.38,96.38,96.38,8017
1779715680,96.38,96.38,96.38,96.38,1
1779716760,96.375,96.375,96.375,96.375,15
1779720660,96.38,96.38,96.38,96.38,1
1779721860,96.38,96.38,96.38,96.38,50
1779728280,96.375,96.375,96.375,96.375,2
1779746400,96.38,96.38,96.38,96.38,24
1779747060,96.38,96.38,96.38,96.38,25
1779749760,96.38,96.38,96.38,96.38,3
1779751200,96.38,96.38,96.38,96.38,2
1779752220,96.38,96.38,96.38,96.38,1
1779752700,96.38,96.38,96.38,96.38,55
1779753120,96.38,96.38,96.38,96.38,28
1779753420,96.38,96.38,96.38,96.38,4
1779756540,96.375,96.375,96.375,96.375,3
1779760500,96.38,96.38,96.38,96.38,3
1779781500,96.38,96.38,96.38,96.38,43
1779781680,96.38,96.38,96.38,96.38,2
1779781740,96.38,96.38,96.38,96.38,18
1779781800,96.38,96.38,96.38,96.38,1
1779781920,96.38,96.38,96.38,96.38,1
1779782040,96.38,96.38,96.38,96.38,1
1779782460,96.38,96.38,96.38,96.38,1
1779786120,96.38,96.38,96.38,96.38,43
1779786240,96.38,96.38,96.38,96.38,3
1779786480,96.38,96.38,96.38,96.38,21
1779786660,96.38,96.38,96.38,96.38,2
1779786960,96.38,96.38,96.38,96.38,17
1779787800,96.38,96.38,96.38,96.38,1
1779787980,96.38,96.38,96.38,96.38,2
1779788340,96.38,96.38,96.38,96.38,1
1779789960,96.375,96.375,96.375,96.375,10
1779790260,96.375,96.375,96.375,96.375,2
1779790440,96.375,96.375,96.375,96.375,2
1779790860,96.375,96.375,96.375,96.375,4
1779791100,96.375,96.375,96.375,96.375,3
1779791280,96.375,96.375,96.375,96.375,3
1779791640,96.38,96.38,96.38,96.38,18
1779792600,96.375,96.375,96.375,96.375,19
1779793620,96.375,96.375,96.375,96.375,1
1779793980,96.375,96.375,96.375,96.375,8
1779794160,96.375,96.375,96.375,96.375,8
1779794520,96.375,96.38,96.375,96.38,42
1779794580,96.38,96.38,96.38,96.38,1
1779795120,96.38,96.38,96.38,96.38,1
1779795240,96.375,96.375,96.375,96.375,4
1779795300,96.38,96.38,96.375,96.38,29
1779795420,96.38,96.38,96.38,96.38,2
1779795480,96.375,96.375,96.375,96.375,30
1779795600,96.375,96.375,96.375,96.375,12
1779795660,96.375,96.375,96.375,96.375,5
1779795780,96.38,96.38,96.38,96.38,1
1779795840,96.38,96.38,96.38,96.38,1
1779795960,96.38,96.38,96.38,96.38,4
1779796140,96.375,96.38,96.375,96.38,122
1779796200,96.38,96.38,96.38,96.38,2
1779796320,96.375,96.38,96.375,96.38,11
1779797160,96.375,96.375,96.375,96.375,123
1779797400,96.375,96.375,96.375,96.375,3
1779798420,96.375,96.375,96.375,96.375,5
1779800100,96.375,96.375,96.375,96.375,277
1779800160,96.375,96.375,96.375,96.375,327
1779800280,96.38,96.38,96.38,96.38,4
1779800460,96.38,96.38,96.38,96.38,2
1779801360,96.38,96.38,96.38,96.38,25
1779801840,96.38,96.38,96.38,96.38,2
1779801960,96.38,96.38,96.38,96.38,56
1779802200,96.38,96.38,96.38,96.38,130
1779803160,96.38,96.38,96.38,96.38,17
1779803280,96.38,96.38,96.38,96.38,7
1779803400,96.38,96.38,96.38,96.38,47
1779803460,96.38,96.38,96.38,96.38,23
1779803520,96.38,96.38,96.38,96.38,44
1779803640,96.38,96.38,96.38,96.38,39
1779803700,96.38,96.38,96.38,96.38,14
1779803760,96.375,96.375,96.375,96.375,88
1779804180,96.38,96.38,96.38,96.38,26
1779804420,96.38,96.38,96.38,96.38,84
1779804600,96.38,96.38,96.38,96.38,26
1779804900,96.38,96.38,96.38,96.38,12
1779805260,96.38,96.38,96.38,96.38,11
1779805560,96.38,96.38,96.38,96.38,16
1779805620,96.38,96.38,96.38,96.38,16
1779805800,96.375,96.375,96.375,96.375,78
1779806280,96.375,96.375,96.375,96.375,14
1779806460,96.375,96.375,96.375,96.375,1
1779806520,96.38,96.38,96.38,96.38,4
1779807060,96.375,96.375,96.375,96.375,3
1779807180,96.375,96.375,96.375,96.375,6
1779807360,96.38,96.38,96.38,96.38,20
1779807480,96.375,96.375,96.375,96.375,16
1779808140,96.375,96.375,96.375,96.375,78
1779808620,96.38,96.38,96.38,96.38,13
1779809460,96.375,96.375,96.375,96.375,93
1779809760,96.38,96.38,96.38,96.38,4
1779810360,96.38,96.38,96.38,96.38,7
1779810540,96.375,96.38,96.375,96.38,103
1779813060,96.38,96.38,96.375,96.375,7
1779813360,96.375,96.375,96.375,96.375,3
1779813720,96.38,96.38,96.38,96.38,8
1779813840,96.38,96.38,96.38,96.38,8
1779813960,96.38,96.38,96.375,96.375,11
1779814080,96.38,96.38,96.375,96.375,12
1779814140,96.375,96.38,96.375,96.38,191
1779814200,96.38,96.38,96.38,96.38,9
1779814320,96.38,96.38,96.38,96.38,8
1779814440,96.38,96.38,96.38,96.38,18
1779814500,96.38,96.38,96.375,96.375,64
1779814560,96.38,96.38,96.38,96.38,2
1779814800,96.38,96.38,96.375,96.375,5
1779814860,96.375,96.375,96.375,96.375,1500
1779814920,96.375,96.375,96.375,96.375,52
1779814980,96.375,96.375,96.375,96.375,6
1779815040,96.375,96.375,96.375,96.375,11
1779815280,96.375,96.375,96.375,96.375,65
1779815880,96.375,96.375,96.375,96.375,2
1779816300,96.375,96.375,96.375,96.375,222
1779816720,96.375,96.375,96.375,96.375,125
1779817080,96.375,96.375,96.375,96.375,3
1779817620,96.38,96.38,96.38,96.38,116
1779821820,96.375,96.38,96.375,96.38,24
1779821940,96.375,96.38,96.375,96.375,12
1779822000,96.38,96.38,96.38,96.38,41
1779823200,96.38,96.38,96.375,96.375,51
1779823320,96.38,96.38,96.375,96.375,49
1779823380,96.38,96.38,96.38,96.38,49
1779823680,96.38,96.38,96.38,96.38,36
1779823740,96.38,96.38,96.38,96.38,41
1779823800,96.38,96.38,96.38,96.38,59
1779824040,96.38,96.38,96.38,96.38,100
1779824460,96.38,96.38,96.38,96.38,3
1779824520,96.38,96.38,96.38,96.38,8
1779825240,96.375,96.375,96.375,96.375,1
1779826320,96.38,96.38,96.38,96.38,186
1779827520,96.38,96.38,96.38,96.38,1
1779828420,96.38,96.38,96.38,96.38,58
1779828540,96.375,96.375,96.375,96.375,25
1779828720,96.38,96.38,96.375,96.375,13
1779828840,96.38,96.38,96.38,96.38,20
1779828900,96.38,96.38,96.38,96.38,8
1779829020,96.38,96.38,96.38,96.38,1
1779829080,96.38,96.38,96.38,96.38,27
1779833220,96.375,96.375,96.375,96.375,94
1779848100,96.38,96.38,96.38,96.38,25
1779852240,96.38,96.38,96.38,96.38,22
1779860700,96.38,96.38,96.375,96.375,407
1779860760,96.38,96.38,96.38,96.38,371
1779865440,96.38,96.38,96.38,96.38,32
1779866940,96.38,96.38,96.38,96.38,1
1779868440,96.38,96.38,96.38,96.38,1
1779868740,96.38,96.38,96.38,96.38,1
1779868800,96.38,96.38,96.38,96.38,7
1779870900,96.38,96.38,96.38,96.38,1
1779871140,96.38,96.38,96.38,96.38,1
1779871500,96.375,96.375,96.375,96.375,17
1779871560,96.38,96.38,96.375,96.375,203
1779871740,96.38,96.38,96.38,96.38,195
1779873000,96.38,96.38,96.38,96.38,16
1779873600,96.38,96.38,96.38,96.38,3
1779877980,96.38,96.38,96.38,96.38,1
1779879900,96.375,96.375,96.375,96.375,29
1779880020,96.38,96.38,96.38,96.38,8
1779882060,96.38,96.38,96.38,96.38,1
1779882120,96.38,96.38,96.38,96.38,1
1779882600,96.375,96.38,96.375,96.38,3
1779883620,96.375,96.375,96.375,96.375,8
1779884280,96.38,96.38,96.38,96.38,39
1779884400,96.38,96.38,96.38,96.38,7
1779884520,96.38,96.38,96.375,96.38,3244
1779884580,96.38,96.38,96.38,96.38,1880
1779884760,96.38,96.38,96.375,96.375,605
1779885000,96.38,96.38,96.375,96.375,223
1779885060,96.38,96.38,96.38,96.38,10
1779885240,96.38,96.38,96.375,96.375,627
1779885420,96.38,96.38,96.38,96.38,2
1779885600,96.38,96.38,96.38,96.38,72
1779886440,96.38,96.38,96.38,96.38,39
1779886740,96.38,96.38,96.375,96.38,21
1779887160,96.375,96.375,96.375,96.375,72
1779887220,96.375,96.375,96.375,96.375,98
1779887520,96.375,96.375,96.375,96.375,6
1779887820,96.375,96.375,96.375,96.375,5
1779888960,96.375,96.375,96.375,96.375,10
1779889020,96.375,96.375,96.375,96.375,2
1779889200,96.375,96.375,96.375,96.375,1
1779889380,96.375,96.375,96.375,96.375,10
1779889620,96.38,96.38,96.38,96.38,403
1779890340,96.375,96.375,96.375,96.375,20
1779891300,96.375,96.375,96.375,96.375,50
1779891480,96.375,96.375,96.375,96.375,1
1779891540,96.38,96.38,96.38,96.38,200
1779892500,96.375,96.375,96.375,96.375,1
1779893760,96.375,96.375,96.375,96.375,4
1779894300,96.375,96.375,96.375,96.375,13
1779894360,96.38,96.38,96.38,96.38,1
1779894420,96.38,96.38,96.38,96.38,22
1779894660,96.38,96.38,96.38,96.38,3
1779894720,96.375,96.375,96.375,96.375,401
1779894900,96.375,96.375,96.375,96.375,10
1779895020,96.375,96.375,96.375,96.375,2
1779895140,96.375,96.375,96.375,96.375,1
1779895200,96.375,96.375,96.375,96.375,1
1779895260,96.375,96.375,96.375,96.375,1
1779895560,96.375,96.375,96.375,96.375,21
1779895620,96.375,96.375,96.375,96.375,2
1779896400,96.375,96.375,96.375,96.375,3
1779896760,96.375,96.375,96.375,96.375,1
1779896820,96.375,96.375,96.375,96.375,4
1779897060,96.375,96.375,96.375,96.375,101
1779897120,96.375,96.375,96.375,96.375,5
1779898560,96.375,96.375,96.375,96.375,1
1779899760,96.375,96.375,96.375,96.375,1
1779900480,96.375,96.375,96.375,96.375,40
1779901020,96.375,96.375,96.375,96.375,2
1779901500,96.375,96.375,96.375,96.375,1
1779901920,96.375,96.375,96.375,96.375,152
1779903120,96.38,96.38,96.38,96.38,2
1779903720,96.375,96.375,96.375,96.375,10
1779903780,96.375,96.375,96.375,96.375,17
1779904740,96.375,96.375,96.375,96.375,2
1779904800,96.375,96.375,96.375,96.375,6
1779907500,96.38,96.38,96.38,96.38,3
1779907560,96.38,96.38,96.38,96.38,2
1779907620,96.38,96.38,96.38,96.38,3
1779907680,96.38,96.38,96.38,96.38,3
1779907740,96.38,96.38,96.375,96.375,5
1779907800,96.38,96.38,96.38,96.38,4
1779907860,96.38,96.38,96.38,96.38,3
1779907920,96.38,96.38,96.38,96.38,3
1779907980,96.38,96.38,96.38,96.38,3
1779908040,96.38,96.38,96.375,96.38,13
1779908100,96.38,96.38,96.38,96.38,13
1779908160,96.38,96.38,96.38,96.38,24
1779908220,96.38,96.38,96.38,96.38,25
1779908280,96.38,96.38,96.38,96.38,24
1779908340,96.38,96.38,96.38,96.38,26
1779908580,96.38,96.38,96.38,96.38,1
1779908640,96.375,96.38,96.375,96.38,2
1779909480,96.375,96.375,96.375,96.375,3
1779910200,96.375,96.375,96.375,96.375,50
1779910320,96.375,96.375,96.375,96.375,1
1779911460,96.375,96.375,96.375,96.375,3
1779911760,96.375,96.375,96.375,96.375,29
1779911820,96.375,96.375,96.375,96.375,4
1779911880,96.375,96.375,96.375,96.375,5
1779912000,96.375,96.375,96.375,96.375,2
1779912120,96.375,96.375,96.375,96.375,1
1779912360,96.375,96.375,96.375,96.375,35
1779912480,96.375,96.375,96.375,96.375,17
1779912540,96.38,96.38,96.38,96.38,151
1779912600,96.38,96.38,96.38,96.38,1
1779912660,96.375,96.375,96.375,96.375,40
1779913560,96.375,96.375,96.375,96.375,8
1779913920,96.375,96.375,96.375,96.375,593
1779914100,96.375,96.375,96.375,96.375,8
1779914220,96.375,96.375,96.375,96.375,27
1779914520,96.375,96.375,96.375,96.375,2
1779914580,96.375,96.375,96.375,96.375,132
1779914760,96.375,96.375,96.375,96.375,17
1779915180,96.375,96.375,96.375,96.375,39
1779915240,96.375,96.375,96.375,96.375,4
1779915300,96.375,96.375,96.375,96.375,2
1779915360,96.375,96.375,96.375,96.375,9
1779915480,96.375,96.38,96.375,96.38,56
1779915540,96.38,96.38,96.375,96.38,71
1779919200,96.375,96.375,96.375,96.375,254
1779929760,96.38,96.38,96.38,96.38,2
1779930060,96.38,96.38,96.375,96.375,13
1779931740,96.375,96.375,96.375,96.375,390
1779932280,96.375,96.375,96.375,96.375,92
1779934320,96.375,96.375,96.375,96.375,1
1779949740,96.375,96.375,96.375,96.375,9
1779951540,96.375,96.375,96.375,96.375,9
1779956040,96.375,96.375,96.375,96.375,7
1779956100,96.375,96.375,96.375,96.375,35
1779956160,96.375,96.375,96.375,96.375,20
1779956220,96.375,96.375,96.375,96.375,6
1779956280,96.375,96.375,96.375,96.375,12
1779956340,96.375,96.375,96.375,96.375,4
1779956400,96.375,96.375,96.375,96.375,20
1779956460,96.375,96.375,96.375,96.375,11
1779956520,96.375,96.375,96.375,96.375,28
1779956580,96.375,96.375,96.375,96.375,8
1779956700,96.375,96.375,96.375,96.375,51
1779956820,96.375,96.375,96.375,96.375,24
1779956880,96.375,96.375,96.375,96.375,12
1779958680,96.375,96.375,96.375,96.375,1
1779964800,96.375,96.375,96.375,96.375,200
1779965040,96.375,96.375,96.375,96.375,8
1779965400,96.375,96.375,96.375,96.375,100
1779966420,96.375,96.375,96.375,96.375,2476
1779966960,96.38,96.38,96.38,96.38,1
1779967440,96.375,96.375,96.375,96.375,8
1779968100,96.38,96.38,96.375,96.375,208
1779968280,96.375,96.375,96.375,96.375,90
1779968940,96.375,96.375,96.375,96.375,18
1779969300,96.38,96.38,96.38,96.38,50
1779969960,96.38,96.38,96.38,96.38,1
1779970560,96.375,96.375,96.375,96.375,10
1779971160,96.375,96.375,96.375,96.375,5
1779971280,96.375,96.375,96.375,96.375,50
1779973140,96.375,96.375,96.375,96.375,619
1779973260,96.375,96.375,96.375,96.375,79
1779973680,96.375,96.375,96.375,96.375,200
1779973860,96.375,96.375,96.375,96.375,100
1779975300,96.375,96.375,96.375,96.375,10
1779975360,96.375,96.375,96.375,96.375,10
1779976680,96.375,96.375,96.375,96.375,100
1779977340,96.375,96.375,96.375,96.375,11
1779977400,96.375,96.375,96.375,96.375,25
1779977580,96.38,96.38,96.375,96.38,15
1779977640,96.38,96.38,96.375,96.375,25
1779977760,96.375,96.375,96.375,96.375,4
1779977880,96.375,96.375,96.375,96.375,11
1779977940,96.375,96.375,96.375,96.375,6
1779978480,96.375,96.375,96.375,96.375,56
1779978600,96.375,96.375,96.375,96.375,40
1779979080,96.38,96.38,96.38,96.38,40
1779979200,96.375,96.375,96.375,96.375,11
1779979620,96.38,96.38,96.38,96.38,145
1779979680,96.38,96.38,96.38,96.38,2
1779979980,96.375,96.375,96.375,96.375,3
1779980280,96.375,96.375,96.375,96.375,20
1779980400,96.375,96.375,96.375,96.375,10
1779982080,96.375,96.375,96.375,96.375,25
1779982140,96.375,96.375,96.375,96.375,61
1779982440,96.375,96.375,96.375,96.375,9
1779983700,96.375,96.375,96.375,96.375,11542
1779984000,96.375,96.375,96.375,96.375,25
1779984780,96.375,96.375,96.375,96.375,81
1779985080,96.375,96.375,96.375,96.375,4
1779985440,96.375,96.375,96.375,96.375,28
1779986220,96.375,96.375,96.375,96.375,423
1779986520,96.375,96.375,96.375,96.375,7
1779987000,96.375,96.375,96.375,96.375,10
1779987540,96.375,96.375,96.375,96.375,15
1779988500,96.375,96.375,96.375,96.375,4967
1779988980,96.375,96.375,96.375,96.375,142
1779990360,96.375,96.375,96.375,96.375,1
1779990540,96.37,96.37,96.37,96.37,1
1779990840,96.375,96.375,96.375,96.375,30
1779991860,96.375,96.375,96.375,96.375,1
1779992880,96.375,96.375,96.375,96.375,2
1779993000,96.375,96.375,96.375,96.375,5
1779993060,96.375,96.375,96.375,96.375,7
1779993120,96.375,96.375,96.375,96.375,2
1779993780,96.375,96.375,96.375,96.375,2
1779994440,96.37,96.37,96.37,96.37,1
1779994620,96.375,96.375,96.375,96.375,2
1779994680,96.375,96.375,96.375,96.375,3
1779994740,96.37,96.375,96.37,96.37,45
1779995700,96.37,96.37,96.37,96.37,55
1779996240,96.375,96.375,96.375,96.375,2
1779996360,96.37,96.37,96.37,96.37,5
1779997500,96.375,96.375,96.375,96.375,32
1779998040,96.375,96.375,96.375,96.375,8
1779999540,96.375,96.375,96.375,96.375,3
1780000500,96.375,96.375,96.375,96.375,1
1780000980,96.375,96.375,96.375,96.375,4
1780001040,96.375,96.375,96.375,96.375,488
1780001160,96.375,96.375,96.375,96.375,5
1780001220,96.375,96.375,96.375,96.375,1
1780001340,96.375,96.375,96.375,96.375,2
1780001700,96.375,96.375,96.375,96.375,1
1780001760,96.375,96.375,96.375,96.375,2
1780001880,96.375,96.375,96.375,96.375,45
1780001940,96.375,96.375,96.375,96.375,148
1780005600,96.375,96.375,96.375,96.375,45
1780005660,96.375,96.375,96.375,96.375,4
1780005840,96.375,96.375,96.375,96.375,9
1780005900,96.375,96.375,96.375,96.375,150
1780005960,96.375,96.375,96.375,96.375,750
1780006020,96.375,96.375,96.375,96.375,350
1780007520,96.375,96.375,96.375,96.375,21
1780013760,96.375,96.375,96.375,96.375,17
1780014660,96.375,96.375,96.375,96.375,29
1780015800,96.375,96.375,96.375,96.375,16
1780016100,96.375,96.375,96.375,96.375,4
1780017240,96.375,96.375,96.375,96.375,1
1780017300,96.375,96.375,96.375,96.375,28
1780017360,96.375,96.375,96.375,96.375,4
1780022400,96.375,96.375,96.375,96.375,1
1780024500,96.375,96.375,96.375,96.375,100
1780040100,96.375,96.375,96.375,96.375,1
1780040220,96.375,96.375,96.375,96.375,12
1780043160,96.375,96.375,96.375,96.375,784
1780043700,96.375,96.375,96.375,96.375,8
1780044780,96.375,96.375,96.375,96.375,10
1780046220,96.375,96.375,96.375,96.375,283
1780046280,96.375,96.375,96.375,96.375,17
1780046940,96.375,96.375,96.375,96.375,1827
1780047180,96.375,96.375,96.375,96.375,11
1780047840,96.375,96.375,96.375,96.375,1
1780048320,96.375,96.375,96.375,96.375,80
1780048380,96.375,96.375,96.375,96.375,20
1780049040,96.375,96.375,96.375,96.375,260
1780050900,96.375,96.375,96.375,96.375,585
1780051080,96.375,96.375,96.375,96.375,13
1780051140,96.375,96.375,96.375,96.375,4
1780051200,96.375,96.375,96.375,96.375,2
1780051500,96.375,96.375,96.375,96.375,495
1780051680,96.375,96.375,96.375,96.375,11
1780052760,96.375,96.375,96.375,96.375,33
1780052940,96.375,96.375,96.375,96.375,17
1780053540,96.37,96.37,96.37,96.37,1
1780053660,96.375,96.375,96.375,96.375,797
1780053840,96.375,96.375,96.375,96.375,185
1780053960,96.375,96.375,96.375,96.375,221
1780054380,96.375,96.375,96.375,96.375,305
1780054680,96.375,96.375,96.375,96.375,55
1780054920,96.375,96.375,96.375,96.375,2080
1780054980,96.375,96.375,96.375,96.375,468
1780055100,96.375,96.375,96.375,96.375,20
1780055160,96.375,96.375,96.375,96.375,380
1780055220,96.375,96.375,96.375,96.375,5
1780055760,96.375,96.375,96.375,96.375,1326
1780056840,96.375,96.375,96.375,96.375,235
1780057140,96.375,96.375,96.375,96.375,2
1780057200,96.375,96.375,96.375,96.375,11
1780057440,96.375,96.375,96.375,96.375,3105
1780057740,96.375,96.375,96.375,96.375,2088
1780058040,96.375,96.375,96.375,96.375,35
1780058160,96.37,96.375,96.37,96.375,1101
1780058220,96.375,96.375,96.375,96.375,530
1780058580,96.375,96.375,96.375,96.375,27
1780058760,96.375,96.375,96.375,96.375,68
1780058880,96.375,96.375,96.375,96.375,34
1780059120,96.375,96.375,96.375,96.375,62
1780059180,96.375,96.375,96.375,96.375,3
1780059780,96.38,96.38,96.38,96.38,35
1780060560,96.38,96.38,96.38,96.38,4
1780061580,96.375,96.375,96.375,96.375,20
1780061700,96.375,96.38,96.375,96.375,96
1780061820,96.375,96.375,96.375,96.375,82
1780061940,96.375,96.38,96.375,96.38,88
1780062000,96.375,96.375,96.375,96.375,40
1780062180,96.375,96.375,96.375,96.375,50
1780063440,96.38,96.38,96.38,96.38,20
1780065480,96.38,96.38,96.38,96.38,63
1780066260,96.375,96.375,96.375,96.375,8
1780066740,96.375,96.375,96.375,96.375,1
1780067880,96.38,96.38,96.38,96.38,20
1780068000,96.375,96.375,96.375,96.375,125
1780069020,96.375,96.375,96.375,96.375,43
1780070100,96.375,96.375,96.375,96.375,750
1780070280,96.375,96.375,96.375,96.375,1000
1780070520,96.375,96.375,96.375,96.375,250
1780070580,96.375,96.375,96.375,96.375,9
1780071780,96.38,96.38,96.38,96.38,1
1780072080,96.375,96.375,96.375,96.375,200
1780072680,96.375,96.375,96.375,96.375,500
1780073100,96.375,96.375,96.375,96.375,500
1780074480,96.375,96.375,96.375,96.375,20
1780075320,96.375,96.375,96.375,96.375,1
1780075380,96.375,96.375,96.375,96.375,10
1780076700,96.375,96.375,96.375,96.375,427
1780076760,96.375,96.375,96.375,96.375,1943
1780077720,96.38,96.38,96.38,96.38,9
1780078440,96.375,96.375,96.375,96.375,303
1780078500,96.375,96.375,96.375,96.375,369
1780078560,96.375,96.375,96.375,96.375,169
1780078620,96.375,96.375,96.375,96.375,306
1780078680,96.375,96.38,96.375,96.38,339
1780078740,96.375,96.375,96.375,96.375,789
1780078800,96.375,96.38,96.375,96.38,303
1780078860,96.375,96.375,96.375,96.375,224
1780078920,96.375,96.38,96.375,96.38,344
1780079040,96.375,96.375,96.375,96.375,165
1780079100,96.375,96.38,96.375,96.38,1798
1780079220,96.375,96.375,96.375,96.375,412
1780079340,96.375,96.38,96.375,96.38,950
1780079400,96.375,96.375,96.375,96.375,209
1780079460,96.375,96.375,96.375,96.375,153
1780079520,96.375,96.38,96.375,96.375,100
1780079580,96.375,96.375,96.375,96.375,53
1780079640,96.375,96.38,96.375,96.38,64
1780079700,96.375,96.375,96.375,96.375,424
1780079760,96.375,96.375,96.375,96.375,116
1780079820,96.38,96.38,96.375,96.375,226
1780080000,96.375,96.375,96.375,96.375,4
1780080300,96.375,96.375,96.375,96.375,1301
1780080360,96.375,96.375,96.375,96.375,1
1780080480,96.375,96.375,96.375,96.375,1
1780080660,96.38,96.38,96.38,96.38,2
1780081080,96.375,96.375,96.375,96.375,16
1780081140,96.38,96.38,96.375,96.375,766
1780081200,96.375,96.375,96.375,96.375,117
1780081260,96.375,96.375,96.375,96.375,1
1780081320,96.375,96.375,96.375,96.375,11
1780081380,96.38,96.38,96.38,96.38,1
1780081500,96.38,96.38,96.38,96.38,1
1780081680,96.375,96.375,96.375,96.375,3
1780082160,96.375,96.375,96.375,96.375,12
1780082700,96.375,96.375,96.375,96.375,2
1780083000,96.375,96.375,96.375,96.375,2
1780083360,96.375,96.375,96.375,96.375,99
1780083780,96.375,96.375,96.375,96.375,3
1780084080,96.375,96.375,96.375,96.375,6
1780084620,96.38,96.38,96.38,96.38,4
1780084740,96.375,96.375,96.375,96.375,1
1780084860,96.38,96.38,96.38,96.38,1
1780085160,96.375,96.375,96.375,96.375,34
1780086240,96.38,96.38,96.38,96.38,2
1780087080,96.38,96.38,96.38,96.38,13
1780087260,96.38,96.38,96.38,96.38,6
1780087620,96.375,96.375,96.375,96.375,16
1780088040,96.38,96.38,96.38,96.38,1
1780088100,96.38,96.38,96.38,96.38,1
1780088160,96.38,96.38,96.38,96.38,3
1780088340,96.38,96.38,96.38,96.38,1
1780264800,96.37,96.37,96.37,96.37,315
1780275240,96.365,96.365,96.365,96.365,7
1780275300,96.365,96.365,96.365,96.365,9
1780278180,96.365,96.365,96.365,96.365,30
1780286880,96.365,96.365,96.365,96.365,3
1780299000,96.365,96.365,96.365,96.365,5
1780299060,96.365,96.365,96.365,96.365,5
1780299120,96.365,96.365,96.365,96.365,4
1780299180,96.365,96.365,96.365,96.365,6
1780299240,96.365,96.365,96.365,96.365,6
1780299300,96.365,96.365,96.365,96.365,5
1780299360,96.365,96.365,96.365,96.365,5
1780299420,96.365,96.365,96.365,96.365,6
1780299480,96.365,96.365,96.365,96.365,5
1780299540,96.365,96.365,96.365,96.365,6
1780299600,96.365,96.365,96.365,96.365,5
1780299660,96.365,96.365,96.365,96.365,6
1780299720,96.365,96.365,96.365,96.365,6
1780299780,96.365,96.365,96.365,96.365,6
1780299840,96.365,96.365,96.365,96.365,7
1780299900,96.365,96.365,96.365,96.365,7
1780299960,96.365,96.365,96.365,96.365,6
1780300020,96.365,96.365,96.365,96.365,4
1780300080,96.365,96.365,96.365,96.365,5
1780300140,96.365,96.365,96.365,96.365,6
1780300200,96.365,96.365,96.365,96.365,5
1780300260,96.365,96.365,96.365,96.365,6
1780300320,96.365,96.365,96.365,96.365,4
1780300380,96.365,96.365,96.365,96.365,4
1780300440,96.365,96.365,96.365,96.365,4
1780300500,96.365,96.365,96.365,96.365,4
1780300560,96.365,96.365,96.365,96.365,4
1780300620,96.365,96.365,96.365,96.365,6
1780300680,96.365,96.365,96.365,96.365,5
1780300740,96.365,96.365,96.365,96.365,4
1780300800,96.365,96.365,96.365,96.365,5
1780300860,96.365,96.365,96.365,96.365,7
1780300920,96.365,96.365,96.365,96.365,6
1780300980,96.365,96.365,96.365,96.365,5
1780301040,96.365,96.365,96.365,96.365,6
1780301100,96.365,96.365,96.365,96.365,4
1780301160,96.365,96.365,96.365,96.365,6
1780301220,96.365,96.365,96.365,96.365,5
1780301280,96.365,96.365,96.365,96.365,5
1780301340,96.365,96.365,96.365,96.365,5
1780301400,96.365,96.365,96.365,96.365,4
1780301460,96.365,96.365,96.365,96.365,6
1780301520,96.365,96.365,96.365,96.365,5
1780301580,96.365,96.365,96.365,96.365,5
1780301640,96.365,96.365,96.365,96.365,5
1780301700,96.365,96.365,96.365,96.365,4
1780301760,96.365,96.365,96.365,96.365,4
1780301820,96.365,96.365,96.365,96.365,5
1780301880,96.365,96.365,96.365,96.365,5
1780301940,96.365,96.365,96.365,96.365,7
1780302000,96.365,96.365,96.365,96.365,4
1780302060,96.365,96.365,96.365,96.365,5
1780302120,96.365,96.365,96.365,96.365,6
1780302180,96.365,96.365,96.365,96.365,6
1780302240,96.365,96.365,96.365,96.365,6
1780302300,96.365,96.365,96.365,96.365,6
1780302360,96.365,96.365,96.365,96.365,7
1780302420,96.365,96.365,96.365,96.365,5
1780302480,96.365,96.365,96.365,96.365,6
1780302540,96.365,96.365,96.365,96.365,6
1780302600,96.365,96.365,96.365,96.365,4
1780302660,96.365,96.365,96.365,96.365,5
1780302720,96.37,96.37,96.365,96.365,8
1780302780,96.365,96.365,96.365,96.365,6
1780302840,96.365,96.365,96.365,96.365,6
1780302900,96.365,96.365,96.365,96.365,5
1780302960,96.365,96.365,96.365,96.365,6
1780303020,96.365,96.365,96.365,96.365,5
1780303080,96.365,96.365,96.365,96.365,6
1780303140,96.365,96.365,96.365,96.365,6
1780303200,96.365,96.365,96.365,96.365,6
1780303260,96.365,96.365,96.365,96.365,5
1780303320,96.365,96.365,96.365,96.365,5
1780303380,96.365,96.365,96.365,96.365,6
1780303440,96.365,96.365,96.365,96.365,5
1780303500,96.365,96.365,96.365,96.365,6
1780303560,96.365,96.365,96.365,96.365,5
1780303620,96.365,96.365,96.365,96.365,4
1780303680,96.365,96.365,96.365,96.365,6
1780303740,96.365,96.365,96.365,96.365,5
1780303800,96.365,96.365,96.365,96.365,7
1780303860,96.365,96.365,96.365,96.365,6
1780303920,96.365,96.365,96.365,96.365,6
1780303980,96.365,96.365,96.365,96.365,4
1780304040,96.365,96.365,96.365,96.365,5
1780304100,96.365,96.365,96.365,96.365,5
1780304160,96.365,96.365,96.365,96.365,6
1780304220,96.365,96.365,96.365,96.365,5
1780304280,96.365,96.365,96.365,96.365,5
1780304340,96.365,96.365,96.365,96.365,4
1780304400,96.365,96.365,96.365,96.365,6
1780304460,96.365,96.365,96.365,96.365,13
1780304520,96.365,96.365,96.365,96.365,6
1780304580,96.365,96.365,96.365,96.365,6
1780304640,96.365,96.365,96.365,96.365,6
1780304700,96.365,96.365,96.365,96.365,6
1780304760,96.365,96.365,96.365,96.365,4
1780304820,96.365,96.365,96.365,96.365,6
1780304880,96.365,96.365,96.365,96.365,6
1780304940,96.365,96.365,96.365,96.365,5
1780305000,96.365,96.365,96.365,96.365,5
1780305060,96.365,96.365,96.365,96.365,6
1780305120,96.365,96.365,96.365,96.365,5
1780305180,96.365,96.365,96.365,96.365,4
1780305240,96.365,96.365,96.365,96.365,5
1780305300,96.365,96.365,96.365,96.365,6
1780305360,96.365,96.365,96.365,96.365,5
1780305420,96.365,96.365,96.365,96.365,4
1780305480,96.365,96.365,96.365,96.365,5
1780305540,96.365,96.365,96.365,96.365,6
1780305600,96.365,96.365,96.365,96.365,4
1780305660,96.365,96.365,96.365,96.365,7
1780305720,96.365,96.365,96.365,96.365,7
1780305780,96.365,96.365,96.365,96.365,6
1780305840,96.365,96.365,96.365,96.365,6
1780305900,96.365,96.365,96.365,96.365,4
1780305960,96.365,96.365,96.365,96.365,5
1780306020,96.365,96.365,96.365,96.365,5
1780306080,96.365,96.365,96.365,96.365,4
1780312320,96.365,96.365,96.365,96.365,1
1780313340,96.37,96.37,96.37,96.37,2001
1780315800,96.37,96.37,96.37,96.37,2
1780315920,96.365,96.365,96.365,96.365,66
1780316280,96.37,96.37,96.37,96.37,7
1780316580,96.365,96.365,96.365,96.365,63
1780316880,96.37,96.37,96.37,96.37,6
1780316940,96.37,96.37,96.37,96.37,50
1780317120,96.37,96.37,96.37,96.37,3
1780317540,96.365,96.365,96.365,96.365,20
1780317840,96.37,96.37,96.37,96.37,2
1780317900,96.37,96.37,96.37,96.37,504
1780318080,96.37,96.37,96.37,96.37,100
1780318140,96.37,96.37,96.37,96.37,305
1780318380,96.365,96.365,96.365,96.365,40
1780318440,96.37,96.37,96.37,96.37,250
1780318500,96.37,96.37,96.37,96.37,29
1780318680,96.37,96.37,96.37,96.37,2283
1780318740,96.37,96.37,96.37,96.37,60
1780318800,96.37,96.37,96.37,96.37,242
1780319040,96.37,96.37,96.37,96.37,141
1780319160,96.37,96.37,96.37,96.37,8
1780319340,96.37,96.37,96.37,96.37,301
1780319400,96.37,96.37,96.37,96.37,11
1780319460,96.37,96.37,96.365,96.365,213
1780319520,96.37,96.37,96.37,96.37,9
1780319580,96.37,96.37,96.37,96.37,26
1780319700,96.37,96.37,96.37,96.37,3
1780319880,96.37,96.37,96.37,96.37,50
1780319940,96.37,96.37,96.37,96.37,51
1780321140,96.37,96.37,96.37,96.37,117
1780321440,96.37,96.37,96.37,96.37,1
1780321620,96.37,96.37,96.37,96.37,10
1780321860,96.365,96.365,96.365,96.365,1
1780322400,96.37,96.37,96.37,96.37,113
1780322640,96.37,96.37,96.37,96.37,1
1780322940,96.37,96.37,96.37,96.37,1
1780323000,96.37,96.37,96.37,96.37,2
1780323120,96.37,96.37,96.37,96.37,4
1780323300,96.37,96.37,96.37,96.37,12
1780323540,96.37,96.37,96.37,96.37,5
1780323720,96.37,96.37,96.37,96.37,10
1780324020,96.37,96.37,96.37,96.37,2
1780324320,96.37,96.37,96.37,96.37,2
1780324980,96.37,96.37,96.37,96.37,5
1780325280,96.37,96.37,96.37,96.37,1
1780325880,96.365,96.365,96.365,96.365,10
1780325940,96.365,96.365,96.365,96.365,10
1780326960,96.37,96.37,96.37,96.37,55
1780327140,96.37,96.37,96.37,96.37,14
1780327200,96.37,96.37,96.37,96.37,708
1780327260,96.37,96.37,96.37,96.37,3
1780327380,96.365,96.365,96.365,96.365,11
1780327800,96.37,96.37,96.365,96.37,162
1780327860,96.37,96.37,96.365,96.37,43
1780327980,96.37,96.37,96.37,96.37,1
1780328040,96.365,96.37,96.365,96.37,142
1780328100,96.37,96.37,96.37,96.37,9
1780328160,96.37,96.37,96.37,96.37,2
1780329600,96.365,96.365,96.365,96.365,1
1780329900,96.37,96.37,96.37,96.37,25
1780330380,96.37,96.37,96.37,96.37,696
1780330440,96.37,96.37,96.37,96.37,6
1780330500,96.37,96.37,96.37,96.37,4
1780331580,96.365,96.37,96.365,96.37,51
1780331820,96.37,96.37,96.37,96.37,327
1780331880,96.37,96.37,96.37,96.37,2
1780332240,96.37,96.37,96.37,96.37,26
1780332300,96.37,96.37,96.37,96.37,1
1780332360,96.37,96.37,96.37,96.37,14
1780332720,96.37,96.37,96.37,96.37,474
1780332780,96.37,96.37,96.37,96.37,5
1780332900,96.37,96.37,96.37,96.37,1
1780333020,96.37,96.37,96.37,96.37,12
1780333080,96.37,96.37,96.37,96.37,2
1780333380,96.37,96.37,96.37,96.37,6
1780333680,96.37,96.37,96.37,96.37,1
1780333800,96.37,96.37,96.37,96.37,42
1780334040,96.37,96.37,96.37,96.37,8
1780334940,96.37,96.37,96.37,96.37,77
1780335000,96.37,96.37,96.37,96.37,3112
1780335060,96.37,96.37,96.37,96.37,160
1780335120,96.37,96.37,96.37,96.37,7
1780335180,96.37,96.37,96.37,96.37,3
1780335780,96.37,96.37,96.37,96.37,62
1780336380,96.37,96.37,96.37,96.37,1
1780336920,96.37,96.37,96.37,96.37,2
1780337400,96.37,96.37,96.37,96.37,7
1780337760,96.37,96.37,96.37,96.37,1
1780338900,96.37,96.37,96.37,96.37,201
1780339620,96.37,96.37,96.37,96.37,34
1780339680,96.37,96.37,96.37,96.37,2
1780339740,96.37,96.37,96.37,96.37,3
1780339980,96.37,96.37,96.37,96.37,4
1780340340,96.365,96.365,96.365,96.365,2
1780340520,96.37,96.37,96.37,96.37,76
1780340940,96.37,96.37,96.37,96.37,2107
1780341000,96.37,96.37,96.37,96.37,3077
1780341180,96.37,96.37,96.37,96.37,534
1780341240,96.37,96.37,96.37,96.37,159
1780341300,96.37,96.37,96.37,96.37,3
1780341420,96.37,96.37,96.37,96.37,1
1780341660,96.37,96.37,96.37,96.37,81
1780341720,96.37,96.37,96.37,96.37,75
1780341840,96.37,96.37,96.37,96.37,937
1780341960,96.37,96.37,96.37,96.37,3464
1780342020,96.37,96.37,96.37,96.37,440
1780343460,96.37,96.37,96.37,96.37,2
1780343520,96.37,96.37,96.37,96.37,2
1780343940,96.37,96.37,96.37,96.37,173
1780344000,96.37,96.37,96.37,96.37,15
1780347120,96.37,96.37,96.37,96.37,52
1780347480,96.37,96.37,96.37,96.37,7
1780347540,96.37,96.37,96.37,96.37,20
1780354740,96.37,96.37,96.37,96.37,406
1780368000,96.37,96.37,96.37,96.37,1
1780368060,96.37,96.37,96.37,96.37,2
1780368300,96.37,96.37,96.37,96.37,6
1780368420,96.37,96.37,96.37,96.37,3
1780369380,96.37,96.37,96.37,96.37,3
1780369440,96.37,96.37,96.37,96.37,2
1780370400,96.37,96.37,96.37,96.37,1
1780374840,96.37,96.37,96.37,96.37,400
1780378020,96.37,96.37,96.37,96.37,100
1780379820,96.37,96.37,96.37,96.37,50
1780383900,96.37,96.37,96.37,96.37,100
1780384560,96.37,96.37,96.37,96.37,1
1780385040,96.37,96.37,96.37,96.37,7
1780386180,96.37,96.37,96.37,96.37,50
1780386900,96.37,96.37,96.37,96.37,57
1780387560,96.37,96.37,96.37,96.37,3
1780390920,96.37,96.37,96.37,96.37,10
1780397100,96.37,96.37,96.37,96.37,3
1780398420,96.375,96.375,96.375,96.375,18
1780398480,96.375,96.375,96.375,96.375,2
1780398600,96.375,96.375,96.375,96.375,10
1780399920,96.37,96.37,96.37,96.37,43
1780400880,96.375,96.375,96.375,96.375,26
1780401900,96.37,96.37,96.37,96.37,5
1780402140,96.375,96.375,96.375,96.375,120
1780402920,96.375,96.375,96.375,96.375,240
1780402980,96.37,96.37,96.37,96.37,97
1780403580,96.375,96.375,96.375,96.375,1
1780403760,96.375,96.375,96.375,96.375,30
1780403820,96.375,96.375,96.375,96.375,120
1780403880,96.375,96.375,96.375,96.375,75
1780404000,96.375,96.375,96.375,96.375,17
1780404240,96.37,96.37,96.37,96.37,10
1780404360,96.37,96.37,96.37,96.37,5
1780405200,96.375,96.375,96.375,96.375,14
1780405860,96.375,96.375,96.375,96.375,5
1780407780,96.375,96.375,96.375,96.375,100
1780408260,96.37,96.37,96.37,96.37,537
1780408620,96.37,96.37,96.37,96.37,48
1780408740,96.37,96.37,96.37,96.37,200
1780408800,96.37,96.37,96.37,96.37,548
1780408860,96.37,96.37,96.37,96.37,443
1780408920,96.37,96.37,96.37,96.37,26
1780408980,96.37,96.37,96.37,96.37,10
1780409460,96.37,96.37,96.37,96.37,110
1780409820,96.37,96.37,96.37,96.37,1
1780410600,96.37,96.37,96.37,96.37,10
1780411860,96.37,96.375,96.37,96.375,26
1780411980,96.375,96.375,96.375,96.375,8
1780414080,96.37,96.37,96.37,96.37,10
1780414860,96.37,96.37,96.37,96.37,10
1780415280,96.375,96.375,96.375,96.375,7
1780415700,96.37,96.37,96.37,96.37,125
1780416060,96.375,96.375,96.375,96.375,3
1780416120,96.37,96.37,96.37,96.37,25
1780417380,96.37,96.37,96.37,96.37,600
1780418700,96.37,96.37,96.37,96.37,21
1780421700,96.37,96.37,96.37,96.37,1
1780422420,96.37,96.37,96.37,96.37,5
1780426500,96.37,96.37,96.37,96.37,10
1780427520,96.37,96.37,96.37,96.37,1
1780428420,96.37,96.37,96.37,96.37,10
1780429380,96.375,96.375,96.375,96.375,38
1780429740,96.37,96.37,96.37,96.37,4
1780430400,96.37,96.375,96.37,96.375,28
1780430700,96.37,96.375,96.37,96.375,31
1780431300,96.37,96.37,96.37,96.37,1
1780432560,96.375,96.375,96.375,96.375,8
1780433940,96.375,96.375,96.375,96.375,2
1780437600,96.375,96.375,96.375,96.375,143
1780447980,96.37,96.37,96.37,96.37,2
1780448040,96.37,96.37,96.37,96.37,4
1780448100,96.37,96.37,96.37,96.37,4
1780448580,96.37,96.37,96.37,96.37,6
1780448640,96.37,96.37,96.37,96.37,16
1780448760,96.37,96.37,96.37,96.37,8
1780448880,96.37,96.37,96.37,96.37,5
1780449600,96.37,96.37,96.37,96.37,6
1780449660,96.37,96.37,96.37,96.37,4
1780449960,96.37,96.37,96.37,96.37,8
1780450140,96.37,96.37,96.37,96.37,9
1780450260,96.37,96.37,96.37,96.37,4
1780450500,96.37,96.37,96.37,96.37,5
1780450560,96.37,96.37,96.37,96.37,5
1780450800,96.37,96.37,96.37,96.37,4
1780450920,96.37,96.37,96.37,96.37,5
1780451100,96.37,96.37,96.37,96.37,4
1780451460,96.37,96.37,96.37,96.37,4
1780451580,96.37,96.37,96.37,96.37,4
1780451760,96.37,96.37,96.37,96.37,5
1780451880,96.37,96.37,96.37,96.37,9
1780451940,96.37,96.37,96.37,96.37,6
1780452060,96.37,96.37,96.37,96.37,5
1780452360,96.37,96.37,96.37,96.37,4
1780452600,96.37,96.37,96.37,96.37,4
1780453080,96.37,96.37,96.37,96.37,10
1780453140,96.37,96.37,96.37,96.37,5
1780453320,96.37,96.37,96.37,96.37,4
1780453440,96.37,96.37,96.37,96.37,4
1780453560,96.37,96.37,96.37,96.37,4
1780453800,96.37,96.37,96.37,96.37,4
1780454280,96.37,96.37,96.37,96.37,4
1780454340,96.37,96.37,96.37,96.37,9
1780454520,96.37,96.37,96.37,96.37,4
1780454700,96.37,96.37,96.37,96.37,8
1780454880,96.37,96.37,96.37,96.37,5
1780454940,96.37,96.37,96.37,96.37,17
1780455180,96.37,96.37,96.37,96.37,4
1780455300,96.37,96.37,96.37,96.37,5
1780455600,96.37,96.37,96.37,96.37,4
1780455780,96.37,96.37,96.37,96.37,8
1780456020,96.37,96.37,96.37,96.37,6
1780456140,96.37,96.37,96.37,96.37,6
1780456380,96.37,96.37,96.37,96.37,4
1780456980,96.37,96.37,96.37,96.37,4
1780457520,96.37,96.37,96.37,96.37,5
1780457880,96.37,96.37,96.37,96.37,4
1780458000,96.37,96.37,96.37,96.37,7
1780458120,96.37,96.37,96.37,96.37,4
1780458660,96.37,96.37,96.37,96.37,11
1780458720,96.37,96.37,96.37,96.37,6
1780458780,96.37,96.37,96.37,96.37,6
1780459020,96.37,96.37,96.37,96.37,5
1780459140,96.37,96.37,96.37,96.37,4
1780459380,96.37,96.37,96.37,96.37,5
1780459500,96.37,96.37,96.37,96.37,6
1780459680,96.375,96.375,96.375,96.375,1
1780459800,96.37,96.37,96.37,96.37,11
1780460040,96.37,96.37,96.37,96.37,5
1780460280,96.37,96.37,96.37,96.37,5
1780460520,96.37,96.37,96.37,96.37,5
1780461000,96.37,96.37,96.37,96.37,5
1780461120,96.37,96.37,96.37,96.37,4
1780461420,96.37,96.37,96.37,96.37,6
1780461780,96.37,96.37,96.37,96.37,4
1780461900,96.37,96.37,96.37,96.37,4
1780462140,96.37,96.37,96.37,96.37,4
1780462440,96.37,96.37,96.37,96.37,8
1780462740,96.37,96.37,96.37,96.37,5
1780463100,96.37,96.37,96.37,96.37,8
1780463160,96.37,96.37,96.37,96.37,9
1780463220,96.37,96.37,96.37,96.37,11
1780463280,96.37,96.37,96.37,96.37,5
1780463460,96.37,96.37,96.37,96.37,5
1780463700,96.37,96.37,96.37,96.37,4
1780463880,96.37,96.37,96.37,96.37,5
1780463940,96.37,96.37,96.37,96.37,4
1780464000,96.37,96.37,96.37,96.37,4
1780464120,96.37,96.37,96.37,96.37,4
1780464360,96.37,96.37,96.37,96.37,4
1780464420,96.37,96.37,96.37,96.37,6
1780464480,96.37,96.37,96.37,96.37,4
1780464600,96.37,96.37,96.37,96.37,4
1780464720,96.37,96.37,96.37,96.37,4
1780464900,96.37,96.37,96.37,96.37,6
1780465020,96.37,96.37,96.37,96.37,5
1780465140,96.37,96.37,96.37,96.37,4
1780465200,96.37,96.37,96.37,96.37,5
1780465440,96.37,96.37,96.37,96.37,4
1780465680,96.37,96.37,96.37,96.37,4
1780465920,96.37,96.37,96.37,96.37,10
1780466040,96.37,96.37,96.37,96.37,2
1780466160,96.37,96.37,96.37,96.37,2
1780466220,96.37,96.37,96.37,96.37,4
1780466340,96.37,96.37,96.37,96.37,4
1780467780,96.37,96.37,96.37,96.37,101
1780469160,96.37,96.37,96.37,96.37,20
1780471260,96.37,96.37,96.37,96.37,20
1780474680,96.37,96.37,96.37,96.37,1
1780481520,96.37,96.37,96.37,96.37,19
1780481640,96.37,96.37,96.37,96.37,1
1780481700,96.37,96.375,96.37,96.375,114
1780484100,96.37,96.37,96.37,96.37,1
1780485420,96.375,96.375,96.375,96.375,38
1780485540,96.375,96.375,96.375,96.375,1
1780487760,96.375,96.375,96.375,96.375,5
1780488660,96.375,96.375,96.375,96.375,506
1780489440,96.375,96.375,96.375,96.375,3000
1780489740,96.375,96.375,96.375,96.375,2
1780490280,96.375,96.375,96.375,96.375,4
1780491480,96.375,96.375,96.375,96.375,6
1780492140,96.375,96.375,96.375,96.375,7
1780493520,96.375,96.375,96.375,96.375,26
1780493820,96.375,96.375,96.375,96.375,4
1780494480,96.375,96.375,96.375,96.375,43
1780494600,96.37,96.37,96.37,96.37,50
1780494660,96.37,96.37,96.37,96.37,11
1780495260,96.375,96.375,96.37,96.37,13
1780495380,96.375,96.375,96.37,96.375,10
1780495620,96.375,96.375,96.375,96.375,3
1780496100,96.375,96.375,96.375,96.375,7
1780497720,96.375,96.375,96.375,96.375,81
1780497780,96.375,96.375,96.375,96.375,14
1780498020,96.375,96.375,96.375,96.375,46
1780499220,96.37,96.37,96.37,96.37,10
1780499580,96.375,96.375,96.375,96.375,50
1780499820,96.375,96.375,96.375,96.375,72
1780500120,96.375,96.375,96.375,96.375,1
1780500420,96.37,96.37,96.37,96.37,10
1780500900,96.375,96.375,96.375,96.375,13
1780500960,96.375,96.375,96.375,96.375,9
1780501020,96.375,96.375,96.37,96.37,10
1780501320,96.375,96.375,96.375,96.375,4
1780501620,96.375,96.375,96.375,96.375,5
1780501920,96.375,96.375,96.375,96.375,3
1780501980,96.375,96.375,96.375,96.375,29
1780502100,96.375,96.375,96.375,96.375,4
1780502340,96.375,96.375,96.375,96.375,2
1780502460,96.375,96.375,96.375,96.375,1
1780502640,96.375,96.375,96.375,96.375,1
1780502760,96.375,96.375,96.375,96.375,1
1780502820,96.375,96.375,96.375,96.375,4
1780503060,96.375,96.375,96.375,96.375,22
1780503900,96.375,96.375,96.375,96.375,3
1780504080,96.375,96.375,96.375,96.375,48
1780504380,96.375,96.375,96.375,96.375,43
1780504440,96.375,96.375,96.375,96.375,1
1780504500,96.375,96.375,96.375,96.375,79
1780504800,96.375,96.375,96.375,96.375,1
1780504860,96.375,96.375,96.375,96.375,2
1780505040,96.375,96.375,96.375,96.375,14
1780505640,96.375,96.375,96.375,96.375,32
1780506060,96.37,96.37,96.37,96.37,10
1780506120,96.375,96.375,96.375,96.375,6
1780506540,96.375,96.375,96.375,96.375,23
1780506600,96.375,96.375,96.375,96.375,143
1780506660,96.375,96.375,96.375,96.375,7
1780506900,96.375,96.375,96.375,96.375,76
1780508580,96.37,96.37,96.37,96.37,20
1780510260,96.375,96.375,96.375,96.375,2
1780510980,96.375,96.375,96.375,96.375,8
1780511400,96.375,96.375,96.375,96.375,11
1780511460,96.375,96.375,96.375,96.375,19
1780511520,96.37,96.37,96.37,96.37,10
1780512120,96.37,96.37,96.37,96.37,15
1780512180,96.375,96.375,96.375,96.375,2
1780513200,96.375,96.375,96.375,96.375,3
1780513380,96.37,96.37,96.37,96.37,20
1780513620,96.37,96.37,96.37,96.37,45
1780514400,96.37,96.37,96.37,96.37,10
1780514460,96.37,96.37,96.37,96.37,50
1780514880,96.37,96.37,96.37,96.37,20
1780514940,96.375,96.375,96.375,96.375,6
1780515300,96.375,96.375,96.375,96.375,6
1780516140,96.375,96.375,96.375,96.375,9
1780516740,96.375,96.375,96.375,96.375,3
1780517640,96.375,96.375,96.375,96.375,51
1780518000,96.375,96.375,96.375,96.375,2
1780519020,96.375,96.375,96.375,96.375,799
1780519200,96.375,96.375,96.375,96.375,1
1780519980,96.375,96.375,96.375,96.375,4
1780520220,96.375,96.375,96.375,96.375,112
1780520280,96.375,96.375,96.375,96.375,66
1780520340,96.375,96.375,96.37,96.375,154
1780527300,96.375,96.375,96.375,96.375,47
1780527720,96.375,96.375,96.375,96.375,83
1780527780,96.375,96.375,96.375,96.375,2
1780529640,96.375,96.375,96.375,96.375,7
1780530180,96.375,96.375,96.375,96.375,8
1780533900,96.375,96.375,96.375,96.375,2
1780542060,96.375,96.375,96.375,96.375,158
1780544280,96.375,96.375,96.375,96.375,2
1780549800,96.375,96.375,96.375,96.375,59
1780550040,96.375,96.375,96.375,96.375,39
1780553220,96.375,96.375,96.375,96.375,3875
1780553700,96.38,96.38,96.38,96.38,40
1780554960,96.38,96.38,96.38,96.38,92
1780557960,96.375,96.38,96.375,96.38,103
1780558980,96.375,96.375,96.375,96.375,100
1780563420,96.38,96.38,96.38,96.38,4
1780570020,96.38,96.38,96.38,96.38,35
1780570800,96.38,96.38,96.38,96.38,6
1780571400,96.375,96.375,96.375,96.375,1
1780571820,96.38,96.38,96.38,96.38,1
1780572300,96.38,96.38,96.38,96.38,1
1780573020,96.38,96.38,96.38,96.38,12
1780573320,96.38,96.38,96.38,96.38,2
1780573500,96.38,96.38,96.38,96.38,3
1780574640,96.38,96.38,96.38,96.38,314
1780575780,96.38,96.38,96.38,96.38,4
1780576020,96.38,96.38,96.38,96.38,1
1780576140,96.38,96.38,96.38,96.38,75
1780576200,96.38,96.38,96.38,96.38,12
1780576320,96.38,96.38,96.38,96.38,1
1780576500,96.38,96.38,96.38,96.38,5
1780576740,96.38,96.38,96.38,96.38,23
1780578960,96.38,96.38,96.38,96.38,5
1780579140,96.38,96.38,96.38,96.38,12
1780579620,96.38,96.38,96.38,96.38,35
1780580820,96.375,96.375,96.375,96.375,10
1780580940,96.38,96.38,96.38,96.38,26
1780581480,96.38,96.38,96.38,96.38,5
1780581600,96.38,96.38,96.38,96.38,31
1780581720,96.38,96.38,96.38,96.38,1
1780581780,96.38,96.38,96.38,96.38,50
1780581840,96.38,96.38,96.38,96.38,7
1780582320,96.38,96.38,96.38,96.38,15
1780584300,96.38,96.38,96.38,96.38,20
1780584540,96.375,96.375,96.375,96.375,5
1780584660,96.38,96.38,96.38,96.38,201
1780585380,96.38,96.38,96.38,96.38,3
1780585740,96.38,96.38,96.38,96.38,9
1780586640,96.38,96.38,96.38,96.38,68
1780587060,96.38,96.38,96.38,96.38,303
1780588080,96.38,96.38,96.38,96.38,1
1780588500,96.375,96.375,96.375,96.375,50
1780588560,96.38,96.38,96.38,96.38,33
1780588740,96.38,96.38,96.38,96.38,1
1780588920,96.38,96.38,96.38,96.38,2
1780589160,96.38,96.38,96.38,96.38,18
1780589220,96.38,96.38,96.38,96.38,9
1780589400,96.375,96.375,96.375,96.375,492
1780590720,96.38,96.38,96.38,96.38,7
1780590840,96.38,96.38,96.38,96.38,72
1780592580,96.375,96.375,96.375,96.375,25
1780593840,96.38,96.38,96.375,96.375,89
1780593960,96.38,96.38,96.38,96.38,20
1780594020,96.38,96.38,96.38,96.38,21
1780594560,96.38,96.38,96.38,96.38,43
1780594620,96.38,96.38,96.38,96.38,33
1780595880,96.38,96.38,96.38,96.38,1
1780596120,96.38,96.38,96.38,96.38,46
1780597620,96.38,96.38,96.38,96.38,146
1780598640,96.375,96.38,96.375,96.38,1001
1780598880,96.38,96.38,96.38,96.38,6
1780598940,96.38,96.38,96.38,96.38,43
1780599000,96.38,96.38,96.38,96.38,12
1780599420,96.38,96.38,96.38,96.38,20
1780599480,96.38,96.38,96.38,96.38,308
1780599660,96.38,96.38,96.38,96.38,19
1780600680,96.38,96.38,96.38,96.38,8
1780601100,96.375,96.375,96.375,96.375,10
1780601160,96.375,96.375,96.375,96.375,10
1780601340,96.375,96.375,96.375,96.375,21
1780602060,96.375,96.38,96.375,96.375,324
1780603560,96.375,96.375,96.375,96.375,18
1780603740,96.38,96.38,96.38,96.38,27
1780604220,96.38,96.38,96.38,96.38,106
1780604280,96.38,96.38,96.38,96.38,25
1780604580,96.38,96.38,96.38,96.38,5
1780604640,96.38,96.38,96.38,96.38,8
1780605420,96.375,96.375,96.375,96.375,1080
1780606740,96.375,96.38,96.375,96.38,59
1780611540,96.38,96.38,96.38,96.38,1
1780611960,96.38,96.38,96.38,96.38,3
1780617720,96.375,96.38,96.375,96.38,438
1780619520,96.375,96.375,96.375,96.375,86
1780630080,96.375,96.375,96.375,96.375,110
1780640100,96.375,96.375,96.375,96.375,499
1780643160,96.38,96.38,96.38,96.38,30
1780648080,96.375,96.38,96.375,96.38,1104
1780658640,96.38,96.38,96.38,96.38,2
1780659000,96.375,96.375,96.375,96.375,96
1780659060,96.38,96.38,96.38,96.38,1
1780659660,96.375,96.375,96.375,96.375,3
1780659840,96.375,96.375,96.375,96.375,48
1780660380,96.375,96.375,96.375,96.375,20
1780660560,96.375,96.375,96.375,96.375,114
1780660800,96.375,96.38,96.375,96.375,226
1780660860,96.375,96.375,96.375,96.375,71
1780661100,96.375,96.375,96.375,96.375,14
1780661220,96.375,96.375,96.375,96.375,1
1780662060,96.375,96.375,96.375,96.375,136
1780662180,96.375,96.375,96.375,96.375,582
1780662360,96.375,96.375,96.375,96.375,17
1780662480,96.38,96.38,96.375,96.375,352
1780662540,96.38,96.38,96.38,96.38,1
1780662600,96.375,96.375,96.375,96.375,6172
1780662660,96.375,96.375,96.375,96.375,294
1780662720,96.37,96.375,96.37,96.375,11
1780662780,96.375,96.375,96.375,96.375,758
1780662840,96.375,96.375,96.375,96.375,1992
1780662900,96.375,96.375,96.375,96.375,1277
1780662960,96.375,96.375,96.375,96.375,2
1780663020,96.375,96.375,96.375,96.375,4
1780663080,96.375,96.375,96.375,96.375,3
1780663140,96.375,96.375,96.375,96.375,968
1780663200,96.375,96.375,96.375,96.375,100
1780663680,96.375,96.375,96.375,96.375,6
1780664040,96.37,96.375,96.37,96.375,63
1780664220,96.375,96.375,96.375,96.375,8
1780664940,96.375,96.375,96.375,96.375,1003
1780665060,96.375,96.375,96.375,96.375,3
1780665120,96.375,96.375,96.375,96.375,59
1780665180,96.375,96.375,96.375,96.375,1
1780665420,96.375,96.375,96.375,96.375,148
1780665480,96.375,96.375,96.375,96.375,237
1780665540,96.375,96.375,96.375,96.375,2558
1780665600,96.375,96.375,96.375,96.375,9
1780665660,96.375,96.375,96.375,96.375,764
1780665780,96.375,96.375,96.375,96.375,5
1780665960,96.375,96.375,96.375,96.375,22
1780666140,96.375,96.375,96.375,96.375,129
1780666200,96.375,96.375,96.375,96.375,673
1780666260,96.375,96.375,96.375,96.375,89
1780666380,96.375,96.375,96.375,96.375,50
1780666620,96.375,96.375,96.375,96.375,10
1780666740,96.375,96.375,96.375,96.375,1052
1780666980,96.375,96.375,96.375,96.375,5
1780667160,96.375,96.375,96.375,96.375,79
1780667400,96.375,96.375,96.375,96.375,600
1780667940,96.375,96.375,96.375,96.375,854
1780668000,96.375,96.375,96.375,96.375,73
1780668060,96.375,96.375,96.375,96.375,229
1780668120,96.375,96.375,96.375,96.375,183
1780668300,96.375,96.375,96.375,96.375,633
1780668360,96.375,96.375,96.375,96.375,119
1780668420,96.375,96.375,96.375,96.375,12
1780668480,96.375,96.375,96.375,96.375,52
1780668780,96.375,96.375,96.375,96.375,17
1780669080,96.375,96.375,96.375,96.375,3
1780669200,96.375,96.375,96.375,96.375,749
1780669260,96.375,96.375,96.375,96.375,2
1780669320,96.375,96.375,96.375,96.375,161
1780669380,96.375,96.375,96.375,96.375,219
1780669440,96.38,96.38,96.375,96.375,33
1780669500,96.375,96.375,96.375,96.375,10
1780669620,96.375,96.375,96.375,96.375,493
1780669680,96.375,96.375,96.375,96.375,57
1780670220,96.375,96.375,96.375,96.375,5
1780670280,96.375,96.375,96.375,96.375,3
1780670340,96.375,96.375,96.375,96.375,10
1780670400,96.375,96.375,96.375,96.375,49
1780670460,96.375,96.375,96.375,96.375,11
1780670580,96.375,96.375,96.375,96.375,925
1780670640,96.375,96.375,96.375,96.375,26
1780670760,96.375,96.375,96.375,96.375,406
1780670820,96.375,96.375,96.375,96.375,125
1780671240,96.375,96.375,96.375,96.375,2
1780671360,96.375,96.375,96.375,96.375,12
1780671480,96.375,96.375,96.375,96.375,7
1780671720,96.375,96.375,96.375,96.375,942
1780671840,96.375,96.375,96.375,96.375,112
1780671900,96.375,96.375,96.375,96.375,33
1780672020,96.375,96.375,96.375,96.375,105
1780672140,96.375,96.375,96.375,96.375,7
1780672200,96.375,96.375,96.375,96.375,7
1780672260,96.375,96.375,96.375,96.375,109
1780672380,96.375,96.375,96.375,96.375,14
1780672500,96.375,96.375,96.375,96.375,9
1780672560,96.375,96.375,96.375,96.375,69
1780672620,96.375,96.375,96.375,96.375,101
1780672680,96.375,96.375,96.375,96.375,51
1780672740,96.375,96.375,96.375,96.375,673
1780672800,96.375,96.375,96.375,96.375,11
1780672920,96.375,96.375,96.375,96.375,80
1780672980,96.375,96.375,96.375,96.375,2
1780673040,96.375,96.375,96.375,96.375,62
1780673100,96.375,96.375,96.375,96.375,200
1780673460,96.375,96.375,96.375,96.375,926
1780673700,96.375,96.375,96.375,96.375,100
1780673820,96.375,96.375,96.375,96.375,42
1780673880,96.375,96.375,96.375,96.375,19
1780673940,96.375,96.375,96.375,96.375,470
1780674000,96.375,96.375,96.375,96.375,12
1780674060,96.375,96.375,96.375,96.375,5
1780674300,96.375,96.375,96.375,96.375,3
1780674540,96.375,96.375,96.375,96.375,25
1780674600,96.375,96.375,96.375,96.375,1
1780674660,96.375,96.38,96.375,96.375,203
1780674780,96.375,96.375,96.375,96.375,140
1780674840,96.375,96.375,96.375,96.375,2
1780675200,96.38,96.38,96.38,96.38,50
1780675620,96.375,96.375,96.375,96.375,1059
1780675740,96.375,96.375,96.375,96.375,11
1780676040,96.375,96.375,96.375,96.375,223
1780676160,96.375,96.375,96.375,96.375,6
1780676220,96.375,96.375,96.375,96.375,11
1780676280,96.375,96.375,96.375,96.375,60
1780676460,96.375,96.375,96.375,96.375,15
1780676700,96.375,96.375,96.375,96.375,3
1780676760,96.37,96.37,96.37,96.37,1
1780677960,96.375,96.375,96.375,96.375,442
1780678020,96.375,96.375,96.375,96.375,1351
1780678500,96.375,96.375,96.375,96.375,1
1780678860,96.375,96.375,96.375,96.375,50
1780678920,96.38,96.38,96.38,96.38,50
1780679520,96.375,96.375,96.375,96.375,3
1780680540,96.375,96.375,96.375,96.375,47
1780680720,96.375,96.38,96.375,96.38,2
1780681380,96.375,96.375,96.375,96.375,300
1780681740,96.375,96.375,96.375,96.375,3
1780681980,96.375,96.375,96.375,96.375,85
1780682100,96.375,96.375,96.375,96.375,346
1780682160,96.375,96.375,96.375,96.375,151
1780682460,96.375,96.375,96.375,96.375,1
1780683960,96.375,96.375,96.375,96.375,1
1780684020,96.375,96.375,96.375,96.375,11
1780684080,96.375,96.375,96.37,96.375,1680
1780684140,96.375,96.375,96.375,96.375,9
1780684200,96.375,96.375,96.375,96.375,977
1780684260,96.375,96.375,96.375,96.375,100
1780684680,96.375,96.375,96.375,96.375,25
1780685280,96.375,96.375,96.375,96.375,177
1780685340,96.375,96.375,96.375,96.375,65
1780685820,96.375,96.375,96.375,96.375,12
1780686000,96.375,96.375,96.375,96.375,6
1780687680,96.375,96.375,96.375,96.375,10
1780688220,96.375,96.375,96.375,96.375,1063
1780688400,96.38,96.38,96.38,96.38,1
1780688700,96.38,96.38,96.38,96.38,5
1780688880,96.38,96.38,96.38,96.38,41
1780689120,96.375,96.375,96.375,96.375,40
1780689540,96.38,96.38,96.38,96.38,4
1780689720,96.375,96.375,96.375,96.375,600
1780689900,96.375,96.375,96.375,96.375,1
1780690260,96.38,96.38,96.38,96.38,209
1780691340,96.375,96.375,96.375,96.375,5
1780691400,96.375,96.375,96.375,96.375,28
1780691460,96.375,96.375,96.375,96.375,7
1780692060,96.375,96.375,96.375,96.375,30
1780692540,96.375,96.375,96.375,96.375,12
1780692900,96.375,96.375,96.375,96.375,46
1780693140,96.375,96.375,96.375,96.375,189
1780869600,96.375,96.375,96.37,96.37,324
1780870500,96.375,96.375,96.375,96.375,6
1780870860,96.375,96.375,96.375,96.375,100
1780871100,96.375,96.375,96.375,96.375,100
1780871160,96.375,96.375,96.375,96.375,5
1780871220,96.375,96.375,96.375,96.375,4
1780872660,96.375,96.375,96.375,96.375,1
1780874520,96.375,96.375,96.375,96.375,157
1780881240,96.375,96.375,96.37,96.37,86
1780881300,96.375,96.375,96.375,96.375,142
1780883100,96.375,96.375,96.375,96.375,4
1780883400,96.375,96.375,96.375,96.375,2
1780884300,96.375,96.375,96.375,96.375,28
1780892640,96.375,96.375,96.375,96.375,150
1780893720,96.375,96.375,96.375,96.375,1
1780896240,96.375,96.375,96.375,96.375,2
1780896660,96.375,96.375,96.37,96.37,45
1780902000,96.375,96.375,96.375,96.375,3
1780903560,96.375,96.375,96.375,96.375,4
1780903680,96.375,96.375,96.375,96.375,200
1780904040,96.375,96.375,96.375,96.375,10
1780910100,96.375,96.375,96.375,96.375,72
1780910220,96.375,96.375,96.375,96.375,154
1780913400,96.375,96.375,96.375,96.375,11
1780913580,96.375,96.375,96.375,96.375,50
1780913880,96.375,96.375,96.375,96.375,31
1780914780,96.375,96.375,96.375,96.375,8
1780914840,96.375,96.375,96.375,96.375,17
1780914900,96.375,96.375,96.375,96.375,3
1780915020,96.375,96.375,96.375,96.375,1
1780916640,96.37,96.37,96.37,96.37,2001
1780916760,96.375,96.375,96.375,96.375,30
1780917540,96.375,96.375,96.375,96.375,18
1780917720,96.375,96.375,96.37,96.37,507
1780918080,96.37,96.37,96.37,96.37,27
1780918200,96.375,96.375,96.375,96.375,34
1780918380,96.375,96.375,96.375,96.375,1
1780919220,96.375,96.375,96.375,96.375,6
1780920120,96.375,96.375,96.375,96.375,2
1780920480,96.375,96.375,96.375,96.375,9
1780920540,96.375,96.375,96.375,96.375,605
1780920660,96.375,96.375,96.375,96.375,28
1780920780,96.375,96.375,96.375,96.375,29
1780920840,96.375,96.375,96.375,96.375,3
1780921140,96.375,96.375,96.37,96.37,194
1780921740,96.375,96.375,96.375,96.375,2
1780922520,96.375,96.375,96.375,96.375,299
1780922820,96.375,96.375,96.375,96.375,3
1780922940,96.375,96.375,96.375,96.375,69
1780923000,96.375,96.375,96.375,96.375,1
1780924620,96.375,96.375,96.375,96.375,2
1780925040,96.375,96.375,96.375,96.375,100
1780925340,96.37,96.37,96.37,96.37,3
1780925820,96.37,96.37,96.37,96.37,17
1780926420,96.375,96.375,96.375,96.375,82
1780926480,96.375,96.375,96.375,96.375,9
1780927920,96.375,96.375,96.375,96.375,5
1780928400,96.375,96.375,96.375,96.375,4
1780928880,96.375,96.375,96.375,96.375,229
1780929600,96.375,96.375,96.375,96.375,94
1780929960,96.37,96.37,96.37,96.37,15
1780930140,96.375,96.375,96.375,96.375,2
1780930200,96.375,96.375,96.375,96.375,3
1780930260,96.375,96.375,96.375,96.375,2
1780930320,96.375,96.375,96.375,96.375,1
1780930380,96.375,96.375,96.375,96.375,3
1780930440,96.375,96.375,96.375,96.375,4
1780930500,96.375,96.375,96.375,96.375,1
1780930800,96.375,96.375,96.375,96.375,1
1780930980,96.37,96.37,96.37,96.37,13
1780931580,96.375,96.375,96.375,96.375,1
1780932060,96.37,96.37,96.37,96.37,25
1780932960,96.37,96.37,96.37,96.37,2
1780933440,96.37,96.37,96.37,96.37,2
1780934100,96.37,96.37,96.37,96.37,2
1780934700,96.37,96.37,96.37,96.37,25
1780935720,96.37,96.37,96.37,96.37,18
1780936800,96.375,96.375,96.375,96.375,8
1780937340,96.37,96.37,96.37,96.37,12
1780937700,96.375,96.375,96.375,96.375,69
1780937880,96.37,96.37,96.37,96.37,100
1780938120,96.37,96.37,96.37,96.37,100
1780938720,96.375,96.375,96.375,96.375,16
1780939140,96.37,96.37,96.37,96.37,5
1780939260,96.375,96.375,96.375,96.375,1
1780940640,96.37,96.37,96.37,96.37,10
1780941840,96.375,96.375,96.375,96.375,31
1780941960,96.37,96.37,96.37,96.37,4
1780942020,96.37,96.37,96.37,96.37,20
1780942260,96.375,96.375,96.375,96.375,1
1780942380,96.37,96.37,96.37,96.37,6
1780943100,96.37,96.37,96.37,96.37,1
1780944300,96.37,96.37,96.37,96.37,75
1780945980,96.37,96.37,96.37,96.37,30
1780946760,96.375,96.375,96.375,96.375,90
1780948380,96.37,96.37,96.37,96.37,11
1780948620,96.37,96.37,96.37,96.37,40
1780949220,96.375,96.375,96.375,96.375,1
1780949400,96.375,96.375,96.375,96.375,150
1780951860,96.37,96.37,96.37,96.37,1200
1780951980,96.37,96.37,96.37,96.37,149
1780952040,96.37,96.37,96.37,96.37,66
1780952100,96.37,96.37,96.37,96.37,119
1780952160,96.37,96.37,96.37,96.37,247
1780952220,96.37,96.37,96.37,96.37,106
1780952280,96.37,96.37,96.37,96.37,213
1780952340,96.375,96.375,96.375,96.375,1
1781001660,96.375,96.375,96.375,96.375,2
1781002200,96.375,96.375,96.375,96.375,5
1781002860,96.375,96.375,96.375,96.375,2
1781003400,96.375,96.375,96.375,96.375,1
1781003460,96.375,96.375,96.375,96.375,1
1781004900,96.375,96.375,96.375,96.375,130
1781005140,96.375,96.375,96.375,96.375,39
1781005800,96.375,96.375,96.375,96.375,8
1781006220,96.375,96.375,96.375,96.375,12
1781006400,96.375,96.375,96.375,96.375,7
1781006520,96.375,96.375,96.375,96.375,12
1781006760,96.375,96.375,96.375,96.375,12
1781007900,96.375,96.375,96.375,96.375,2
1781008200,96.37,96.37,96.37,96.37,50
1781008320,96.37,96.375,96.37,96.375,34
1781008440,96.37,96.37,96.37,96.37,50
1781009100,96.37,96.37,96.37,96.37,30
1781009400,96.37,96.37,96.37,96.37,25
1781011260,96.375,96.375,96.375,96.375,2
1781011560,96.375,96.375,96.375,96.375,16
1781012520,96.375,96.375,96.375,96.375,44
1781012880,96.37,96.37,96.37,96.37,2
1781012940,96.375,96.375,96.375,96.375,6
1781013000,96.375,96.375,96.375,96.375,3
1781013120,96.37,96.37,96.37,96.37,25
1781013240,96.375,96.375,96.375,96.375,4
1781013960,96.375,96.375,96.375,96.375,1
1781014020,96.375,96.375,96.375,96.375,1
1781014620,96.375,96.375,96.375,96.375,4
1781015040,96.37,96.37,96.37,96.37,25
1781015700,96.37,96.37,96.37,96.37,5
1781016780,96.37,96.37,96.37,96.37,10
1781017080,96.375,96.375,96.375,96.375,11
1781017680,96.375,96.375,96.375,96.375,1
1781017860,96.375,96.375,96.375,96.375,2
1781018040,96.375,96.375,96.375,96.375,7
1781018160,96.375,96.375,96.375,96.375,10
1781019120,96.375,96.375,96.375,96.375,5
1781019180,96.375,96.375,96.375,96.375,56
1781019540,96.375,96.375,96.375,96.375,11
1781019960,96.37,96.37,96.37,96.37,1
1781020020,96.37,96.37,96.37,96.37,3
1781020080,96.37,96.37,96.37,96.37,2
1781020320,96.375,96.375,96.375,96.375,3
1781020680,96.375,96.375,96.375,96.375,1000
1781020740,96.375,96.375,96.375,96.375,8
1781021520,96.375,96.375,96.375,96.375,29
1781021700,96.375,96.375,96.375,96.375,33
1781021760,96.375,96.375,96.375,96.375,28
1781021820,96.37,96.37,96.37,96.37,50
1781021880,96.375,96.375,96.375,96.375,25
1781021940,96.375,96.375,96.375,96.375,300
1781025000,96.37,96.37,96.37,96.37,13
1781025780,96.375,96.375,96.37,96.37,5
1781026440,96.375,96.375,96.375,96.375,19
1781026500,96.375,96.375,96.375,96.375,133
1781029380,96.375,96.375,96.375,96.375,81
1781029440,96.375,96.375,96.375,96.375,30
1781029620,96.37,96.37,96.37,96.37,15
1781030520,96.37,96.37,96.37,96.37,10
1781032140,96.375,96.375,96.375,96.375,1
1781032740,96.37,96.37,96.37,96.37,75
1781032920,96.375,96.375,96.375,96.375,11
1781033760,96.37,96.37,96.37,96.37,18
1781034240,96.37,96.37,96.37,96.37,281
1781034780,96.375,96.375,96.375,96.375,4
1781035200,96.375,96.375,96.375,96.375,2
1781035260,96.375,96.375,96.375,96.375,19
1781035320,96.375,96.375,96.375,96.375,7
1781035500,96.375,96.375,96.375,96.375,1
1781035920,96.375,96.375,96.375,96.375,50
1781035980,96.37,96.37,96.37,96.37,100
1781038320,96.375,96.375,96.375,96.375,1
1781038500,96.375,96.375,96.375,96.375,11
1781038560,96.375,96.375,96.375,96.375,1
1781044020,96.375,96.375,96.375,96.375,62
1781069340,96.375,96.375,96.375,96.375,5
1781072520,96.375,96.375,96.375,96.375,75
1781075520,96.375,96.375,96.375,96.375,75
1781075640,96.375,96.375,96.375,96.375,15
1781075700,96.375,96.375,96.375,96.375,20
1781075820,96.375,96.375,96.375,96.375,21
1781075880,96.375,96.375,96.375,96.375,20
1781077380,96.375,96.375,96.375,96.375,15
1781081160,96.375,96.375,96.375,96.375,8
1781081340,96.37,96.37,96.37,96.37,3
1781082180,96.375,96.375,96.375,96.375,117
1781082600,96.375,96.375,96.375,96.375,6
1781083260,96.375,96.375,96.375,96.375,37
1781084640,96.37,96.37,96.37,96.37,30
1781085360,96.375,96.375,96.375,96.375,1781
1781085420,96.375,96.375,96.375,96.375,12
1781085480,96.375,96.375,96.375,96.375,184
1781085840,96.375,96.375,96.375,96.375,1006
1781085900,96.375,96.375,96.375,96.375,9
1781086020,96.375,96.375,96.375,96.375,22
1781086140,96.375,96.375,96.375,96.375,15
1781086440,96.375,96.375,96.375,96.375,497
1781086680,96.375,96.375,96.375,96.375,155
1781086740,96.375,96.375,96.375,96.375,101
1781087400,96.375,96.375,96.375,96.375,17
1781087460,96.375,96.375,96.375,96.375,7
1781087700,96.375,96.375,96.375,96.375,113
1781088060,96.375,96.375,96.375,96.375,5
1781088240,96.375,96.375,96.375,96.375,158
1781088300,96.375,96.375,96.375,96.375,81
1781088480,96.375,96.375,96.375,96.375,41
1781088960,96.375,96.375,96.375,96.375,823
1781089020,96.375,96.375,96.375,96.375,133
1781089260,96.375,96.375,96.375,96.375,14
1781089380,96.375,96.375,96.375,96.375,24
1781089440,96.375,96.375,96.375,96.375,1
1781089980,96.375,96.375,96.375,96.375,88
1781091360,96.375,96.375,96.375,96.375,28
1781091540,96.375,96.375,96.375,96.375,4
1781091960,96.375,96.375,96.375,96.375,107
1781092200,96.375,96.375,96.375,96.375,8
1781092380,96.375,96.375,96.375,96.375,31
1781092560,96.375,96.375,96.375,96.375,3
1781092620,96.375,96.375,96.375,96.375,1
1781092680,96.375,96.375,96.375,96.375,8
1781092740,96.375,96.375,96.375,96.375,1
1781092860,96.375,96.375,96.375,96.375,11
1781092920,96.375,96.375,96.375,96.375,1
1781092980,96.375,96.375,96.375,96.375,2
1781093040,96.375,96.375,96.375,96.375,1
1781093100,96.375,96.375,96.375,96.375,1
1781093220,96.375,96.375,96.375,96.375,1
1781093280,96.375,96.375,96.375,96.375,1
1781093340,96.375,96.375,96.375,96.375,1
1781093400,96.375,96.375,96.375,96.375,1
1781093460,96.375,96.375,96.375,96.375,2
1781093580,96.375,96.375,96.375,96.375,1
1781093640,96.375,96.375,96.375,96.375,3
1781093700,96.375,96.375,96.375,96.375,3
1781093760,96.375,96.375,96.375,96.375,2
1781093880,96.375,96.375,96.375,96.375,27
1781093940,96.375,96.375,96.375,96.375,2
1781094000,96.375,96.375,96.375,96.375,20
1781094060,96.375,96.375,96.375,96.375,2
1781094180,96.375,96.375,96.375,96.375,27
1781094240,96.375,96.375,96.375,96.375,2
1781094420,96.375,96.375,96.375,96.375,31
1781094600,96.375,96.375,96.37,96.375,7014
1781094660,96.375,96.375,96.375,96.375,2090
1781094720,96.375,96.375,96.375,96.375,4
1781094780,96.375,96.375,96.375,96.375,12
1781094840,96.375,96.375,96.375,96.375,3581
1781094900,96.375,96.375,96.375,96.375,932
1781094960,96.375,96.375,96.375,96.375,30
1781095080,96.375,96.375,96.375,96.375,12
1781095200,96.375,96.375,96.375,96.375,300
1781095260,96.375,96.375,96.375,96.375,51
1781095440,96.38,96.38,96.38,96.38,105
1781095560,96.375,96.375,96.375,96.375,3
1781096520,96.375,96.375,96.375,96.375,15
1781098080,96.375,96.375,96.375,96.375,1
1781099760,96.375,96.375,96.375,96.375,5
1781099820,96.375,96.375,96.375,96.375,30
1781099880,96.375,96.375,96.375,96.375,5
1781099940,96.375,96.375,96.375,96.375,15
1781100180,96.375,96.375,96.375,96.375,19
1781101020,96.375,96.375,96.375,96.375,10
1781101140,96.375,96.375,96.375,96.375,28
1781101560,96.375,96.375,96.375,96.375,3
1781101680,96.375,96.375,96.375,96.375,12
1781102100,96.375,96.375,96.375,96.375,15
1781102340,96.375,96.375,96.375,96.375,300
1781102880,96.375,96.375,96.375,96.375,3
1781102940,96.375,96.375,96.375,96.375,2
1781103660,96.375,96.375,96.375,96.375,75
1781103840,96.375,96.375,96.375,96.375,60
1781104020,96.375,96.375,96.375,96.375,17
1781104080,96.375,96.375,96.375,96.375,98
1781104740,96.375,96.375,96.375,96.375,30
1781104860,96.375,96.375,96.375,96.375,300
1781104980,96.375,96.375,96.375,96.375,25
1781105220,96.375,96.375,96.375,96.375,1
1781105340,96.375,96.375,96.375,96.375,3
1781105400,96.375,96.375,96.375,96.375,16
1781105880,96.375,96.375,96.375,96.375,24
1781106180,96.375,96.375,96.375,96.375,3
1781106420,96.375,96.375,96.375,96.375,16
1781106480,96.375,96.375,96.375,96.375,3375
1781106540,96.375,96.375,96.375,96.375,397
1781106600,96.375,96.375,96.375,96.375,10
1781106660,96.375,96.375,96.375,96.375,33
1781106960,96.375,96.375,96.375,96.375,165
1781107800,96.375,96.375,96.375,96.375,16
1781108340,96.375,96.375,96.375,96.375,19
1781108580,96.375,96.375,96.375,96.375,38
1781109540,96.375,96.375,96.375,96.375,5
1781110080,96.375,96.375,96.375,96.375,20
1781111520,96.375,96.375,96.375,96.375,300
1781111820,96.375,96.375,96.375,96.375,100
1781111940,96.375,96.375,96.375,96.375,100
1781112240,96.375,96.375,96.375,96.375,265
1781112600,96.375,96.375,96.375,96.375,200
1781112900,96.375,96.375,96.375,96.375,96
1781113200,96.375,96.375,96.375,96.375,7
1781113260,96.375,96.375,96.375,96.375,34
1781113500,96.375,96.375,96.375,96.375,2
1781113800,96.375,96.375,96.375,96.375,18
1781114100,96.375,96.375,96.375,96.375,18
1781114880,96.375,96.375,96.375,96.375,536
1781114940,96.375,96.375,96.375,96.375,17
1781115240,96.375,96.375,96.375,96.375,65
1781115300,96.375,96.375,96.375,96.375,7
1781115360,96.375,96.375,96.375,96.375,1501
1781116320,96.375,96.375,96.375,96.375,3
1781116440,96.375,96.375,96.375,96.375,12
1781117040,96.375,96.375,96.375,96.375,18
1781117340,96.375,96.375,96.375,96.375,2
1781117460,96.375,96.375,96.375,96.375,7
1781119260,96.375,96.375,96.375,96.375,6
1781119620,96.375,96.375,96.375,96.375,1
1781119680,96.375,96.375,96.375,96.375,1
1781119740,96.375,96.375,96.375,96.375,16
1781120400,96.375,96.375,96.375,96.375,824
1781120580,96.375,96.375,96.375,96.375,60
1781120700,96.375,96.375,96.375,96.375,2
1781120760,96.375,96.375,96.375,96.375,38
1781121180,96.375,96.375,96.375,96.375,102
1781121240,96.375,96.375,96.375,96.375,8
1781121480,96.375,96.375,96.375,96.375,28
1781121540,96.375,96.375,96.375,96.375,1
1781122500,96.37,96.375,96.37,96.375,64
1781122620,96.37,96.37,96.37,96.37,25
1781122740,96.37,96.37,96.37,96.37,25
1781122860,96.375,96.375,96.375,96.375,2
1781122920,96.37,96.37,96.37,96.37,7
1781124180,96.37,96.37,96.37,96.37,1
1781124300,96.37,96.37,96.37,96.37,2
1781124540,96.37,96.37,96.37,96.37,25
1781124900,96.37,96.37,96.37,96.37,25
1781124960,96.375,96.375,96.375,96.375,1
1781125080,96.375,96.375,96.375,96.375,112
1781125140,96.375,96.375,96.375,96.375,72
1781128800,96.375,96.375,96.375,96.375,2
1781131140,96.375,96.375,96.375,96.375,21
1781134320,96.375,96.375,96.375,96.375,8
1781136240,96.375,96.375,96.375,96.375,4
1781137320,96.375,96.375,96.375,96.375,7
1781139840,96.375,96.375,96.375,96.375,1
1781155680,96.375,96.375,96.375,96.375,500
1781156220,96.375,96.375,96.375,96.375,100
1781160780,96.375,96.375,96.375,96.375,10
1781161740,96.375,96.375,96.375,96.375,2
1781162220,96.375,96.375,96.375,96.375,21
1781162340,96.375,96.375,96.375,96.375,18
1781162400,96.375,96.375,96.375,96.375,21
1781162580,96.375,96.375,96.375,96.375,20
1781162760,96.375,96.375,96.375,96.375,14
1781162880,96.375,96.375,96.375,96.375,21
1781162940,96.375,96.375,96.375,96.375,3
1781163000,96.375,96.375,96.375,96.375,3
1781163060,96.375,96.375,96.375,96.375,2
1781163120,96.375,96.375,96.375,96.375,1
1781163360,96.375,96.375,96.375,96.375,21
1781165460,96.375,96.375,96.375,96.375,126
1781167920,96.375,96.375,96.375,96.375,3
1781169360,96.375,96.375,96.375,96.375,90
1781171640,96.375,96.375,96.375,96.375,1
1781172540,96.375,96.375,96.37,96.37,4
1781172780,96.375,96.375,96.375,96.375,1
1781174760,96.37,96.37,96.37,96.37,1
1781175360,96.375,96.375,96.375,96.375,58
1781175540,96.375,96.375,96.375,96.375,21
1781176380,96.37,96.37,96.37,96.37,1
1781177400,96.375,96.375,96.375,96.375,2
1781178180,96.375,96.375,96.375,96.375,30
1781178240,96.375,96.375,96.375,96.375,50
1781178300,96.375,96.375,96.375,96.375,10
1781178420,96.375,96.375,96.375,96.375,20
1781178780,96.37,96.37,96.37,96.37,12
1781178900,96.375,96.375,96.375,96.375,28
1781179140,96.37,96.37,96.37,96.37,45
1781179260,96.37,96.37,96.37,96.37,8
1781179320,96.375,96.375,96.375,96.375,4
1781179380,96.37,96.37,96.37,96.37,9
1781179560,96.37,96.37,96.37,96.37,6
1781179620,96.37,96.37,96.37,96.37,4
1781179740,96.37,96.37,96.37,96.37,4
1781179800,96.37,96.37,96.37,96.37,30
1781179920,96.37,96.37,96.37,96.37,4
1781180100,96.37,96.37,96.37,96.37,12
1781180160,96.37,96.37,96.37,96.37,2
1781180280,96.37,96.37,96.37,96.37,3
1781180340,96.37,96.37,96.37,96.37,1
1781180400,96.37,96.37,96.37,96.37,5
1781180460,96.37,96.37,96.37,96.37,27
1781180520,96.37,96.37,96.37,96.37,22
1781181000,96.375,96.375,96.375,96.375,13
1781181180,96.37,96.37,96.37,96.37,28
1781181600,96.37,96.37,96.37,96.37,25
1781182560,96.37,96.37,96.37,96.37,13
1781182740,96.37,96.37,96.37,96.37,52
1781183100,96.37,96.37,96.37,96.37,2
1781185080,96.37,96.37,96.37,96.37,13
1781185320,96.37,96.37,96.37,96.37,2
1781185500,96.37,96.37,96.37,96.37,5
1781185860,96.37,96.37,96.37,96.37,1
1781185920,96.37,96.37,96.37,96.37,9
1781186160,96.37,96.37,96.37,96.37,4
1781186340,96.375,96.375,96.375,96.375,150
1781186460,96.37,96.37,96.37,96.37,73
1781186940,96.37,96.37,96.37,96.37,10
1781187060,96.37,96.37,96.37,96.37,3
1781188680,96.375,96.375,96.375,96.375,1
1781189220,96.37,96.37,96.37,96.37,50
1781189340,96.37,96.37,96.37,96.37,11
1781191860,96.37,96.37,96.37,96.37,5
1781195220,96.375,96.375,96.375,96.375,1
1781196540,96.37,96.37,96.37,96.37,66
1781198220,96.37,96.37,96.37,96.37,10
1781198880,96.375,96.375,96.375,96.375,47
1781199000,96.375,96.375,96.375,96.375,31
1781199060,96.375,96.375,96.375,96.375,19
1781199120,96.375,96.375,96.375,96.375,217
1781199180,96.375,96.375,96.375,96.375,3
1781199240,96.375,96.375,96.375,96.375,94
1781199300,96.375,96.375,96.375,96.375,7
1781199360,96.375,96.375,96.375,96.375,802
1781199420,96.375,96.375,96.375,96.375,7
1781199480,96.375,96.375,96.375,96.375,65
1781199540,96.375,96.375,96.375,96.375,67
1781199600,96.375,96.375,96.375,96.375,19
1781199660,96.375,96.375,96.375,96.375,15
1781199720,96.375,96.375,96.375,96.375,8
1781199840,96.375,96.375,96.375,96.375,18
1781199960,96.375,96.375,96.375,96.375,4
1781200080,96.375,96.375,96.375,96.375,5
1781200320,96.375,96.375,96.375,96.375,3
1781200500,96.375,96.375,96.375,96.375,9
1781200560,96.37,96.375,96.37,96.375,29
1781200620,96.375,96.375,96.375,96.375,125
1781200680,96.375,96.375,96.375,96.375,4
1781200800,96.375,96.375,96.375,96.375,7
1781200860,96.375,96.375,96.375,96.375,102
1781200920,96.375,96.375,96.375,96.375,12
1781201040,96.375,96.375,96.375,96.375,37
1781201160,96.375,96.375,96.375,96.375,2
1781201520,96.375,96.375,96.375,96.375,2
1781201640,96.375,96.375,96.375,96.375,11
1781201700,96.375,96.375,96.375,96.375,45
1781201760,96.375,96.375,96.375,96.375,7527
1781201820,96.375,96.375,96.375,96.375,68
1781201880,96.375,96.375,96.375,96.375,14
1781201940,96.375,96.375,96.375,96.375,2
1781202000,96.375,96.375,96.375,96.375,39
1781202120,96.375,96.375,96.375,96.375,1488
1781202180,96.375,96.375,96.375,96.375,391
1781202240,96.375,96.375,96.375,96.375,90
1781202480,96.375,96.375,96.375,96.375,20
1781202540,96.375,96.375,96.375,96.375,2
1781202600,96.375,96.375,96.375,96.375,2
1781202960,96.375,96.375,96.375,96.375,4
1781203320,96.375,96.375,96.375,96.375,9
1781203440,96.375,96.375,96.375,96.375,106
1781203740,96.375,96.375,96.375,96.375,12
1781203800,96.375,96.375,96.375,96.375,4
1781204100,96.375,96.375,96.375,96.375,19
1781204160,96.375,96.375,96.375,96.375,36
1781204220,96.375,96.375,96.375,96.375,27
1781204400,96.375,96.375,96.375,96.375,273
1781204460,96.375,96.375,96.375,96.375,9
1781204520,96.375,96.375,96.375,96.375,7
1781204640,96.375,96.375,96.375,96.375,1433
1781204880,96.375,96.375,96.375,96.375,1
1781205120,96.375,96.375,96.375,96.375,21
1781205600,96.375,96.375,96.375,96.375,7
1781206020,96.375,96.375,96.375,96.375,1
1781206080,96.375,96.375,96.375,96.375,7
1781206200,96.375,96.375,96.375,96.375,19
1781206260,96.375,96.375,96.375,96.375,10
1781206380,96.375,96.375,96.375,96.375,1
1781207100,96.375,96.375,96.375,96.375,15
1781207160,96.375,96.375,96.375,96.375,3
1781207580,96.375,96.375,96.375,96.375,7
1781207760,96.375,96.375,96.375,96.375,6
1781207880,96.375,96.375,96.375,96.375,43
1781208000,96.375,96.375,96.375,96.375,58
1781208720,96.375,96.375,96.375,96.375,52
1781208780,96.375,96.38,96.375,96.38,257
1781208840,96.375,96.375,96.375,96.375,4
1781209260,96.38,96.38,96.38,96.38,10
1781209320,96.375,96.38,96.375,96.38,43
1781209560,96.375,96.375,96.375,96.375,2
1781209860,96.375,96.375,96.375,96.375,1
1781210100,96.375,96.375,96.375,96.375,79
1781210220,96.375,96.375,96.375,96.375,1243
1781210340,96.375,96.375,96.375,96.375,310
1781211300,96.375,96.375,96.375,96.375,100
1781211360,96.37,96.37,96.37,96.37,6
1781211420,96.375,96.375,96.375,96.375,209
1781211480,96.375,96.375,96.375,96.375,100
1781211540,96.375,96.375,96.375,96.375,100
1781215320,96.375,96.375,96.375,96.375,169
1781219340,96.375,96.375,96.375,96.375,25
1781222400,96.375,96.375,96.375,96.375,2
1781235000,96.375,96.375,96.375,96.375,1
1781238960,96.375,96.375,96.375,96.375,1
1781241780,96.375,96.375,96.375,96.375,12
1781241840,96.375,96.375,96.375,96.375,9
1781248560,96.375,96.375,96.375,96.375,62
1781249460,96.37,96.37,96.37,96.37,10
1781250300,96.375,96.375,96.375,96.375,2
1781250960,96.375,96.375,96.375,96.375,6010
1781251020,96.375,96.375,96.375,96.375,851
1781251260,96.375,96.375,96.375,96.375,12
1781251380,96.375,96.375,96.375,96.375,115
1781251500,96.375,96.375,96.375,96.375,100
1781252280,96.375,96.375,96.375,96.375,1
1781252640,96.375,96.375,96.375,96.375,300
1781253240,96.375,96.375,96.375,96.375,3
1781253900,96.375,96.375,96.375,96.375,27
1781256120,96.375,96.375,96.375,96.375,6
1781259180,96.375,96.375,96.375,96.375,6
1781259660,96.375,96.375,96.375,96.375,9
1781259720,96.375,96.375,96.375,96.375,28
1781259840,96.375,96.375,96.375,96.375,58
1781259900,96.375,96.375,96.375,96.375,1
1781259960,96.375,96.375,96.375,96.375,1869
1781260020,96.375,96.375,96.375,96.375,9
1781260080,96.375,96.375,96.375,96.375,5
1781260320,96.375,96.375,96.375,96.375,10
1781261520,96.375,96.375,96.375,96.375,500
1781261700,96.375,96.375,96.375,96.375,120
1781262060,96.375,96.375,96.375,96.375,318
1781262120,96.375,96.375,96.375,96.375,413
1781262300,96.375,96.375,96.375,96.375,27
1781262360,96.375,96.375,96.375,96.375,10
1781262540,96.375,96.375,96.375,96.375,86
1781262780,96.375,96.375,96.375,96.375,5
1781263440,96.375,96.375,96.375,96.375,200
1781263500,96.375,96.375,96.375,96.375,200
1781263560,96.375,96.375,96.375,96.375,122
1781263620,96.375,96.375,96.375,96.375,100
1781264460,96.375,96.375,96.375,96.375,1
1781265180,96.375,96.375,96.375,96.375,6
1781266740,96.375,96.375,96.375,96.375,7
1781266860,96.375,96.375,96.375,96.375,240
1781267700,96.375,96.375,96.375,96.375,2
1781268300,96.375,96.375,96.375,96.375,1147
1781268360,96.375,96.375,96.375,96.375,1
1781268480,96.375,96.375,96.375,96.375,1
1781268720,96.375,96.375,96.375,96.375,15
1781268780,96.375,96.375,96.375,96.375,1
1781268840,96.375,96.375,96.375,96.375,5
1781269560,96.375,96.375,96.375,96.375,551
1781269620,96.375,96.375,96.375,96.375,500
1781269860,96.375,96.375,96.375,96.375,125
1781269920,96.375,96.375,96.375,96.375,1
1781271000,96.375,96.375,96.375,96.375,2
1781271180,96.375,96.375,96.375,96.375,13
1781271540,96.375,96.375,96.375,96.375,200
1781271600,96.375,96.375,96.375,96.375,16
1781271780,96.375,96.375,96.375,96.375,15
1781271960,96.375,96.375,96.375,96.375,1
1781272620,96.375,96.375,96.375,96.375,15
1781272980,96.375,96.375,96.375,96.375,1
1781273160,96.375,96.375,96.375,96.375,15
1781273280,96.375,96.375,96.375,96.375,37
1781273700,96.375,96.38,96.375,96.38,22
1781273760,96.375,96.375,96.375,96.375,42
1781273940,96.375,96.375,96.375,96.375,55
1781274120,96.375,96.375,96.375,96.375,93
1781274180,96.375,96.375,96.375,96.375,15
1781274240,96.375,96.375,96.375,96.375,1
1781274360,96.375,96.375,96.375,96.375,1
1781274480,96.375,96.375,96.375,96.375,10
1781274660,96.38,96.38,96.38,96.38,1
1781274780,96.38,96.38,96.38,96.38,1
1781274900,96.38,96.38,96.38,96.38,1
1781274960,96.375,96.375,96.375,96.375,1
1781275080,96.38,96.38,96.38,96.38,1
1781275200,96.38,96.38,96.38,96.38,1
1781275260,96.38,96.38,96.38,96.38,1
1781275380,96.38,96.38,96.38,96.38,1
1781275440,96.38,96.38,96.38,96.38,1
1781275560,96.375,96.375,96.375,96.375,18
1781275920,96.375,96.375,96.375,96.375,1
1781276220,96.375,96.38,96.375,96.375,215
1781276640,96.38,96.38,96.38,96.38,272
1781276940,96.375,96.38,96.375,96.38,183
1781277180,96.375,96.38,96.375,96.375,2005
1781277240,96.375,96.375,96.375,96.375,83
1781277300,96.375,96.375,96.375,96.375,11
1781277720,96.375,96.375,96.375,96.375,2
1781277780,96.375,96.375,96.375,96.375,73
1781277900,96.375,96.375,96.375,96.375,67
1781278020,96.375,96.375,96.375,96.375,25
1781278080,96.375,96.375,96.375,96.375,48
1781278500,96.375,96.375,96.375,96.375,4
1781278920,96.375,96.375,96.375,96.375,220
1781279820,96.375,96.375,96.375,96.375,276
1781279940,96.375,96.375,96.375,96.375,1175
1781280000,96.375,96.375,96.375,96.375,6
1781280060,96.375,96.375,96.375,96.375,28
1781280120,96.375,96.375,96.375,96.375,9
1781280180,96.375,96.375,96.375,96.375,12
1781280240,96.375,96.375,96.375,96.375,10
1781280300,96.375,96.375,96.375,96.375,4
1781280360,96.375,96.375,96.375,96.375,296
1781280420,96.375,96.375,96.375,96.375,8
1781280480,96.375,96.375,96.375,96.375,4
1781280540,96.375,96.375,96.375,96.375,4
1781280600,96.375,96.375,96.375,96.375,5
1781280780,96.375,96.375,96.375,96.375,987
1781281020,96.375,96.375,96.375,96.375,74
1781281080,96.375,96.375,96.375,96.375,24
1781282220,96.375,96.375,96.375,96.375,16
1781282400,96.375,96.375,96.375,96.375,58
1781282700,96.375,96.375,96.375,96.375,1
1781282760,96.375,96.38,96.375,96.375,1063
1781282820,96.375,96.375,96.375,96.375,272
1781283060,96.375,96.375,96.375,96.375,4
1781283180,96.375,96.375,96.375,96.375,71
1781283240,96.375,96.375,96.375,96.375,50
1781283600,96.375,96.375,96.375,96.375,52
1781283840,96.375,96.375,96.375,96.375,1
1781283960,96.375,96.375,96.375,96.375,342
1781284020,96.375,96.375,96.375,96.375,155
1781284080,96.375,96.375,96.375,96.375,40
1781284140,96.375,96.375,96.375,96.375,233
1781284200,96.375,96.375,96.375,96.375,20
1781284260,96.375,96.375,96.375,96.375,26
1781284320,96.375,96.375,96.375,96.375,4
1781284380,96.375,96.375,96.375,96.375,70
1781284440,96.375,96.375,96.375,96.375,307
1781284500,96.375,96.375,96.375,96.375,13
1781284560,96.375,96.375,96.375,96.375,52
1781284680,96.375,96.375,96.375,96.375,44
1781284860,96.375,96.375,96.375,96.375,13
1781284920,96.375,96.375,96.375,96.375,31
1781284980,96.375,96.375,96.375,96.375,32
1781285100,96.375,96.375,96.375,96.375,19
1781285160,96.375,96.375,96.375,96.375,1
1781285280,96.375,96.375,96.375,96.375,2
1781286840,96.375,96.375,96.375,96.375,16
1781286900,96.375,96.375,96.375,96.375,3
1781287320,96.375,96.375,96.375,96.375,5
1781287560,96.375,96.375,96.375,96.375,2
1781287860,96.375,96.375,96.375,96.375,19
1781288280,96.375,96.375,96.375,96.375,6
1781288460,96.375,96.375,96.375,96.375,9
1781288580,96.375,96.375,96.375,96.375,1
1781289600,96.375,96.375,96.375,96.375,12
1781290020,96.375,96.375,96.375,96.375,3
1781290380,96.37,96.37,96.37,96.37,100
1781290800,96.375,96.375,96.375,96.375,3
1781291280,96.37,96.37,96.37,96.37,100
1781291760,96.37,96.37,96.37,96.37,100
1781291820,96.37,96.37,96.37,96.37,100
1781292480,96.375,96.375,96.375,96.375,45
1781292660,96.375,96.375,96.375,96.375,2
1781292960,96.375,96.375,96.375,96.375,235
1781293020,96.375,96.375,96.375,96.375,10
1781293680,96.375,96.375,96.375,96.375,1
1781293800,96.37,96.37,96.37,96.37,1
1781293920,96.37,96.375,96.37,96.375,101
1781294040,96.375,96.375,96.375,96.375,107
1781294100,96.375,96.375,96.375,96.375,10
1781294220,96.375,96.375,96.375,96.375,6
1781294460,96.375,96.375,96.375,96.375,18
1781295000,96.375,96.375,96.375,96.375,1
1781295060,96.37,96.375,96.37,96.375,46
1781295120,96.375,96.375,96.375,96.375,12
1781295180,96.375,96.375,96.375,96.375,2
1781295240,96.375,96.375,96.375,96.375,50
1781295300,96.375,96.375,96.375,96.375,3
1781295480,96.375,96.375,96.375,96.375,2
1781296080,96.375,96.375,96.375,96.375,1
1781296320,96.375,96.375,96.375,96.375,4
1781297100,96.375,96.375,96.375,96.375,126
1781297760,96.375,96.375,96.375,96.375,6
1781297820,96.375,96.375,96.375,96.375,1
1781297880,96.375,96.375,96.375,96.375,10
1781297940,96.37,96.375,96.37,96.375,52
1781474400,96.375,96.375,96.375,96.375,1004
1781474520,96.375,96.375,96.375,96.375,30
1781474880,96.375,96.375,96.375,96.375,361
1781475000,96.375,96.375,96.375,96.375,1
1781475060,96.375,96.375,96.375,96.375,1
1781475120,96.375,96.375,96.375,96.375,1
1781475180,96.375,96.375,96.375,96.375,1
1781475300,96.375,96.375,96.375,96.375,3
1781475720,96.375,96.375,96.375,96.375,34
1781475960,96.375,96.375,96.375,96.375,595
1781476260,96.375,96.375,96.375,96.375,127
1781476440,96.375,96.375,96.375,96.375,1
1781476500,96.375,96.375,96.375,96.375,215
1781476980,96.375,96.375,96.375,96.375,14
1781477040,96.375,96.375,96.375,96.375,79
1781480280,96.38,96.38,96.38,96.38,130
1781482020,96.375,96.375,96.375,96.375,5
1781484900,96.375,96.375,96.375,96.375,1
1781487060,96.375,96.375,96.375,96.375,30
1781487120,96.375,96.375,96.375,96.375,5
1781487360,96.375,96.375,96.375,96.375,41
1781500320,96.375,96.375,96.375,96.375,3
1781503200,96.375,96.375,96.375,96.375,3
1781506380,96.375,96.375,96.375,96.375,39
1781506560,96.375,96.375,96.375,96.375,18
1781511540,96.375,96.375,96.375,96.375,1
1781511960,96.375,96.375,96.375,96.375,1
1781512260,96.375,96.375,96.375,96.375,1
1781513160,96.375,96.375,96.375,96.375,4550
1781513220,96.375,96.375,96.375,96.375,330
1781513280,96.375,96.375,96.375,96.375,199
1781513460,96.375,96.375,96.375,96.375,15
1781513880,96.375,96.375,96.375,96.375,98
1781514360,96.375,96.375,96.375,96.375,730
1781514780,96.375,96.375,96.375,96.375,375
1781514840,96.375,96.375,96.375,96.375,14
1781514900,96.375,96.375,96.375,96.375,69
1781514960,96.375,96.375,96.375,96.375,36
1781515800,96.375,96.375,96.375,96.375,97
1781515980,96.375,96.375,96.375,96.375,5
1781516100,96.375,96.375,96.375,96.375,49
1781516280,96.375,96.375,96.375,96.375,10
1781516640,96.375,96.375,96.375,96.375,3
1781517300,96.375,96.375,96.375,96.375,21
1781517960,96.375,96.375,96.375,96.375,411
1781518020,96.375,96.375,96.375,96.375,109
1781518140,96.375,96.375,96.375,96.375,10
1781519100,96.375,96.375,96.375,96.375,1
1781519160,96.375,96.375,96.375,96.375,3
1781519820,96.375,96.375,96.375,96.375,10
1781520660,96.375,96.375,96.375,96.375,738
1781520720,96.375,96.375,96.375,96.375,48
1781520780,96.375,96.375,96.375,96.375,1
1781521080,96.375,96.375,96.375,96.375,4
1781521320,96.375,96.375,96.375,96.375,20
1781521560,96.375,96.375,96.375,96.375,72
1781521740,96.375,96.375,96.375,96.375,158
1781521860,96.375,96.375,96.375,96.375,1
1781522100,96.375,96.375,96.375,96.375,25
1781522880,96.375,96.375,96.375,96.375,132
1781523000,96.375,96.375,96.375,96.375,5
1781523060,96.375,96.375,96.375,96.375,2
1781523180,96.375,96.375,96.375,96.375,5
1781523300,96.375,96.375,96.375,96.375,1
1781523780,96.375,96.375,96.375,96.375,8
1781524140,96.375,96.375,96.375,96.375,7
1781524800,96.375,96.375,96.375,96.375,5
1781525220,96.375,96.375,96.375,96.375,3
1781525940,96.37,96.37,96.37,96.37,25
1781526300,96.375,96.375,96.375,96.375,26
1781526420,96.375,96.375,96.375,96.375,33
1781526540,96.375,96.375,96.375,96.375,5
1781527080,96.375,96.375,96.375,96.375,26
1781527380,96.37,96.37,96.37,96.37,50
1781527440,96.37,96.37,96.37,96.37,23
1781527860,96.37,96.37,96.37,96.37,1
1781527980,96.37,96.37,96.37,96.37,6
1781528040,96.37,96.37,96.37,96.37,1
1781528280,96.37,96.37,96.37,96.37,1
1781528340,96.37,96.37,96.37,96.37,14
1781529180,96.37,96.37,96.37,96.37,23
1781529420,96.37,96.375,96.37,96.375,29
1781529540,96.375,96.375,96.375,96.375,119
1781529600,96.37,96.37,96.37,96.37,8
1781529720,96.37,96.37,96.37,96.37,23
1781530260,96.37,96.37,96.37,96.37,46
1781530560,96.37,96.37,96.37,96.37,23
1781530740,96.37,96.37,96.37,96.37,23
1781530980,96.37,96.37,96.37,96.37,23
1781531040,96.375,96.375,96.375,96.375,2
1781531280,96.37,96.375,96.37,96.375,23
1781531640,96.375,96.375,96.375,96.375,7
1781532060,96.37,96.37,96.37,96.37,8
1781532300,96.37,96.37,96.37,96.37,200
1781532600,96.37,96.37,96.37,96.37,30
1781532900,96.37,96.37,96.37,96.37,16
1781533560,96.37,96.37,96.37,96.37,2
1781533680,96.375,96.375,96.375,96.375,412
1781533800,96.37,96.37,96.37,96.37,7
1781534040,96.375,96.375,96.375,96.375,26
1781534100,96.37,96.37,96.37,96.37,73
1781534160,96.37,96.37,96.37,96.37,50
1781534580,96.375,96.375,96.37,96.37,12
1781535660,96.37,96.37,96.37,96.37,15
1781535840,96.37,96.37,96.37,96.37,201
1781536260,96.37,96.37,96.37,96.37,9
1781536320,96.37,96.37,96.37,96.37,14
1781536560,96.375,96.375,96.375,96.375,7
1781536920,96.375,96.375,96.375,96.375,77
1781536980,96.375,96.375,96.375,96.375,10
1781537220,96.37,96.37,96.37,96.37,25
1781537460,96.375,96.375,96.375,96.375,1
1781537700,96.37,96.37,96.37,96.37,24
1781538420,96.375,96.375,96.375,96.375,1
1781538660,96.37,96.37,96.37,96.37,280
1781539080,96.37,96.37,96.37,96.37,23
1781539140,96.37,96.37,96.37,96.37,1
1781539200,96.37,96.37,96.37,96.37,7
1781539260,96.37,96.37,96.37,96.37,25
1781539320,96.37,96.37,96.37,96.37,3
1781539380,96.37,96.37,96.37,96.37,3
1781539440,96.37,96.37,96.37,96.37,2
1781539500,96.37,96.37,96.37,96.37,3
1781539560,96.37,96.37,96.37,96.37,2
1781539620,96.37,96.37,96.37,96.37,2
1781539680,96.37,96.37,96.37,96.37,2
1781539740,96.37,96.37,96.37,96.37,1
1781539800,96.37,96.37,96.37,96.37,3
1781539860,96.37,96.37,96.37,96.37,3
1781539920,96.37,96.37,96.37,96.37,22
1781539980,96.37,96.37,96.37,96.37,2
1781540040,96.37,96.37,96.37,96.37,1
1781540100,96.37,96.37,96.37,96.37,1
1781540160,96.37,96.37,96.37,96.37,1
1781540220,96.37,96.37,96.37,96.37,1
1781540280,96.37,96.37,96.37,96.37,1
1781540340,96.37,96.37,96.37,96.37,202
1781540400,96.37,96.37,96.37,96.37,1
1781540460,96.37,96.37,96.37,96.37,1
1781540520,96.37,96.37,96.37,96.37,1
1781540580,96.37,96.37,96.37,96.37,2
1781540640,96.37,96.37,96.37,96.37,2
1781540700,96.37,96.37,96.37,96.37,21
1781540760,96.37,96.37,96.37,96.37,1
1781540880,96.37,96.37,96.37,96.37,1
1781541120,96.37,96.37,96.37,96.37,23
1781541180,96.37,96.37,96.37,96.37,4
1781541300,96.37,96.37,96.37,96.37,30
1781541480,96.37,96.37,96.37,96.37,8
1781541540,96.375,96.375,96.375,96.375,400
1781541660,96.37,96.37,96.37,96.37,8
1781542200,96.37,96.37,96.37,96.37,7
1781542440,96.37,96.37,96.37,96.37,3
1781542620,96.37,96.37,96.37,96.37,20
1781542680,96.37,96.37,96.37,96.37,23
1781542800,96.37,96.37,96.37,96.37,419
1781543520,96.37,96.37,96.37,96.37,1
1781543820,96.37,96.37,96.37,96.37,23
1781543880,96.37,96.37,96.37,96.37,2
1781544180,96.37,96.37,96.37,96.37,423
1781544240,96.37,96.37,96.37,96.37,5
1781544300,96.37,96.37,96.37,96.37,18
1781544480,96.37,96.37,96.37,96.37,23
1781544780,96.375,96.375,96.375,96.375,73
1781545140,96.37,96.37,96.37,96.37,23
1781545500,96.37,96.37,96.37,96.37,200
1781546040,96.37,96.37,96.37,96.37,50
1781547000,96.375,96.375,96.375,96.375,153
1781547120,96.375,96.375,96.375,96.375,50
1781547180,96.375,96.375,96.375,96.375,35
1781547480,96.375,96.375,96.375,96.375,12
1781548140,96.37,96.37,96.37,96.37,85
1781548860,96.37,96.37,96.37,96.37,239
1781548920,96.37,96.37,96.37,96.37,88
1781549580,96.37,96.37,96.37,96.37,1
1781549880,96.37,96.37,96.37,96.37,312
1781549940,96.375,96.375,96.375,96.375,2
1781551260,96.37,96.37,96.37,96.37,182
1781551320,96.37,96.37,96.37,96.37,99
1781551500,96.37,96.37,96.37,96.37,25
1781552700,96.37,96.37,96.37,96.37,3
1781552820,96.37,96.37,96.37,96.37,23
1781553120,96.37,96.37,96.37,96.37,59
1781553480,96.37,96.37,96.37,96.37,173
1781553540,96.375,96.375,96.37,96.37,139
1781553600,96.375,96.375,96.375,96.375,86
1781553780,96.37,96.37,96.37,96.37,42
1781553900,96.37,96.37,96.37,96.37,2
1781554080,96.37,96.37,96.37,96.37,7
1781554140,96.37,96.37,96.37,96.37,19
1781554200,96.37,96.37,96.37,96.37,77
1781554260,96.37,96.37,96.37,96.37,30
1781554320,96.37,96.37,96.37,96.37,15
1781554500,96.37,96.37,96.37,96.37,19
1781554620,96.37,96.37,96.37,96.37,15
1781554680,96.37,96.37,96.37,96.37,22
1781554860,96.375,96.375,96.375,96.375,33
1781555100,96.37,96.37,96.37,96.37,499
1781555160,96.37,96.37,96.37,96.37,628
1781555220,96.37,96.37,96.37,96.37,46
1781555400,96.37,96.37,96.37,96.37,668
1781555520,96.37,96.37,96.37,96.37,50
1781555580,96.37,96.37,96.37,96.37,118
1781555640,96.37,96.37,96.37,96.37,90
1781555700,96.37,96.37,96.37,96.37,2
1781555760,96.37,96.37,96.37,96.37,150
1781556000,96.37,96.37,96.37,96.37,150
1781556600,96.37,96.37,96.37,96.37,1
1781556840,96.37,96.37,96.37,96.37,2
1781556960,96.37,96.37,96.37,96.37,2
1781557080,96.375,96.375,96.375,96.375,1
1781557140,96.375,96.375,96.37,96.37,15
1781560800,96.37,96.37,96.37,96.37,550
1781560920,96.37,96.37,96.37,96.37,19
1781561220,96.37,96.37,96.37,96.37,9
1781561580,96.37,96.37,96.37,96.37,3
1781564940,96.37,96.37,96.37,96.37,3
1781565000,96.37,96.37,96.37,96.37,100
1781570940,96.37,96.37,96.37,96.37,1
1781572980,96.37,96.37,96.37,96.37,13
1781575260,96.37,96.37,96.37,96.37,4
1781577480,96.37,96.37,96.37,96.37,1
1781577540,96.37,96.37,96.37,96.37,1
1781583420,96.37,96.37,96.37,96.37,5
1781589000,96.37,96.37,96.37,96.37,250
1781589960,96.37,96.37,96.37,96.37,4009
1781590020,96.37,96.37,96.37,96.37,331
1781592420,96.37,96.37,96.37,96.37,11
1781592540,96.37,96.37,96.37,96.37,1290
1781592720,96.37,96.37,96.37,96.37,500
1781594340,96.37,96.37,96.37,96.37,8
1781597280,96.37,96.37,96.37,96.37,18
1781598960,96.37,96.37,96.37,96.37,750
1781599080,96.37,96.37,96.37,96.37,600
1781599200,96.37,96.37,96.37,96.37,5
1781600340,96.37,96.37,96.37,96.37,10
1781600520,96.37,96.37,96.37,96.37,10
1781600820,96.37,96.37,96.37,96.37,5
1781601360,96.37,96.37,96.37,96.37,59
1781601420,96.37,96.37,96.37,96.37,518
1781602380,96.37,96.37,96.37,96.37,3
1781602440,96.375,96.375,96.375,96.375,1
1781602620,96.37,96.37,96.37,96.37,9
1781602680,96.37,96.37,96.37,96.37,3
1781603760,96.37,96.37,96.37,96.37,3
1781604060,96.37,96.37,96.37,96.37,603
1781604540,96.37,96.37,96.37,96.37,50
1781604780,96.37,96.37,96.37,96.37,496
1781604900,96.37,96.37,96.37,96.37,332
1781604960,96.37,96.37,96.37,96.37,30
1781605020,96.37,96.37,96.37,96.37,43
1781605620,96.37,96.37,96.37,96.37,41
1781605680,96.37,96.37,96.37,96.37,30
1781605800,96.37,96.37,96.37,96.37,1362
1781605860,96.37,96.37,96.37,96.37,250
1781605980,96.37,96.37,96.37,96.37,141
1781606100,96.37,96.37,96.37,96.37,284
1781606220,96.37,96.37,96.37,96.37,38
1781606280,96.37,96.37,96.37,96.37,2
1781606400,96.37,96.37,96.37,96.37,25
1781606640,96.37,96.37,96.37,96.37,57
1781607000,96.37,96.37,96.37,96.37,110
1781607180,96.37,96.37,96.37,96.37,92
1781607240,96.37,96.37,96.37,96.37,97
1781607600,96.37,96.37,96.37,96.37,416
1781608560,96.37,96.37,96.37,96.37,21
1781608800,96.37,96.37,96.37,96.37,307
1781608860,96.37,96.37,96.37,96.37,72
1781608920,96.37,96.37,96.365,96.365,776
1781610000,96.37,96.37,96.37,96.37,177
1781610900,96.365,96.365,96.365,96.365,4
1781611680,96.37,96.37,96.37,96.37,144
1781612100,96.37,96.37,96.37,96.37,7
1781612640,96.37,96.37,96.37,96.37,8
1781612820,96.37,96.37,96.37,96.37,20
1781612880,96.365,96.365,96.365,96.365,12
1781613000,96.37,96.37,96.37,96.37,11
1781613540,96.37,96.37,96.37,96.37,3
1781613960,96.37,96.37,96.37,96.37,71
1781614680,96.37,96.37,96.37,96.37,24
1781614740,96.365,96.365,96.365,96.365,3228
1781614800,96.365,96.365,96.365,96.365,100
1781615520,96.37,96.37,96.37,96.37,2
1781615640,96.365,96.365,96.365,96.365,8
1781615700,96.37,96.37,96.37,96.37,1
1781616060,96.37,96.37,96.37,96.37,6
1781616300,96.365,96.365,96.365,96.365,6
1781616480,96.365,96.365,96.365,96.365,17
1781616600,96.365,96.365,96.365,96.365,23
1781616660,96.365,96.365,96.365,96.365,15
1781617080,96.365,96.365,96.365,96.365,10
1781617140,96.365,96.365,96.365,96.365,2
1781617200,96.37,96.37,96.37,96.37,12
1781617380,96.365,96.365,96.365,96.365,105
1781617620,96.37,96.37,96.37,96.37,30
1781617920,96.365,96.365,96.365,96.365,200
1781618160,96.365,96.365,96.365,96.365,20
1781618280,96.365,96.365,96.365,96.365,10
1781618460,96.365,96.365,96.365,96.365,18
1781618580,96.365,96.365,96.365,96.365,27
1781618760,96.365,96.365,96.365,96.365,8
1781618820,96.365,96.37,96.365,96.37,13
1781618940,96.37,96.37,96.37,96.37,37
1781619720,96.365,96.365,96.365,96.365,57
1781620320,96.365,96.365,96.365,96.365,15
1781621280,96.37,96.37,96.37,96.37,2
1781621460,96.365,96.365,96.365,96.365,15
1781621940,96.365,96.365,96.365,96.365,206
1781622600,96.365,96.365,96.365,96.365,25
1781623980,96.37,96.37,96.37,96.37,14
1781625120,96.37,96.37,96.37,96.37,10
1781625180,96.37,96.37,96.37,96.37,554
1781625360,96.37,96.37,96.37,96.37,30
1781626140,96.37,96.37,96.37,96.37,5
1781626260,96.37,96.37,96.37,96.37,1
1781626320,96.37,96.37,96.37,96.37,7
1781627340,96.37,96.37,96.365,96.365,76
1781627520,96.37,96.37,96.37,96.37,100
1781627700,96.37,96.37,96.37,96.37,111
1781628120,96.37,96.37,96.37,96.37,14
1781628300,96.365,96.365,96.365,96.365,1
1781628660,96.365,96.365,96.365,96.365,73
1781629140,96.37,96.37,96.37,96.37,5
1781629320,96.365,96.365,96.365,96.365,29
1781630100,96.37,96.37,96.37,96.37,17
1781630340,96.365,96.365,96.365,96.365,25
1781631360,96.365,96.365,96.365,96.365,1
1781631480,96.37,96.37,96.37,96.37,2
1781631540,96.37,96.37,96.37,96.37,10
1781632440,96.37,96.37,96.365,96.365,9
1781632860,96.37,96.37,96.37,96.37,99
1781632980,96.37,96.37,96.37,96.37,148
1781633100,96.365,96.365,96.365,96.365,64
1781633280,96.365,96.365,96.365,96.365,8
1781633520,96.37,96.37,96.37,96.37,12
1781634660,96.365,96.365,96.365,96.365,8
1781635140,96.37,96.37,96.37,96.37,121
1781635560,96.365,96.365,96.365,96.365,25
1781635620,96.365,96.365,96.365,96.365,9
1781635860,96.365,96.365,96.365,96.365,10
1781636160,96.365,96.365,96.365,96.365,4
1781636340,96.37,96.37,96.37,96.37,204
1781636520,96.365,96.365,96.365,96.365,4
1781637120,96.365,96.365,96.365,96.365,1
1781637660,96.37,96.37,96.365,96.365,18
1781637960,96.37,96.37,96.37,96.37,6
1781638320,96.37,96.37,96.37,96.37,7
1781639580,96.37,96.37,96.37,96.37,13
1781639880,96.37,96.37,96.37,96.37,204
1781640240,96.37,96.37,96.37,96.37,1
1781640480,96.37,96.37,96.37,96.37,3
1781640600,96.37,96.37,96.37,96.37,12
1781640720,96.37,96.37,96.37,96.37,2
1781640960,96.365,96.365,96.365,96.365,5
1781641380,96.365,96.365,96.365,96.365,200
1781641440,96.365,96.365,96.365,96.365,20
1781641500,96.365,96.37,96.365,96.365,360
1781641620,96.365,96.365,96.365,96.365,20
1781641740,96.365,96.365,96.365,96.365,2
1781641800,96.365,96.365,96.365,96.365,100
1781642280,96.37,96.37,96.37,96.37,31
1781642700,96.37,96.37,96.37,96.37,922
1781642760,96.37,96.37,96.37,96.37,243
1781642820,96.37,96.37,96.37,96.37,57
1781642940,96.37,96.37,96.37,96.37,29
1781643000,96.37,96.37,96.37,96.37,7
1781643540,96.37,96.37,96.365,96.37,132
1781648280,96.37,96.37,96.37,96.37,25
1781651100,96.37,96.37,96.37,96.37,3
1781651760,96.37,96.37,96.37,96.37,1
1781655420,96.365,96.365,96.365,96.365,2
1781664480,96.365,96.365,96.365,96.365,105
1781672280,96.365,96.365,96.365,96.365,46
1781685300,96.37,96.37,96.37,96.37,1
1781685780,96.37,96.37,96.37,96.37,17
1781685960,96.37,96.37,96.37,96.37,5
1781687400,96.37,96.37,96.37,96.37,62
1781687700,96.365,96.37,96.365,96.37,24
1781690280,96.37,96.37,96.37,96.37,3
1781694120,96.37,96.37,96.37,96.37,103
1781694720,96.365,96.365,96.365,96.365,163
1781694840,96.365,96.37,96.365,96.365,151
1781696040,96.37,96.37,96.37,96.37,34
1781698200,96.37,96.37,96.37,96.37,1
1781698380,96.37,96.37,96.37,96.37,1
1781698440,96.365,96.365,96.365,96.365,3
1781698500,96.365,96.365,96.365,96.365,100
1781699340,96.365,96.365,96.365,96.365,72
1781699460,96.37,96.37,96.37,96.37,12
1781700000,96.37,96.37,96.37,96.37,11
1781700780,96.37,96.37,96.37,96.37,1
1781701080,96.37,96.37,96.37,96.37,12
1781701200,96.365,96.365,96.365,96.365,550
1781701260,96.365,96.365,96.365,96.365,500
1781701320,96.365,96.365,96.365,96.365,39
1781701800,96.365,96.37,96.365,96.37,151
1781701980,96.365,96.365,96.365,96.365,349
1781702520,96.365,96.365,96.365,96.365,7
1781703180,96.365,96.365,96.365,96.365,78
1781703480,96.37,96.37,96.37,96.37,254
1781703720,96.365,96.365,96.365,96.365,78
1781703780,96.365,96.365,96.365,96.365,4
1781703840,96.365,96.365,96.365,96.365,6
1781704020,96.365,96.365,96.365,96.365,2
1781704320,96.365,96.365,96.365,96.365,1
1781704440,96.365,96.365,96.365,96.365,4
1781705760,96.365,96.365,96.365,96.365,12
1781706120,96.365,96.365,96.365,96.365,20
1781707080,96.365,96.365,96.365,96.365,1
1781707620,96.365,96.365,96.365,96.365,2
1781707680,96.365,96.365,96.365,96.365,744
1781707740,96.365,96.365,96.365,96.365,3
1781707920,96.37,96.37,96.37,96.37,127
1781709540,96.365,96.365,96.365,96.365,1
1781709660,96.365,96.365,96.365,96.365,8
1781709720,96.365,96.365,96.365,96.365,2
1781709780,96.365,96.365,96.365,96.365,16
1781709900,96.365,96.365,96.365,96.365,1
1781710020,96.365,96.365,96.365,96.365,10
1781710380,96.365,96.37,96.365,96.37,465
1781710440,96.365,96.365,96.365,96.365,1
1781710500,96.37,96.37,96.37,96.37,600
1781711160,96.365,96.365,96.365,96.365,2
1781711580,96.365,96.37,96.365,96.37,178
1781711700,96.365,96.365,96.365,96.365,5
1781712000,96.37,96.37,96.37,96.37,7
1781713140,96.365,96.365,96.365,96.365,60
1781713320,96.37,96.37,96.37,96.37,1
1781713380,96.37,96.37,96.37,96.37,1
1781713440,96.37,96.37,96.37,96.37,1
1781713500,96.37,96.37,96.37,96.37,1
1781713680,96.37,96.37,96.37,96.37,1
1781713740,96.37,96.37,96.37,96.37,1
1781714220,96.365,96.365,96.365,96.365,20
1781714460,96.37,96.37,96.37,96.37,1
1781714880,96.365,96.365,96.365,96.365,29
1781715060,96.365,96.365,96.365,96.365,500
1781716080,96.365,96.365,96.365,96.365,25
1781716860,96.365,96.365,96.365,96.365,39
1781717220,96.37,96.37,96.37,96.37,75
1781717340,96.365,96.365,96.365,96.365,240
1781717460,96.365,96.365,96.365,96.365,1200
1781717520,96.365,96.365,96.365,96.365,625
1781717700,96.365,96.365,96.365,96.365,3
1781717760,96.365,96.365,96.365,96.365,1014
1781717820,96.365,96.365,96.365,96.365,8457
1781717880,96.365,96.365,96.365,96.365,1364
1781718060,96.365,96.365,96.365,96.365,43
1781718120,96.365,96.365,96.365,96.365,1
1781718240,96.365,96.365,96.365,96.365,503
1781718360,96.365,96.365,96.365,96.365,453
1781718660,96.365,96.365,96.365,96.365,89
1781718720,96.365,96.365,96.365,96.365,522
1781718780,96.365,96.365,96.365,96.365,1
1781718840,96.365,96.365,96.365,96.365,131
1781718900,96.365,96.365,96.365,96.365,27
1781718960,96.365,96.365,96.365,96.365,1
1781719020,96.365,96.365,96.365,96.365,42
1781719080,96.365,96.365,96.365,96.365,19
1781719140,96.36,96.365,96.36,96.365,1702
1781719200,96.36,96.365,96.36,96.365,4338
1781719260,96.365,96.365,96.365,96.365,1618
1781719320,96.365,96.365,96.36,96.36,217
1781719380,96.365,96.365,96.36,96.36,388
1781719440,96.36,96.36,96.36,96.36,70
1781719500,96.36,96.365,96.36,96.36,6108
1781719560,96.36,96.36,96.36,96.36,3688
1781719620,96.36,96.36,96.36,96.36,909
1781719680,96.36,96.36,96.36,96.36,4510
1781719740,96.36,96.36,96.36,96.36,2611
1781719800,96.36,96.36,96.36,96.36,923
1781719860,96.36,96.365,96.36,96.36,2769
1781719920,96.36,96.36,96.36,96.36,234
1781719980,96.36,96.36,96.36,96.36,7
1781720220,96.365,96.365,96.365,96.365,624
1781720280,96.365,96.365,96.365,96.365,4
1781720340,96.365,96.365,96.365,96.365,119
1781720640,96.365,96.365,96.365,96.365,25
1781720700,96.365,96.365,96.36,96.36,11
1781720760,96.36,96.365,96.36,96.36,936
1781720820,96.36,96.365,96.36,96.36,414
1781720880,96.36,96.36,96.36,96.36,200
1781721000,96.36,96.36,96.36,96.36,2
1781721120,96.365,96.365,96.36,96.36,270
1781721180,96.36,96.36,96.36,96.36,242
1781721240,96.36,96.36,96.36,96.36,1114
1781721300,96.36,96.36,96.36,96.36,734
1781721360,96.36,96.36,96.36,96.36,8
1781721420,96.36,96.36,96.36,96.36,641
1781721480,96.36,96.36,96.36,96.36,150
1781721540,96.365,96.365,96.365,96.365,1
1781721660,96.36,96.36,96.36,96.36,311
1781721720,96.36,96.365,96.36,96.36,783
1781721780,96.36,96.36,96.36,96.36,1456
1781721840,96.36,96.36,96.355,96.36,1553
1781721900,96.36,96.36,96.36,96.36,1609
1781722020,96.36,96.36,96.36,96.36,173
1781722080,96.36,96.36,96.36,96.36,1426
1781722140,96.36,96.36,96.36,96.36,28
1781722200,96.36,96.36,96.36,96.36,102
1781722260,96.36,96.36,96.36,96.36,306
1781722320,96.36,96.36,96.36,96.36,100
1781722440,96.36,96.36,96.36,96.36,64
1781722500,96.36,96.36,96.36,96.36,64
1781722620,96.36,96.36,96.36,96.36,356
1781722680,96.36,96.36,96.36,96.36,582
1781722740,96.36,96.36,96.36,96.36,5
1781722920,96.355,96.355,96.355,96.355,19
1781722980,96.355,96.355,96.355,96.355,220
1781723040,96.355,96.355,96.355,96.355,1241
1781723100,96.355,96.36,96.355,96.355,343
1781723160,96.355,96.355,96.355,96.355,1573
1781723220,96.355,96.355,96.355,96.355,243
1781723280,96.355,96.355,96.355,96.355,196
1781723340,96.355,96.355,96.355,96.355,118
1781723400,96.355,96.355,96.355,96.355,330
1781723460,96.355,96.355,96.355,96.355,102
1781723640,96.36,96.36,96.36,96.36,2
1781723760,96.36,96.36,96.36,96.36,89
1781723820,96.36,96.36,96.36,96.36,46
1781723940,96.36,96.36,96.36,96.36,4
1781724000,96.36,96.36,96.36,96.36,235
1781724180,96.355,96.355,96.355,96.355,3
1781724240,96.36,96.36,96.36,96.36,23
1781724300,96.36,96.36,96.36,96.36,6
1781724360,96.36,96.36,96.36,96.36,1
1781724600,96.355,96.36,96.355,96.36,106
1781724720,96.36,96.36,96.36,96.36,200
1781724780,96.355,96.36,96.355,96.355,50
1781725020,96.355,96.355,96.355,96.355,1
1781725080,96.355,96.355,96.355,96.355,24
1781725140,96.355,96.355,96.355,96.355,42
1781725200,96.355,96.355,96.355,96.355,5768
1781725260,96.355,96.355,96.355,96.355,1836
1781725320,96.355,96.355,96.355,96.355,180
1781725380,96.355,96.355,96.355,96.355,106
1781725440,96.36,96.36,96.355,96.355,37
1781725560,96.355,96.355,96.355,96.355,360
1781725620,96.355,96.355,96.355,96.355,6
1781725680,96.355,96.355,96.355,96.355,30
1781725740,96.355,96.355,96.355,96.355,3514
1781725800,96.355,96.355,96.355,96.355,15
1781725860,96.355,96.355,96.355,96.355,9
1781725920,96.355,96.36,96.355,96.355,46
1781726040,96.36,96.36,96.36,96.36,1200
1781726100,96.355,96.355,96.355,96.355,63
1781726220,96.355,96.355,96.355,96.355,20
1781726280,96.355,96.355,96.355,96.355,19
1781726340,96.355,96.355,96.355,96.355,32
1781726400,96.355,96.355,96.355,96.355,8
1781726460,96.355,96.355,96.355,96.355,3
1781726520,96.355,96.355,96.355,96.355,11
1781726580,96.355,96.355,96.355,96.355,4
1781726640,96.355,96.355,96.355,96.355,3
1781726700,96.355,96.355,96.355,96.355,3
1781726820,96.355,96.355,96.355,96.355,103
1781726940,96.355,96.355,96.355,96.355,17
1781727060,96.355,96.355,96.355,96.355,17
1781727180,96.355,96.355,96.355,96.355,3
1781727240,96.355,96.355,96.355,96.355,370
1781727300,96.355,96.355,96.355,96.355,21
1781727360,96.355,96.355,96.355,96.355,113
1781727600,96.355,96.355,96.355,96.355,1427
1781727720,96.355,96.355,96.355,96.355,25
1781727780,96.355,96.355,96.355,96.355,9
1781727840,96.355,96.355,96.355,96.355,18
1781727900,96.355,96.355,96.355,96.355,136
1781727960,96.355,96.355,96.355,96.355,8
1781728140,96.355,96.355,96.355,96.355,297
1781728260,96.355,96.355,96.355,96.355,1
1781728440,96.355,96.355,96.355,96.355,20
1781728500,96.36,96.36,96.355,96.355,24
1781728680,96.36,96.36,96.36,96.36,16
1781729040,96.36,96.36,96.36,96.36,39
1781729160,96.36,96.36,96.36,96.36,3
1781729520,96.36,96.36,96.36,96.36,658
1781729580,96.36,96.36,96.36,96.36,805
1781729640,96.355,96.355,96.355,96.355,1
1781729700,96.355,96.36,96.355,96.36,51
1781729820,96.36,96.36,96.36,96.36,29
1781729880,96.36,96.36,96.36,96.36,3
1781729940,96.36,96.36,96.36,96.36,33
1781733600,96.36,96.36,96.36,96.36,12
1781735160,96.36,96.36,96.36,96.36,2
1781740680,96.355,96.355,96.355,96.355,6
1781741520,96.36,96.36,96.36,96.36,500
1781741940,96.36,96.36,96.36,96.36,1000
1781744340,96.355,96.355,96.355,96.355,114
1781745660,96.36,96.36,96.36,96.36,156
1781745900,96.36,96.36,96.36,96.36,100
1781746140,96.36,96.36,96.36,96.36,4176
1781747220,96.36,96.36,96.36,96.36,41
1781747520,96.36,96.36,96.36,96.36,11
1781748540,96.36,96.36,96.36,96.36,14
1781749020,96.36,96.36,96.36,96.36,7
1781753700,96.365,96.365,96.365,96.365,1
1781754060,96.36,96.36,96.36,96.36,15
1781756220,96.36,96.36,96.36,96.36,466
1781760120,96.36,96.36,96.36,96.36,13
1781761980,96.36,96.36,96.36,96.36,600
1781763360,96.365,96.365,96.365,96.365,4
1781763900,96.36,96.36,96.36,96.36,69
1781764200,96.36,96.36,96.36,96.36,4
1781764320,96.36,96.36,96.36,96.36,1
1781764920,96.36,96.36,96.36,96.36,443
1781765040,96.36,96.36,96.36,96.36,6
1781765100,96.36,96.36,96.36,96.36,54
1781766720,96.36,96.36,96.36,96.36,32
1781766840,96.36,96.36,96.36,96.36,1
1781767260,96.365,96.365,96.365,96.365,48
1781767440,96.365,96.365,96.365,96.365,3
1781768400,96.365,96.365,96.365,96.365,4
1781769480,96.365,96.365,96.365,96.365,19
1781769540,96.36,96.36,96.36,96.36,18
1781771220,96.36,96.36,96.36,96.36,7
1781772660,96.365,96.365,96.365,96.365,6
1781772720,96.365,96.365,96.365,96.365,34
1781773800,96.36,96.36,96.36,96.36,750
1781775000,96.36,96.36,96.36,96.36,17
1781775060,96.36,96.36,96.36,96.36,23
1781775960,96.36,96.36,96.36,96.36,2
1781776140,96.36,96.36,96.36,96.36,135
1781776200,96.36,96.36,96.36,96.36,55
1781776260,96.36,96.36,96.36,96.36,22
1781776380,96.365,96.365,96.36,96.36,103
1781776440,96.36,96.36,96.36,96.36,14
1781776740,96.36,96.36,96.36,96.36,1
1781776800,96.36,96.36,96.36,96.36,4
1781776920,96.36,96.36,96.36,96.36,217
1781776980,96.36,96.36,96.36,96.36,262
1781777040,96.36,96.36,96.36,96.36,121
1781777100,96.36,96.36,96.36,96.36,217
1781777160,96.36,96.36,96.36,96.36,31
1781777220,96.36,96.36,96.36,96.36,3
1781777400,96.36,96.36,96.36,96.36,42
1781777820,96.36,96.36,96.36,96.36,454
1781777880,96.36,96.36,96.36,96.36,2797
1781777940,96.36,96.36,96.36,96.36,20
1781778000,96.36,96.36,96.36,96.36,239
1781778060,96.36,96.36,96.36,96.36,15
1781778360,96.36,96.36,96.36,96.36,16
1781778420,96.36,96.36,96.36,96.36,652
1781778780,96.36,96.36,96.36,96.36,6
1781778840,96.36,96.36,96.36,96.36,22
1781779320,96.36,96.36,96.36,96.36,4
1781779620,96.36,96.36,96.36,96.36,519
1781779920,96.36,96.36,96.36,96.36,31
1781779980,96.36,96.36,96.36,96.36,1
1781780280,96.36,96.36,96.36,96.36,8
1781780760,96.36,96.36,96.36,96.36,45
1781780820,96.36,96.36,96.36,96.36,11
1781780940,96.36,96.36,96.36,96.36,288
1781781000,96.36,96.36,96.36,96.36,293
1781781060,96.36,96.36,96.36,96.36,14
1781781240,96.355,96.355,96.355,96.355,6
1781781360,96.36,96.36,96.36,96.36,1321
1781781420,96.36,96.36,96.36,96.36,579
1781781480,96.36,96.36,96.36,96.36,616
1781781720,96.36,96.36,96.36,96.36,50
1781781840,96.36,96.36,96.36,96.36,315
1781781960,96.36,96.36,96.36,96.36,2
1781782020,96.36,96.36,96.36,96.36,91
1781782200,96.36,96.36,96.36,96.36,2
1781782260,96.36,96.36,96.36,96.36,1
1781782500,96.36,96.36,96.36,96.36,1023
1781782560,96.36,96.36,96.36,96.36,13
1781782620,96.36,96.36,96.36,96.36,21
1781782680,96.36,96.36,96.36,96.36,189
1781782740,96.36,96.36,96.36,96.36,1112
1781782800,96.36,96.36,96.36,96.36,4
1781782860,96.36,96.36,96.36,96.36,13
1781783100,96.36,96.36,96.36,96.36,4
1781783160,96.36,96.36,96.36,96.36,155
1781783280,96.36,96.36,96.36,96.36,3
1781783400,96.36,96.36,96.36,96.36,23
1781783580,96.36,96.36,96.36,96.36,1
1781783640,96.36,96.36,96.36,96.36,23
1781783760,96.36,96.36,96.36,96.36,56
1781783820,96.36,96.36,96.36,96.36,111
1781784060,96.36,96.36,96.36,96.36,1
1781784420,96.36,96.36,96.36,96.36,24
1781784660,96.36,96.36,96.36,96.36,4
1781784720,96.36,96.36,96.36,96.36,3
1781784960,96.36,96.36,96.36,96.36,26
1781785080,96.36,96.36,96.36,96.36,4
1781785260,96.36,96.36,96.36,96.36,60
1781785440,96.36,96.36,96.36,96.36,1
1781785680,96.36,96.36,96.36,96.36,1
1781785740,96.36,96.36,96.36,96.36,5
1781786580,96.36,96.36,96.36,96.36,50
1781786640,96.36,96.36,96.36,96.36,2576
1781786700,96.36,96.36,96.36,96.36,1022
1781786820,96.36,96.36,96.36,96.36,202
1781786880,96.36,96.36,96.36,96.36,39
1781787000,96.36,96.36,96.36,96.36,289
1781787060,96.36,96.36,96.36,96.36,141
1781787180,96.36,96.36,96.36,96.36,63
1781787240,96.36,96.36,96.36,96.36,16
1781787360,96.36,96.36,96.36,96.36,176
1781787480,96.36,96.36,96.36,96.36,49
1781787540,96.36,96.36,96.36,96.36,4
1781787600,96.36,96.36,96.36,96.36,214
1781787660,96.36,96.36,96.36,96.36,1
1781787720,96.36,96.36,96.36,96.36,1
1781787840,96.36,96.36,96.36,96.36,3
1781787960,96.36,96.36,96.36,96.36,13
1781788080,96.36,96.36,96.36,96.36,135
1781788200,96.36,96.36,96.36,96.36,1
1781788620,96.36,96.36,96.36,96.36,600
1781788680,96.36,96.36,96.36,96.36,7
1781788740,96.36,96.36,96.36,96.36,30
1781788860,96.365,96.365,96.365,96.365,3
1781789040,96.36,96.36,96.36,96.36,1
1781789100,96.36,96.36,96.36,96.36,1
1781789280,96.36,96.36,96.36,96.36,1
1781789400,96.36,96.36,96.36,96.36,1
1781789460,96.36,96.36,96.36,96.36,153
1781789580,96.36,96.36,96.36,96.36,3
1781789640,96.36,96.36,96.36,96.36,2
1781789700,96.36,96.36,96.36,96.36,1
1781790720,96.36,96.36,96.36,96.36,13
1781790840,96.36,96.36,96.36,96.36,1
1781792100,96.365,96.365,96.365,96.365,2
1781792520,96.36,96.36,96.36,96.36,50
1781792820,96.36,96.36,96.36,96.36,446
1781792880,96.36,96.36,96.36,96.36,61
1781793360,96.36,96.36,96.36,96.36,13
1781794740,96.36,96.36,96.36,96.36,3
1781796120,96.36,96.36,96.36,96.36,50
1781796780,96.36,96.36,96.36,96.36,19
1781797080,96.36,96.36,96.36,96.36,22
1781797260,96.36,96.36,96.36,96.36,1
1781797980,96.36,96.36,96.36,96.36,4
1781798160,96.365,96.365,96.36,96.36,150
1781798640,96.36,96.36,96.36,96.36,651
1781798820,96.36,96.36,96.36,96.36,9
1781799240,96.365,96.365,96.365,96.365,1
1781799300,96.365,96.365,96.365,96.365,1
1781799360,96.365,96.365,96.365,96.365,1
1781799420,96.365,96.365,96.365,96.365,1
1781799480,96.365,96.365,96.36,96.36,8
1781799540,96.365,96.365,96.365,96.365,2
1781799660,96.365,96.365,96.365,96.365,1
1781799720,96.365,96.365,96.365,96.365,1
1781799780,96.365,96.365,96.365,96.365,1
1781799900,96.365,96.365,96.365,96.365,1
1781799960,96.365,96.365,96.365,96.365,1
1781800020,96.36,96.365,96.36,96.365,17
1781804400,96.36,96.36,96.36,96.36,6
1781806980,96.36,96.36,96.36,96.36,16
1781808360,96.36,96.36,96.36,96.36,195
1781809140,96.36,96.36,96.36,96.36,3229
1781809200,96.36,96.36,96.36,96.36,210
1781809260,96.36,96.36,96.36,96.36,3
1781809500,96.36,96.36,96.36,96.36,1
1781809680,96.365,96.365,96.365,96.365,200
1781809860,96.36,96.36,96.36,96.36,12
1781810280,96.36,96.36,96.36,96.36,1
1781810760,96.365,96.365,96.365,96.365,2
1781810820,96.365,96.365,96.365,96.365,3
1781811840,96.36,96.36,96.36,96.36,47
1781811900,96.36,96.36,96.36,96.36,36
1781812560,96.36,96.36,96.36,96.36,17
1781813460,96.36,96.36,96.36,96.36,3
1781814660,96.36,96.36,96.36,96.36,1
1781815560,96.36,96.36,96.36,96.36,1027
1781816160,96.365,96.365,96.365,96.365,100
1781816280,96.36,96.36,96.36,96.36,2
1781816340,96.36,96.36,96.36,96.36,6
1781820000,96.36,96.36,96.36,96.36,59
1781820180,96.36,96.36,96.36,96.36,10
1781820540,96.36,96.36,96.36,96.36,1
1781820900,96.36,96.36,96.36,96.36,1
1781821080,96.36,96.36,96.36,96.36,1736
1781821140,96.36,96.36,96.36,96.36,44
1781821200,96.36,96.36,96.36,96.36,417
1781821320,96.36,96.36,96.36,96.36,13
1781821860,96.36,96.36,96.36,96.36,277
1781821920,96.36,96.36,96.36,96.36,74
1781821980,96.36,96.36,96.36,96.36,3
1781822400,96.36,96.36,96.36,96.36,31
1781823120,96.36,96.36,96.36,96.36,1
1781824020,96.36,96.36,96.36,96.36,21
1781826960,96.36,96.36,96.36,96.36,1
1781828460,96.36,96.36,96.36,96.36,1
1781829540,96.36,96.36,96.36,96.36,1
1781830560,96.36,96.36,96.36,96.36,1
1781831100,96.36,96.36,96.36,96.36,1
1781831340,96.36,96.36,96.36,96.36,1
1781832720,96.36,96.36,96.36,96.36,1
1781833920,96.36,96.36,96.36,96.36,1
1781834460,96.36,96.36,96.36,96.36,1
1781837580,96.36,96.36,96.36,96.36,1
1781838420,96.36,96.36,96.36,96.36,1
1781838900,96.36,96.36,96.36,96.36,217
1781844840,96.36,96.36,96.36,96.36,25
1781845740,96.36,96.36,96.36,96.36,150
1781845800,96.36,96.36,96.36,96.36,20
1781845860,96.36,96.36,96.36,96.36,30
1781845920,96.36,96.36,96.36,96.36,500
1781845980,96.36,96.36,96.36,96.36,160
1781846760,96.36,96.36,96.36,96.36,525
1781848200,96.36,96.36,96.36,96.36,3
1781850900,96.36,96.36,96.36,96.36,252
1781851140,96.36,96.36,96.36,96.36,20
1781851560,96.36,96.36,96.36,96.36,84
1781852580,96.36,96.36,96.36,96.36,102
1781852760,96.36,96.36,96.36,96.36,201
1781852820,96.36,96.36,96.36,96.36,200
1781853300,96.36,96.36,96.36,96.36,100
1781853660,96.36,96.36,96.36,96.36,52
1781854020,96.36,96.36,96.36,96.36,3
1781854080,96.36,96.36,96.36,96.36,88
1781854260,96.36,96.36,96.36,96.36,127
1781854440,96.36,96.36,96.36,96.36,3
1781855040,96.36,96.36,96.36,96.36,3
1781855400,96.36,96.36,96.36,96.36,199
1781855880,96.36,96.36,96.36,96.36,100
1781856060,96.36,96.36,96.36,96.36,29
1781856120,96.36,96.36,96.36,96.36,232
1781856420,96.36,96.36,96.36,96.36,87
1781857140,96.36,96.36,96.36,96.36,8
1781858580,96.36,96.36,96.36,96.36,53
1781859000,96.36,96.36,96.36,96.36,115
1781859120,96.36,96.36,96.36,96.36,40
1781859180,96.36,96.36,96.36,96.36,1
1781859840,96.36,96.36,96.36,96.36,9
1781860140,96.36,96.36,96.36,96.36,117
1781860260,96.36,96.36,96.36,96.36,6
1781864400,96.36,96.36,96.36,96.36,36
1781865720,96.36,96.36,96.36,96.36,8
1781867160,96.36,96.36,96.36,96.36,301
1781867220,96.36,96.36,96.36,96.36,3
1781867280,96.36,96.36,96.36,96.36,279
1781867640,96.36,96.36,96.36,96.36,5
1781868900,96.36,96.36,96.36,96.36,6
1781870100,96.36,96.36,96.36,96.36,54
1781870460,96.36,96.36,96.36,96.36,250
1781870760,96.36,96.36,96.36,96.36,5
1781871900,96.36,96.36,96.36,96.36,100
1781872020,96.36,96.36,96.36,96.36,80
1781872200,96.36,96.36,96.36,96.36,69
1781872620,96.36,96.36,96.36,96.36,14
1781872680,96.36,96.36,96.36,96.36,381
1781872920,96.36,96.36,96.36,96.36,20
1781873400,96.36,96.36,96.36,96.36,17
1781873460,96.36,96.36,96.36,96.36,4
1781874420,96.36,96.36,96.36,96.36,2
1781875860,96.36,96.36,96.36,96.36,2
1781876580,96.36,96.36,96.36,96.36,9
1781877360,96.36,96.36,96.36,96.36,9
1781881440,96.36,96.36,96.36,96.36,13
1781881980,96.36,96.36,96.36,96.36,13
1781883360,96.36,96.36,96.36,96.36,5
1781884140,96.36,96.36,96.36,96.36,50
1781884500,96.36,96.36,96.36,96.36,114
1781884560,96.36,96.36,96.36,96.36,1
1781885820,96.36,96.36,96.36,96.36,47
1781886420,96.365,96.365,96.365,96.365,1
1781886540,96.365,96.365,96.365,96.365,1
1781886840,96.36,96.36,96.36,96.36,9
1781888220,96.36,96.36,96.36,96.36,52
1782079200,96.36,96.36,96.36,96.36,285
1782079260,96.36,96.36,96.36,96.36,105
1782079320,96.36,96.36,96.36,96.36,134
1782079380,96.36,96.36,96.36,96.36,8
1782079620,96.36,96.36,96.36,96.36,64
1782079740,96.36,96.36,96.36,96.36,31
1782079860,96.36,96.36,96.36,96.36,45
1782079980,96.36,96.36,96.36,96.36,46
1782080040,96.36,96.36,96.36,96.36,1
1782080280,96.36,96.36,96.36,96.36,5
1782080820,96.36,96.36,96.36,96.36,8
1782081180,96.36,96.36,96.36,96.36,19
1782086760,96.36,96.36,96.36,96.36,9
1782087540,96.36,96.36,96.36,96.36,43
1782088080,96.36,96.36,96.36,96.36,81
1782088200,96.36,96.36,96.36,96.36,6
1782088260,96.36,96.36,96.36,96.36,33
1782088380,96.36,96.36,96.36,96.36,26
1782088500,96.36,96.36,96.36,96.36,12
1782096180,96.36,96.36,96.36,96.36,3
1782097680,96.36,96.36,96.36,96.36,52
1782098340,96.36,96.36,96.36,96.36,5
1782098760,96.36,96.36,96.36,96.36,3
1782098940,96.36,96.36,96.36,96.36,259
1782099780,96.36,96.36,96.36,96.36,290
1782100740,96.36,96.36,96.36,96.36,120
1782100800,96.36,96.36,96.36,96.36,11
1782100860,96.36,96.36,96.36,96.36,1
1782101580,96.36,96.36,96.36,96.36,4
1782101760,96.36,96.36,96.36,96.36,28
1782105240,96.36,96.36,96.36,96.36,39
1782106140,96.36,96.36,96.36,96.36,38
1782108000,96.36,96.36,96.36,96.36,160
1782109500,96.36,96.36,96.36,96.36,1
1782111360,96.365,96.365,96.365,96.365,71
1782111420,96.36,96.36,96.36,96.36,46
1782111660,96.36,96.36,96.36,96.36,15
1782115860,96.36,96.36,96.36,96.36,12
1782117900,96.36,96.36,96.36,96.36,1
1782119880,96.36,96.36,96.36,96.36,400
1782120480,96.36,96.36,96.36,96.36,10
1782120540,96.36,96.36,96.36,96.36,200
1782121380,96.36,96.36,96.36,96.36,36
1782121500,96.36,96.36,96.36,96.36,62
1782121980,96.36,96.36,96.36,96.36,300
1782122940,96.36,96.36,96.36,96.36,26
1782123240,96.36,96.36,96.36,96.36,40
1782123960,96.36,96.36,96.36,96.36,2
1782124680,96.36,96.36,96.36,96.36,27
1782124920,96.36,96.36,96.36,96.36,411
1782124980,96.36,96.36,96.36,96.36,1
1782125100,96.36,96.36,96.36,96.36,6
1782125940,96.36,96.36,96.36,96.36,7
1782126360,96.36,96.36,96.36,96.36,99
1782127440,96.36,96.36,96.36,96.36,25
1782127500,96.36,96.36,96.36,96.36,708
1782127680,96.36,96.36,96.36,96.36,8
1782128220,96.36,96.36,96.36,96.36,1
1782131580,96.36,96.36,96.36,96.36,1
1782132780,96.36,96.36,96.36,96.36,1
1782133020,96.36,96.36,96.36,96.36,5
1782133140,96.36,96.36,96.36,96.36,5
1782133320,96.36,96.36,96.36,96.36,2056
1782133440,96.365,96.365,96.365,96.365,3
1782134460,96.36,96.36,96.36,96.36,16
1782135120,96.36,96.36,96.36,96.36,2
1782135180,96.36,96.36,96.36,96.36,2
1782136200,96.365,96.365,96.365,96.365,6
1782136860,96.365,96.365,96.365,96.365,1
1782137040,96.36,96.36,96.36,96.36,2
1782137100,96.36,96.36,96.36,96.36,3
1782137760,96.365,96.365,96.365,96.365,5
1782137880,96.36,96.36,96.36,96.36,7
1782140760,96.36,96.36,96.36,96.36,8
1782142440,96.36,96.36,96.36,96.36,1
1782142740,96.36,96.36,96.36,96.36,4
1782142980,96.365,96.365,96.365,96.365,10
1782143520,96.36,96.36,96.36,96.36,119
1782143640,96.36,96.36,96.36,96.36,1
1782143700,96.36,96.36,96.36,96.36,10
1782143880,96.36,96.36,96.36,96.36,162
1782145200,96.365,96.365,96.365,96.365,2
1782145260,96.365,96.365,96.365,96.365,16
1782145320,96.36,96.36,96.36,96.36,12
1782145560,96.36,96.36,96.36,96.36,36
1782145680,96.36,96.36,96.36,96.36,5
1782146580,96.36,96.36,96.36,96.36,30
1782147480,96.365,96.365,96.365,96.365,1
1782148740,96.36,96.36,96.36,96.36,5
1782150240,96.36,96.36,96.36,96.36,35
1782152280,96.36,96.36,96.36,96.36,114
1782154200,96.365,96.365,96.365,96.365,35
1782154320,96.36,96.36,96.36,96.36,9
1782154380,96.36,96.36,96.36,96.36,68
1782154560,96.36,96.36,96.36,96.36,17
1782155520,96.36,96.36,96.36,96.36,3
1782157020,96.36,96.36,96.36,96.36,73
1782157920,96.36,96.36,96.36,96.36,3
1782158280,96.365,96.365,96.365,96.365,26
1782158580,96.36,96.36,96.36,96.36,3
1782158760,96.36,96.36,96.36,96.36,1
1782158880,96.36,96.36,96.36,96.36,1
1782159960,96.36,96.36,96.36,96.36,14
1782161760,96.36,96.36,96.36,96.36,95
1782161880,96.36,96.36,96.36,96.36,7
1782161940,96.36,96.36,96.36,96.36,181
1782165600,96.36,96.36,96.36,96.36,13
1782168240,96.36,96.36,96.36,96.36,3
1782170400,96.36,96.36,96.36,96.36,8
1782170520,96.36,96.36,96.36,96.36,41
1782170820,96.36,96.36,96.36,96.36,8
1782171300,96.36,96.36,96.36,96.36,4
1782179580,96.36,96.36,96.36,96.36,20
1782180540,96.36,96.36,96.36,96.36,1
1782181440,96.36,96.36,96.36,96.36,1
1782183060,96.36,96.36,96.36,96.36,18
1782183420,96.36,96.36,96.36,96.36,4
1782184440,96.36,96.36,96.36,96.36,1
1782185580,96.36,96.36,96.36,96.36,18
1782186600,96.36,96.36,96.36,96.36,67
1782187500,96.36,96.36,96.36,96.36,1
1782188040,96.36,96.36,96.36,96.36,1
1782188400,96.36,96.36,96.36,96.36,1
1782188580,96.36,96.36,96.36,96.36,1
1782189000,96.36,96.36,96.36,96.36,2
1782189420,96.36,96.36,96.36,96.36,96
1782190440,96.36,96.36,96.36,96.36,976
1782191820,96.36,96.36,96.36,96.36,6
1782192180,96.36,96.36,96.36,96.36,1
1782194100,96.36,96.36,96.36,96.36,1
1782194460,96.36,96.36,96.36,96.36,1
1782194700,96.36,96.36,96.36,96.36,1
1782195720,96.36,96.36,96.36,96.36,9
1782196020,96.36,96.36,96.36,96.36,1
1782196080,96.36,96.36,96.36,96.36,19
1782196440,96.36,96.36,96.36,96.36,153
1782197400,96.36,96.36,96.36,96.36,3
1782197880,96.36,96.36,96.36,96.36,9
1782197940,96.36,96.36,96.36,96.36,24
1782198000,96.36,96.36,96.36,96.36,3
1782198060,96.36,96.36,96.36,96.36,11
1782198300,96.365,96.365,96.365,96.365,1
1782198540,96.36,96.36,96.36,96.36,10
1782199860,96.36,96.36,96.36,96.36,1
1782203340,96.36,96.36,96.36,96.36,21
1782204120,96.36,96.36,96.36,96.36,116
1782206760,96.36,96.36,96.36,96.36,21
1782206880,96.36,96.36,96.36,96.36,1
1782207360,96.36,96.36,96.36,96.36,2323
1782207660,96.36,96.36,96.36,96.36,1
1782207780,96.36,96.36,96.36,96.36,61
1782207960,96.36,96.36,96.36,96.36,5
1782208080,96.36,96.36,96.36,96.36,1
1782208200,96.36,96.36,96.36,96.36,53
1782208500,96.36,96.36,96.36,96.36,10
1782208980,96.36,96.36,96.36,96.36,3
1782209160,96.36,96.36,96.36,96.36,1
1782209700,96.36,96.36,96.36,96.36,1
1782209760,96.36,96.36,96.36,96.36,1
1782210240,96.36,96.36,96.36,96.36,4478
1782210300,96.36,96.36,96.36,96.36,2582
1782210360,96.36,96.36,96.36,96.36,678
1782210540,96.36,96.36,96.36,96.36,18
1782210720,96.36,96.36,96.36,96.36,4
1782210840,96.36,96.36,96.36,96.36,6
1782210900,96.36,96.36,96.36,96.36,73
1782210960,96.36,96.36,96.36,96.36,12
1782211020,96.36,96.36,96.36,96.36,909
1782211260,96.36,96.36,96.36,96.36,3
1782211500,96.36,96.36,96.36,96.36,675
1782211560,96.36,96.36,96.36,96.36,1146
1782211920,96.36,96.36,96.36,96.36,3
1782212280,96.36,96.36,96.36,96.36,143
1782213720,96.36,96.36,96.36,96.36,36
1782214920,96.36,96.36,96.36,96.36,13
1782215640,96.36,96.36,96.36,96.36,8
1782216420,96.36,96.36,96.36,96.36,8
1782216480,96.36,96.36,96.36,96.36,10
1782217080,96.36,96.36,96.36,96.36,6
1782217560,96.365,96.365,96.365,96.365,100
1782217680,96.36,96.36,96.36,96.36,51
1782217860,96.365,96.365,96.365,96.365,46
1782218460,96.36,96.36,96.36,96.36,165
1782219240,96.365,96.365,96.365,96.365,25
1782219720,96.36,96.36,96.36,96.36,6
1782220740,96.36,96.36,96.36,96.36,6
1782221580,96.365,96.365,96.365,96.365,11
1782221820,96.36,96.36,96.36,96.36,1
1782221880,96.36,96.36,96.36,96.36,1
1782222900,96.36,96.36,96.36,96.36,100
1782227220,96.36,96.36,96.36,96.36,32
1782228780,96.36,96.36,96.36,96.36,4
1782229740,96.36,96.36,96.36,96.36,1
1782229980,96.36,96.36,96.36,96.36,5
1782230280,96.36,96.36,96.36,96.36,1
1782232020,96.365,96.365,96.365,96.365,1
1782236580,96.36,96.36,96.36,96.36,16
1782238500,96.36,96.36,96.36,96.36,2
1782239220,96.36,96.36,96.36,96.36,5
1782240120,96.365,96.365,96.365,96.365,5
1782240540,96.36,96.36,96.36,96.36,2
1782241140,96.36,96.36,96.36,96.36,44
1782244320,96.36,96.36,96.36,96.36,102
1782245100,96.36,96.36,96.36,96.36,7
1782245640,96.36,96.36,96.36,96.36,46
1782246180,96.36,96.36,96.36,96.36,25
1782247800,96.36,96.36,96.36,96.36,4
1782247920,96.36,96.36,96.36,96.36,4
1782248040,96.36,96.36,96.36,96.36,4
1782248280,96.36,96.36,96.36,96.36,8
1782248340,96.36,96.36,96.36,96.36,114
1782252420,96.365,96.365,96.365,96.365,277
1782253560,96.36,96.36,96.36,96.36,127
1782253680,96.36,96.36,96.36,96.36,1
1782283080,96.36,96.36,96.36,96.36,6
1782288240,96.36,96.36,96.36,96.36,3
1782290880,96.36,96.36,96.36,96.36,200
1782298500,96.36,96.36,96.36,96.36,1
1782299280,96.36,96.36,96.36,96.36,398
1782299820,96.36,96.36,96.36,96.36,11
1782299880,96.36,96.36,96.36,96.36,34
1782300000,96.36,96.36,96.36,96.36,2
1782302040,96.365,96.365,96.365,96.365,999
1782306360,96.36,96.36,96.36,96.36,3
1782308340,96.365,96.365,96.365,96.365,9
1782308700,96.36,96.36,96.36,96.36,49
1782310260,96.36,96.36,96.36,96.36,52
1782310440,96.36,96.36,96.36,96.36,50
1782312420,96.36,96.36,96.36,96.36,25
1782312780,96.36,96.36,96.36,96.36,6
1782313380,96.36,96.36,96.36,96.36,20
1782314700,96.36,96.36,96.36,96.36,267
1782315960,96.365,96.365,96.365,96.365,3
1782317580,96.36,96.36,96.36,96.36,5
1782317760,96.36,96.36,96.36,96.36,5
1782317880,96.365,96.365,96.365,96.365,1
1782317940,96.36,96.365,96.36,96.365,30
1782318060,96.365,96.365,96.365,96.365,2
1782318120,96.36,96.365,96.36,96.365,3
1782318240,96.365,96.365,96.365,96.365,1
1782318300,96.365,96.365,96.365,96.365,1
1782318420,96.365,96.365,96.365,96.365,1
1782318480,96.365,96.365,96.365,96.365,2
1782320040,96.36,96.36,96.36,96.36,5
1782320400,96.36,96.36,96.36,96.36,19
1782321060,96.36,96.36,96.36,96.36,3
1782321420,96.36,96.36,96.36,96.36,4
1782322800,96.36,96.36,96.36,96.36,2400
1782322860,96.36,96.36,96.36,96.36,5
1782325500,96.36,96.36,96.36,96.36,2406
1782325560,96.36,96.36,96.36,96.36,2400
1782326820,96.36,96.36,96.36,96.36,5
1782327060,96.36,96.36,96.36,96.36,1
1782327480,96.36,96.36,96.36,96.36,22
1782327600,96.36,96.36,96.36,96.36,2
1782328560,96.36,96.36,96.36,96.36,3
1782328620,96.36,96.36,96.36,96.36,3
1782329400,96.36,96.36,96.36,96.36,165
1782329460,96.36,96.36,96.36,96.36,5
1782330360,96.36,96.36,96.36,96.36,3
1782331200,96.36,96.36,96.36,96.36,54
1782332520,96.36,96.36,96.36,96.36,1
1782332580,96.36,96.36,96.36,96.36,43
1782333000,96.36,96.36,96.36,96.36,50
1782333240,96.36,96.36,96.36,96.36,11
1782333900,96.36,96.36,96.36,96.36,3
1782334260,96.36,96.36,96.36,96.36,5
1782334380,96.36,96.36,96.36,96.36,1
1782334500,96.36,96.36,96.36,96.36,1
1782334560,96.36,96.36,96.36,96.36,2
1782334680,96.36,96.36,96.36,96.36,3
1782338400,96.36,96.36,96.36,96.36,331
1782340200,96.36,96.36,96.36,96.36,2
1782351000,96.36,96.36,96.36,96.36,10
1782352440,96.36,96.365,96.36,96.365,203
1782352860,96.36,96.36,96.36,96.36,9
1782354660,96.36,96.36,96.36,96.36,10
1782356460,96.36,96.36,96.36,96.36,4
1782358680,96.36,96.36,96.36,96.36,3
1782361020,96.36,96.365,96.36,96.365,201
1782366480,96.36,96.36,96.36,96.36,4
1782367200,96.36,96.36,96.36,96.36,99
1782367260,96.36,96.36,96.36,96.36,2
1782367320,96.36,96.36,96.36,96.36,18
1782367380,96.36,96.36,96.36,96.36,17
1782369060,96.36,96.36,96.36,96.36,2
1782371640,96.36,96.36,96.36,96.36,33
1782371700,96.36,96.36,96.36,96.36,50
1782371760,96.36,96.36,96.36,96.36,3315
1782371820,96.36,96.36,96.36,96.36,39
1782371940,96.36,96.36,96.36,96.36,29
1782372060,96.36,96.36,96.36,96.36,33
1782372300,96.36,96.36,96.36,96.36,31
1782372480,96.36,96.36,96.36,96.36,46
1782372540,96.36,96.36,96.36,96.36,7
1782372600,96.36,96.36,96.36,96.36,12
1782372660,96.36,96.36,96.36,96.36,2
1782372720,96.36,96.36,96.36,96.36,4
1782372960,96.36,96.36,96.36,96.36,78
1782373080,96.36,96.36,96.36,96.36,30
1782377220,96.36,96.36,96.36,96.36,58
1782382560,96.36,96.36,96.36,96.36,4
1782384720,96.36,96.36,96.36,96.36,18
1782384840,96.36,96.36,96.36,96.36,13
1782385140,96.36,96.36,96.36,96.36,80
1782385320,96.36,96.36,96.36,96.36,2
1782386040,96.36,96.36,96.36,96.36,2030
1782386520,96.36,96.36,96.36,96.36,7
1782388260,96.36,96.36,96.36,96.36,15
1782388320,96.36,96.36,96.36,96.36,38
1782388800,96.365,96.365,96.36,96.36,15
1782388920,96.36,96.36,96.36,96.36,2
1782389160,96.36,96.36,96.36,96.36,5
1782389340,96.36,96.36,96.36,96.36,43
1782389400,96.36,96.36,96.36,96.36,5
1782389520,96.36,96.36,96.36,96.36,33
1782389700,96.36,96.36,96.36,96.36,55
1782389760,96.36,96.36,96.36,96.36,6
1782389820,96.36,96.36,96.36,96.36,12
1782389880,96.36,96.36,96.36,96.36,8
1782389940,96.36,96.36,96.36,96.36,21
1782390000,96.36,96.36,96.36,96.36,46
1782390060,96.36,96.36,96.36,96.36,52
1782390120,96.36,96.36,96.36,96.36,8
1782390180,96.36,96.36,96.36,96.36,50
1782390240,96.36,96.36,96.36,96.36,252
1782390420,96.36,96.36,96.36,96.36,2
1782390480,96.36,96.36,96.36,96.36,7
1782390540,96.36,96.36,96.36,96.36,1
1782390600,96.36,96.365,96.36,96.36,568
1782390660,96.36,96.36,96.36,96.36,1
1782390720,96.36,96.365,96.36,96.365,10
1782390960,96.365,96.365,96.365,96.365,107
1782391320,96.365,96.365,96.365,96.365,7
1782391380,96.365,96.365,96.365,96.365,1
1782391440,96.365,96.365,96.365,96.365,1
1782391620,96.36,96.36,96.36,96.36,6
1782392100,96.36,96.36,96.36,96.36,33
1782392700,96.365,96.365,96.365,96.365,60
1782393180,96.365,96.365,96.365,96.365,26
1782393900,96.36,96.36,96.36,96.36,1
1782396000,96.365,96.365,96.365,96.365,22
1782396480,96.36,96.36,96.36,96.36,24
1782396900,96.365,96.365,96.365,96.365,3
1782397920,96.365,96.365,96.365,96.365,6
1782399300,96.365,96.365,96.365,96.365,5
1782402900,96.365,96.365,96.365,96.365,4
1782404280,96.36,96.36,96.36,96.36,90
1782404820,96.365,96.365,96.365,96.365,1
1782407340,96.365,96.365,96.365,96.365,30
1782408720,96.36,96.36,96.36,96.36,4
1782409380,96.365,96.365,96.365,96.365,17
1782409740,96.365,96.365,96.365,96.365,2
1782409800,96.36,96.36,96.36,96.36,7
1782410040,96.365,96.365,96.365,96.365,2
1782410280,96.365,96.365,96.365,96.365,2
1782410520,96.365,96.365,96.365,96.365,2
1782410760,96.365,96.365,96.365,96.365,1
1782411900,96.365,96.365,96.365,96.365,2
1782411960,96.365,96.365,96.365,96.365,8
1782412920,96.365,96.365,96.365,96.365,1
1782413280,96.365,96.365,96.365,96.365,1
1782413340,96.365,96.365,96.365,96.365,1
1782413820,96.365,96.365,96.365,96.365,1
1782414300,96.36,96.36,96.36,96.36,3
1782414900,96.36,96.36,96.36,96.36,300
1782415440,96.365,96.365,96.365,96.365,14
1782416220,96.36,96.36,96.36,96.36,50
1782417420,96.36,96.36,96.36,96.36,39
1782417480,96.36,96.36,96.36,96.36,5
1782420000,96.365,96.365,96.365,96.365,5
1782420420,96.365,96.365,96.365,96.365,7
1782420900,96.365,96.365,96.365,96.365,1000
1782421080,96.36,96.36,96.36,96.36,2
1782425700,96.365,96.365,96.365,96.365,2
1782425760,96.365,96.365,96.365,96.365,2
1782425820,96.365,96.365,96.365,96.365,4
1782430800,96.365,96.365,96.365,96.365,5
1782431040,96.365,96.365,96.365,96.365,3
1782435720,96.365,96.365,96.365,96.365,7
1782442260,96.365,96.365,96.365,96.365,1
1782442380,96.365,96.365,96.365,96.365,3
1782443460,96.365,96.365,96.365,96.365,162
1782443520,96.365,96.365,96.365,96.365,259
1782445020,96.365,96.365,96.365,96.365,91
1782447540,96.365,96.365,96.365,96.365,5
1782448800,96.365,96.365,96.365,96.365,203
1782451080,96.365,96.365,96.365,96.365,3
1782456180,96.365,96.365,96.365,96.365,302
1782458880,96.365,96.365,96.365,96.365,33
1782458940,96.365,96.365,96.365,96.365,54
1782460800,96.365,96.365,96.365,96.365,1
1782460980,96.365,96.365,96.365,96.365,13
1782461280,96.365,96.365,96.365,96.365,3
1782461340,96.365,96.365,96.365,96.365,3174
1782461400,96.365,96.365,96.365,96.365,7
1782461520,96.365,96.365,96.365,96.365,1
1782461700,96.365,96.365,96.365,96.365,1
1782461760,96.365,96.365,96.365,96.365,1
1782462000,96.365,96.365,96.365,96.365,4
1782462720,96.365,96.365,96.365,96.365,1
1782462960,96.365,96.365,96.365,96.365,2
1782463200,96.365,96.365,96.365,96.365,1
1782463440,96.365,96.365,96.365,96.365,3
1782464760,96.365,96.365,96.365,96.365,7
1782465000,96.365,96.365,96.365,96.365,3
1782465540,96.365,96.365,96.365,96.365,3
1782466260,96.365,96.365,96.365,96.365,22
1782467340,96.365,96.365,96.365,96.365,12
1782469980,96.365,96.365,96.365,96.365,10
1782470040,96.365,96.365,96.365,96.365,27
1782470280,96.365,96.365,96.365,96.365,1
1782471180,96.365,96.365,96.365,96.365,4
1782471600,96.365,96.365,96.365,96.365,22
1782472200,96.365,96.365,96.365,96.365,2615
1782472260,96.365,96.365,96.365,96.365,5063
1782472320,96.365,96.365,96.365,96.365,203
1782472440,96.365,96.365,96.365,96.365,84
1782472500,96.365,96.365,96.365,96.365,4
1782472620,96.365,96.365,96.365,96.365,51
1782472740,96.365,96.365,96.365,96.365,1000
1782473280,96.365,96.365,96.365,96.365,1
1782473340,96.365,96.365,96.365,96.365,1301
1782473400,96.365,96.365,96.365,96.365,1
1782473580,96.365,96.365,96.365,96.365,70
1782473760,96.365,96.365,96.365,96.365,40
1782474180,96.365,96.365,96.365,96.365,1200
1782474300,96.365,96.365,96.365,96.365,7
1782474420,96.365,96.365,96.365,96.365,18
1782474540,96.365,96.365,96.365,96.365,11
1782474720,96.365,96.365,96.365,96.365,140
1782474780,96.365,96.365,96.365,96.365,1
1782475320,96.365,96.365,96.365,96.365,48
1782475440,96.365,96.365,96.365,96.365,1
1782475500,96.365,96.365,96.365,96.365,28
1782476100,96.365,96.365,96.365,96.365,127
1782476160,96.365,96.365,96.365,96.365,571
1782476460,96.365,96.365,96.365,96.365,10668
1782476520,96.365,96.365,96.365,96.365,2248
1782476580,96.365,96.365,96.365,96.365,1
1782476880,96.365,96.365,96.365,96.365,1238
1782476940,96.365,96.365,96.365,96.365,112
1782477060,96.365,96.365,96.365,96.365,643
1782477120,96.365,96.365,96.365,96.365,1
1782477240,96.365,96.365,96.365,96.365,80
1782477300,96.365,96.365,96.365,96.365,96
1782477600,96.365,96.365,96.365,96.365,5
1782477840,96.365,96.365,96.36,96.365,1553
1782477960,96.365,96.365,96.365,96.365,1471
1782478020,96.365,96.365,96.365,96.365,11
1782478080,96.365,96.365,96.365,96.365,96
1782478260,96.365,96.365,96.365,96.365,129
1782478740,96.365,96.365,96.365,96.365,98
1782478800,96.365,96.365,96.365,96.365,2357
1782478860,96.37,96.37,96.37,96.37,22
1782478920,96.37,96.37,96.37,96.37,11
1782478980,96.37,96.37,96.37,96.37,21
1782479040,96.37,96.37,96.37,96.37,22
1782479100,96.37,96.37,96.37,96.37,32
1782479160,96.37,96.37,96.37,96.37,20
1782479220,96.37,96.37,96.37,96.37,16
1782479280,96.37,96.37,96.37,96.37,14
1782479340,96.37,96.37,96.37,96.37,19
1782479400,96.37,96.37,96.37,96.37,16
1782479460,96.37,96.37,96.37,96.37,7
1782479640,96.37,96.37,96.37,96.37,58
1782479760,96.365,96.365,96.365,96.365,5
1782479820,96.365,96.365,96.365,96.365,1000
1782479880,96.365,96.365,96.365,96.365,12
1782479940,96.365,96.365,96.365,96.365,55
1782480060,96.365,96.365,96.365,96.365,5
1782480120,96.365,96.365,96.365,96.365,10
1782481620,96.37,96.37,96.37,96.37,1
1782481740,96.365,96.365,96.365,96.365,1
1782482340,96.37,96.37,96.37,96.37,1
1782482520,96.365,96.365,96.365,96.365,20
1782483600,96.365,96.365,96.365,96.365,12
1782483720,96.365,96.365,96.365,96.365,4
1782484080,96.365,96.365,96.365,96.365,7
1782484140,96.365,96.365,96.365,96.365,7
1782484200,96.365,96.365,96.365,96.365,3
1782484380,96.365,96.365,96.365,96.365,9
1782485760,96.365,96.365,96.365,96.365,10
1782487140,96.37,96.37,96.37,96.37,1
1782489060,96.365,96.365,96.365,96.365,17
1782489120,96.365,96.365,96.365,96.365,13
1782489240,96.365,96.365,96.365,96.365,27
1782489300,96.365,96.365,96.365,96.365,4
1782489780,96.37,96.37,96.37,96.37,5
1782489840,96.365,96.365,96.365,96.365,1
1782490080,96.365,96.365,96.365,96.365,1
1782492240,96.365,96.365,96.365,96.365,150
1782493020,96.365,96.365,96.365,96.365,1000
1782493320,96.365,96.365,96.365,96.365,5
1782495000,96.37,96.37,96.37,96.37,1
1782496140,96.365,96.365,96.365,96.365,2
1782496620,96.365,96.365,96.365,96.365,2
1782496860,96.365,96.365,96.365,96.365,1
1782500040,96.365,96.365,96.365,96.365,18
1782500340,96.37,96.37,96.37,96.37,1
1782500520,96.365,96.365,96.365,96.365,27
1782500940,96.365,96.365,96.365,96.365,13
1782502380,96.365,96.365,96.365,96.365,2
1782502800,96.37,96.37,96.37,96.37,11
1782502860,96.37,96.37,96.37,96.37,23
1782502920,96.37,96.37,96.37,96.37,166
1782502980,96.37,96.37,96.37,96.37,198
1782503040,96.37,96.37,96.37,96.37,117
1782503100,96.37,96.37,96.37,96.37,33
1782503160,96.37,96.37,96.37,96.37,85
1782503220,96.37,96.37,96.37,96.37,39
1782503280,96.37,96.37,96.37,96.37,144
1782503340,96.37,96.37,96.37,96.37,132
1782503400,96.37,96.37,96.37,96.37,104
1782503460,96.37,96.37,96.37,96.37,59
1782503520,96.37,96.37,96.37,96.37,363
1782503640,96.365,96.365,96.365,96.365,14
1782503820,96.37,96.37,96.37,96.37,2
1782503880,96.37,96.37,96.37,96.37,2
1782504120,96.37,96.37,96.37,96.37,70
1782506160,96.365,96.365,96.365,96.365,405
1782506640,96.365,96.365,96.365,96.365,1
1782507120,96.365,96.365,96.365,96.365,7
1782507420,96.365,96.365,96.365,96.365,34
1782507480,96.365,96.365,96.365,96.365,3
1782507540,96.365,96.365,96.365,96.365,13
1782684000,96.3675,96.3675,96.3675,96.3675,139
1782684060,96.3675,96.3675,96.3675,96.3675,1679
1782684120,96.3675,96.3675,96.3675,96.3675,1155
1782684660,96.3675,96.3675,96.3675,96.3675,2381
1782684720,96.3675,96.3675,96.3675,96.3675,182
1782685020,96.3675,96.3675,96.3675,96.3675,8
1782685080,96.3675,96.3675,96.3675,96.3675,7
1782685140,96.3675,96.3675,96.3675,96.3675,50
1782685200,96.3675,96.3675,96.3675,96.3675,533
1782692340,96.3675,96.3675,96.3675,96.3675,1
1782693480,96.3675,96.3675,96.3675,96.3675,154
1782694320,96.3675,96.3675,96.3675,96.3675,37
1782694500,96.3675,96.3675,96.3675,96.3675,55
1782712740,96.3675,96.3675,96.3675,96.3675,8
1782712800,96.3675,96.3675,96.3675,96.3675,32
1782714780,96.3675,96.3675,96.3675,96.3675,48
1782717900,96.3675,96.3675,96.3675,96.3675,100
1782719640,96.3675,96.3675,96.3675,96.3675,23
1782719700,96.3675,96.3675,96.3675,96.3675,23
1782723600,96.3675,96.3675,96.3675,96.3675,8230
1782723720,96.3675,96.3675,96.3675,96.3675,29
1782723840,96.3675,96.3675,96.3675,96.3675,805
1782724680,96.3675,96.3675,96.3675,96.3675,594
1782724740,96.37,96.37,96.37,96.37,30
1782726240,96.3675,96.3675,96.3675,96.3675,200
1782727080,96.3675,96.3675,96.3675,96.3675,1677
1782727620,96.3675,96.3675,96.3675,96.3675,1000
1782727680,96.3675,96.3675,96.3675,96.3675,1707
1782730920,96.3675,96.3675,96.3675,96.3675,50
1782731580,96.3675,96.3675,96.3675,96.3675,44
1782731640,96.3675,96.3675,96.3675,96.3675,3
1782731700,96.3675,96.3675,96.3675,96.3675,17
1782731760,96.3675,96.3675,96.3675,96.3675,8
1782731820,96.3675,96.3675,96.3675,96.3675,3
1782731880,96.3675,96.3675,96.3675,96.3675,6
1782731940,96.3675,96.3675,96.3675,96.3675,801
1782732000,96.3675,96.3675,96.3675,96.3675,251
1782732060,96.3675,96.3675,96.3675,96.3675,6
1782732120,96.3675,96.3675,96.3675,96.3675,18
1782732180,96.3675,96.3675,96.3675,96.3675,9
1782732240,96.3675,96.3675,96.3675,96.3675,7
1782732300,96.3675,96.3675,96.3675,96.3675,1502
1782732420,96.3675,96.3675,96.3675,96.3675,39
1782732600,96.3675,96.3675,96.3675,96.3675,62
1782732720,96.3675,96.3675,96.3675,96.3675,6
1782732780,96.3675,96.3675,96.3675,96.3675,2052
1782732840,96.3675,96.3675,96.3675,96.3675,172
1782732900,96.3675,96.3675,96.3675,96.3675,406
1782733140,96.3675,96.3675,96.3675,96.3675,683
1782733200,96.3675,96.3675,96.3675,96.3675,417
1782734460,96.3675,96.3675,96.3675,96.3675,500
1782735600,96.3675,96.3675,96.3675,96.3675,84
1782735780,96.3675,96.3675,96.3675,96.3675,7
1782737040,96.3675,96.3675,96.3675,96.3675,17
1782737220,96.3675,96.3675,96.3675,96.3675,4
1782738120,96.3675,96.3675,96.3675,96.3675,406
1782738180,96.3675,96.3675,96.3675,96.3675,177
1782738420,96.3675,96.3675,96.3675,96.3675,35
1782739980,96.3675,96.3675,96.3675,96.3675,7
1782741240,96.365,96.365,96.365,96.365,100
1782741900,96.365,96.365,96.365,96.365,70
1782745200,96.365,96.365,96.365,96.365,39
1782746700,96.3675,96.3675,96.3675,96.3675,1
1782747240,96.3675,96.3675,96.3675,96.3675,3
1782747360,96.365,96.365,96.365,96.365,467
1782748020,96.365,96.365,96.365,96.365,3
1782748260,96.365,96.365,96.365,96.365,50
1782748380,96.365,96.365,96.365,96.365,40
1782753060,96.3675,96.3675,96.3675,96.3675,7
1782755940,96.3675,96.3675,96.3675,96.3675,4
1782758280,96.3675,96.3675,96.3675,96.3675,20
1782758940,96.365,96.365,96.365,96.365,1
1782760380,96.365,96.365,96.365,96.365,400
1782761640,96.3675,96.3675,96.3675,96.3675,1
1782761820,96.365,96.365,96.365,96.365,200
1782761940,96.365,96.365,96.365,96.365,200
1782762060,96.365,96.365,96.365,96.365,100
1782762660,96.365,96.365,96.365,96.365,10
1782764760,96.365,96.365,96.365,96.365,54
1782764820,96.3675,96.3675,96.3675,96.3675,300
1782764880,96.3675,96.3675,96.3675,96.3675,450
1782765780,96.3675,96.3675,96.3675,96.3675,37
1782765840,96.3675,96.3675,96.3675,96.3675,89
1782766560,96.3675,96.3675,96.3675,96.3675,1
1782766680,96.365,96.3675,96.365,96.365,12
1782766740,96.365,96.365,96.365,96.365,65
1782771660,96.3675,96.3675,96.3675,96.3675,385
1782772200,96.3675,96.3675,96.3675,96.3675,6
1782772560,96.3675,96.3675,96.3675,96.3675,12
1782774900,96.3675,96.3675,96.3675,96.3675,18
1782775020,96.3675,96.3675,96.3675,96.3675,1
1782775320,96.3675,96.3675,96.3675,96.3675,2
1782775440,96.3675,96.3675,96.3675,96.3675,1
1782775980,96.3675,96.3675,96.3675,96.3675,3
1782776160,96.3675,96.3675,96.3675,96.3675,2
1782776760,96.3675,96.3675,96.3675,96.3675,5
1782776820,96.3675,96.3675,96.3675,96.3675,3
1782777120,96.3675,96.3675,96.3675,96.3675,2
1782777300,96.3675,96.3675,96.3675,96.3675,2
1782777360,96.3675,96.3675,96.3675,96.3675,4
1782777720,96.3675,96.3675,96.3675,96.3675,2
1782778080,96.3675,96.3675,96.3675,96.3675,2
1782778200,96.3675,96.3675,96.3675,96.3675,2
1782778500,96.3675,96.3675,96.3675,96.3675,3
1782778620,96.3675,96.3675,96.3675,96.3675,4
1782778680,96.3675,96.3675,96.3675,96.3675,5
1782778920,96.3675,96.3675,96.3675,96.3675,2
1782779280,96.3675,96.3675,96.3675,96.3675,3
1782779400,96.3675,96.3675,96.3675,96.3675,3
1782779760,96.3675,96.3675,96.3675,96.3675,3
1782779940,96.3675,96.3675,96.3675,96.3675,1
1782780120,96.3675,96.3675,96.3675,96.3675,1
1782780540,96.3675,96.3675,96.3675,96.3675,1
1782780600,96.365,96.365,96.365,96.365,82
1782780720,96.3675,96.3675,96.3675,96.3675,1
1782780900,96.3675,96.3675,96.3675,96.3675,3
1782781320,96.3675,96.3675,96.3675,96.3675,1
1782781380,96.3675,96.3675,96.3675,96.3675,3
1782781500,96.3675,96.3675,96.3675,96.3675,1
1782781620,96.3675,96.3675,96.3675,96.3675,3
1782781920,96.3675,96.3675,96.3675,96.3675,1
1782782280,96.3675,96.3675,96.3675,96.3675,1
1782782640,96.3675,96.3675,96.3675,96.3675,1
1782782880,96.3675,96.3675,96.3675,96.3675,1
1782782940,96.3675,96.3675,96.3675,96.3675,4
1782783120,96.3675,96.3675,96.3675,96.3675,5
1782783360,96.3675,96.3675,96.3675,96.3675,2
1782783540,96.3675,96.3675,96.3675,96.3675,1
1782783780,96.3675,96.3675,96.3675,96.3675,1
1782784020,96.3675,96.3675,96.3675,96.3675,1
1782784380,96.3675,96.3675,96.3675,96.3675,3
1782784560,96.3675,96.3675,96.3675,96.3675,2
1782784740,96.3675,96.3675,96.3675,96.3675,6
1782784860,96.3675,96.3675,96.3675,96.3675,1
1782785220,96.3675,96.3675,96.3675,96.3675,1
1782785280,96.3675,96.3675,96.3675,96.3675,1
1782785580,96.3675,96.3675,96.3675,96.3675,1
1782785820,96.3675,96.3675,96.3675,96.3675,1
1782786300,96.3675,96.3675,96.3675,96.3675,1
1782786660,96.3675,96.3675,96.3675,96.3675,1
1782786840,96.3675,96.3675,96.3675,96.3675,1
1782787140,96.3675,96.3675,96.3675,96.3675,1
1782787320,96.3675,96.3675,96.3675,96.3675,1
1782787380,96.3675,96.3675,96.3675,96.3675,1
1782787620,96.3675,96.3675,96.3675,96.3675,2
1782787740,96.3675,96.3675,96.3675,96.3675,2
1782788040,96.3675,96.3675,96.3675,96.3675,1
1782788100,96.3675,96.3675,96.3675,96.3675,2
1782788400,96.3675,96.3675,96.3675,96.3675,2
1782788580,96.3675,96.3675,96.3675,96.3675,1
1782788760,96.3675,96.3675,96.3675,96.3675,2
1782788820,96.3675,96.3675,96.3675,96.3675,2
1782789060,96.3675,96.3675,96.3675,96.3675,1
1782789360,96.3675,96.3675,96.3675,96.3675,1
1782789540,96.3675,96.3675,96.3675,96.3675,3
1782789720,96.3675,96.3675,96.3675,96.3675,1
1782790260,96.3675,96.3675,96.3675,96.3675,4
1782790620,96.3675,96.3675,96.3675,96.3675,1
1782790740,96.3675,96.3675,96.3675,96.3675,1
1782791220,96.3675,96.3675,96.3675,96.3675,1
1782791640,96.3675,96.3675,96.3675,96.3675,1
1782791820,96.3675,96.3675,96.3675,96.3675,1
1782792000,96.3675,96.3675,96.3675,96.3675,1
1782792720,96.3675,96.3675,96.3675,96.3675,1
1782792840,96.3675,96.3675,96.3675,96.3675,2
1782793020,96.3675,96.3675,96.3675,96.3675,2
1782793080,96.3675,96.3675,96.3675,96.3675,3
1782793200,96.3675,96.3675,96.3675,96.3675,1
1782793440,96.3675,96.3675,96.3675,96.3675,1
1782793740,96.3675,96.3675,96.3675,96.3675,1
1782793800,96.3675,96.3675,96.3675,96.3675,1
1782793980,96.3675,96.3675,96.3675,96.3675,3
1782794220,96.3675,96.3675,96.3675,96.3675,1
1782794940,96.3675,96.3675,96.3675,96.3675,1
1782795180,96.3675,96.3675,96.3675,96.3675,1
1782795240,96.3675,96.3675,96.3675,96.3675,1
1782795420,96.3675,96.3675,96.3675,96.3675,3
1782795660,96.3675,96.3675,96.3675,96.3675,2
1782795900,96.3675,96.3675,96.3675,96.3675,1
1782796020,96.3675,96.3675,96.3675,96.3675,2
1782796200,96.3675,96.3675,96.3675,96.3675,1
1782796260,96.3675,96.3675,96.3675,96.3675,3
1782796500,96.3675,96.3675,96.3675,96.3675,1
1782796740,96.3675,96.3675,96.3675,96.3675,27
1782796800,96.3675,96.3675,96.3675,96.3675,1
1782796860,96.3675,96.3675,96.3675,96.3675,1
1782796920,96.3675,96.3675,96.3675,96.3675,1
1782797160,96.3675,96.3675,96.3675,96.3675,1
1782797220,96.3675,96.3675,96.3675,96.3675,3
1782797280,96.3675,96.3675,96.3675,96.3675,1
1782797400,96.3675,96.3675,96.3675,96.3675,1
1782797520,96.3675,96.3675,96.3675,96.3675,2
1782797760,96.3675,96.3675,96.3675,96.3675,2
1782797940,96.3675,96.3675,96.3675,96.3675,2
1782798120,96.3675,96.3675,96.3675,96.3675,1
1782798360,96.3675,96.3675,96.3675,96.3675,2
1782798720,96.3675,96.3675,96.3675,96.3675,1
1782799140,96.3675,96.3675,96.3675,96.3675,1
1782801780,96.3675,96.3675,96.3675,96.3675,7
1782805920,96.3675,96.3675,96.3675,96.3675,31
1782810300,96.3675,96.3675,96.3675,96.3675,25
1782814500,96.3675,96.3675,96.3675,96.3675,1
1782820020,96.365,96.365,96.365,96.365,91
1782820080,96.365,96.365,96.365,96.365,103
1782820140,96.365,96.365,96.365,96.365,91
1782820320,96.365,96.365,96.365,96.365,100
1782820440,96.365,96.365,96.365,96.365,27
1782820500,96.365,96.365,96.365,96.365,88
1782821820,96.3675,96.3675,96.3675,96.3675,3
1782822660,96.3675,96.3675,96.3675,96.3675,1
1782822960,96.3675,96.3675,96.3675,96.3675,3
1782823140,96.3675,96.3675,96.3675,96.3675,14
1782823680,96.365,96.365,96.365,96.365,37
1782824040,96.3675,96.3675,96.3675,96.3675,68
1782824280,96.365,96.365,96.365,96.365,1
1782825000,96.3675,96.3675,96.3675,96.3675,51
1782825120,96.3675,96.3675,96.3675,96.3675,4
1782825420,96.3675,96.3675,96.3675,96.3675,3
1782825480,96.3675,96.3675,96.3675,96.3675,14
1782825780,96.3675,96.3675,96.3675,96.3675,7
1782825960,96.3675,96.3675,96.3675,96.3675,9
1782826140,96.3675,96.3675,96.3675,96.3675,234
1782826260,96.3675,96.3675,96.3675,96.3675,181
1782826560,96.3675,96.3675,96.3675,96.3675,41
1782827280,96.3675,96.3675,96.3675,96.3675,9
1782827340,96.3675,96.3675,96.3675,96.3675,21
1782827700,96.3675,96.3675,96.3675,96.3675,1
1782827940,96.3675,96.3675,96.3675,96.3675,6
1782828000,96.3675,96.3675,96.3675,96.3675,1
1782828240,96.3675,96.3675,96.3675,96.3675,24
1782828480,96.3675,96.3675,96.3675,96.3675,1
1782828600,96.3675,96.3675,96.3675,96.3675,7
1782828720,96.3675,96.3675,96.3675,96.3675,100
1782828780,96.3675,96.3675,96.3675,96.3675,100
1782828840,96.3675,96.3675,96.3675,96.3675,100
1782828960,96.3675,96.3675,96.3675,96.3675,101
1782829080,96.365,96.365,96.365,96.365,346
1782829500,96.3675,96.3675,96.365,96.365,221
1782831000,96.3675,96.3675,96.365,96.3675,629
1782831420,96.3675,96.3675,96.3675,96.3675,10
1782831480,96.3675,96.3675,96.3675,96.3675,69
1782831540,96.3675,96.3675,96.3675,96.3675,6
1782832020,96.3675,96.3675,96.365,96.365,60
1782832980,96.365,96.365,96.365,96.365,100
1782834180,96.3675,96.3675,96.3675,96.3675,2
1782834300,96.365,96.3675,96.365,96.365,251
1782834960,96.365,96.365,96.365,96.365,100
1782835500,96.3675,96.3675,96.3675,96.3675,1
1782835800,96.365,96.365,96.365,96.365,1
1782835860,96.365,96.3675,96.365,96.3675,2
1782835920,96.365,96.365,96.365,96.365,1
1782835980,96.3675,96.3675,96.365,96.365,14
1782836100,96.365,96.365,96.365,96.365,1
1782836160,96.365,96.365,96.365,96.365,1
1782836880,96.3675,96.3675,96.3675,96.3675,2
1782837300,96.3675,96.3675,96.3675,96.3675,1
1782838080,96.3675,96.3675,96.3675,96.3675,60
1782838320,96.3675,96.3675,96.3675,96.3675,1
1782839100,96.3675,96.3675,96.3675,96.3675,1
1782840000,96.365,96.365,96.365,96.365,1
1782840420,96.3675,96.3675,96.3675,96.3675,1
1782841560,96.3675,96.3675,96.3675,96.3675,1
1782841920,96.3675,96.3675,96.3675,96.3675,15
1782842400,96.3675,96.3675,96.3675,96.3675,1
1782843120,96.3675,96.3675,96.3675,96.3675,1
1782844620,96.3675,96.3675,96.3675,96.3675,1
1782845040,96.3675,96.3675,96.3675,96.3675,5
1782845460,96.3675,96.3675,96.3675,96.3675,1
1782845940,96.3675,96.3675,96.3675,96.3675,3
1782846300,96.3675,96.3675,96.3675,96.3675,4
1782846540,96.365,96.365,96.365,96.365,80
1782847860,96.3675,96.3675,96.365,96.365,44
1782847920,96.365,96.365,96.365,96.365,35
1782849000,96.365,96.3675,96.365,96.3675,2
1782849060,96.365,96.365,96.365,96.365,68
1782849480,96.3675,96.3675,96.3675,96.3675,108
1782849540,96.3675,96.3675,96.3675,96.3675,100
1782850020,96.3675,96.3675,96.3675,96.3675,15
1782850080,96.3675,96.3675,96.3675,96.3675,16
1782851040,96.365,96.365,96.365,96.365,300
1782851280,96.365,96.365,96.365,96.365,336
1782852900,96.3675,96.3675,96.3675,96.3675,17
1782852960,96.3675,96.3675,96.3675,96.3675,7
1782853020,96.3675,96.3675,96.3675,96.3675,116
1782853080,96.365,96.365,96.365,96.365,2
1782853140,96.365,96.365,96.365,96.365,47
1782856800,96.29,96.29,96.29,96.29,306
1782856860,96.29,96.29,96.29,96.29,95
1782856920,96.29,96.29,96.29,96.29,1
1782857640,96.29,96.29,96.29,96.29,274
1782857820,96.29,96.29,96.29,96.29,137
1782859200,96.29,96.29,96.29,96.29,1068
1782860880,96.29,96.29,96.29,96.29,10
1782864540,96.285,96.285,96.285,96.285,14
1782864600,96.285,96.285,96.285,96.285,13
1782864780,96.285,96.285,96.285,96.285,15
1782865320,96.285,96.285,96.285,96.285,18
1782866220,96.29,96.29,96.29,96.29,50
1782869160,96.285,96.285,96.285,96.285,14
1782872880,96.285,96.285,96.285,96.285,12
1782872940,96.285,96.285,96.285,96.285,5
1782873000,96.285,96.285,96.285,96.285,500
1782873240,96.285,96.285,96.285,96.285,350
1782873360,96.285,96.285,96.285,96.285,10
1782878760,96.29,96.29,96.29,96.29,1
1782879060,96.285,96.285,96.285,96.285,13
1782882900,96.29,96.29,96.29,96.29,19
1782883380,96.29,96.29,96.29,96.29,29
1782884880,96.29,96.29,96.29,96.29,150
1782885540,96.29,96.29,96.29,96.29,21
1782888900,96.29,96.29,96.29,96.29,2
1782889200,96.29,96.29,96.29,96.29,192
1782890580,96.29,96.29,96.29,96.29,114
1782892800,96.285,96.285,96.285,96.285,45
1782893460,96.29,96.29,96.29,96.29,15
1782893880,96.29,96.29,96.29,96.29,1
1782894060,96.285,96.285,96.285,96.285,23
1782895620,96.29,96.29,96.29,96.29,1
1782896400,96.29,96.29,96.29,96.29,139
1782898080,96.29,96.29,96.29,96.29,440
1782899220,96.29,96.29,96.29,96.29,81
1782899280,96.29,96.29,96.29,96.29,17
1782899700,96.285,96.285,96.285,96.285,559
1782899940,96.285,96.29,96.285,96.29,526
1782900000,96.285,96.285,96.285,96.285,600
1782900420,96.285,96.285,96.285,96.285,3555
1782900480,96.285,96.285,96.285,96.285,600
1782900600,96.285,96.285,96.285,96.285,62
1782900720,96.285,96.285,96.285,96.285,21
1782900780,96.285,96.285,96.285,96.285,336
1782900900,96.285,96.285,96.285,96.285,424
1782900960,96.285,96.285,96.285,96.285,564
1782901020,96.285,96.285,96.285,96.285,76
1782901080,96.285,96.285,96.285,96.285,40
1782902280,96.285,96.285,96.285,96.285,1819
1782902400,96.285,96.285,96.285,96.285,2715
1782902460,96.285,96.285,96.285,96.285,38
1782902520,96.285,96.285,96.285,96.285,89
1782902580,96.285,96.285,96.285,96.285,5
1782903000,96.285,96.285,96.285,96.285,2
1782903360,96.285,96.285,96.285,96.285,50
1782903780,96.285,96.285,96.285,96.285,850
1782903900,96.285,96.285,96.285,96.285,200
1782905220,96.29,96.29,96.29,96.29,7
1782906780,96.285,96.285,96.285,96.285,623
1782907080,96.29,96.29,96.29,96.29,4
1782907320,96.29,96.29,96.29,96.29,3
1782907740,96.285,96.285,96.285,96.285,1
1782907860,96.29,96.29,96.29,96.29,14
1782907920,96.285,96.285,96.285,96.285,206
1782908040,96.285,96.285,96.285,96.285,100
1782908100,96.285,96.29,96.285,96.29,1801
1782908400,96.29,96.29,96.29,96.29,2
1782908460,96.29,96.29,96.29,96.29,8
1782908520,96.285,96.285,96.285,96.285,4707
1782908640,96.285,96.285,96.285,96.285,1086
1782908700,96.285,96.285,96.285,96.285,5
1782909300,96.285,96.285,96.285,96.285,250
1782909360,96.285,96.285,96.285,96.285,50
1782909600,96.285,96.285,96.285,96.285,5880
1782909660,96.285,96.285,96.285,96.285,1033
1782909900,96.285,96.285,96.285,96.285,72
1782910560,96.28,96.28,96.28,96.28,6328
1782910620,96.28,96.28,96.28,96.28,2856
1782910680,96.28,96.28,96.28,96.28,625
1782910740,96.28,96.28,96.28,96.28,130
1782910800,96.28,96.28,96.28,96.28,1088
1782910860,96.28,96.28,96.28,96.28,753
1782910920,96.28,96.28,96.28,96.28,551
1782910980,96.28,96.28,96.28,96.28,59
1782911040,96.28,96.28,96.28,96.28,9
1782911100,96.28,96.28,96.275,96.275,361
1782911160,96.275,96.275,96.275,96.275,1
1782911220,96.28,96.285,96.28,96.28,491
1782911280,96.275,96.275,96.275,96.275,44
1782911340,96.28,96.28,96.275,96.275,11128
1782911400,96.275,96.275,96.275,96.275,2150
1782911460,96.275,96.275,96.275,96.275,2000
1782911520,96.275,96.275,96.275,96.275,4797
1782911580,96.275,96.275,96.275,96.275,36
1782911640,96.275,96.275,96.275,96.275,1182
1782911700,96.275,96.275,96.275,96.275,761
1782911760,96.275,96.275,96.275,96.275,2220
1782911820,96.28,96.28,96.28,96.28,6797
1782911880,96.28,96.28,96.28,96.28,1601
1782911940,96.285,96.285,96.28,96.28,460
1782912060,96.285,96.285,96.285,96.285,4586
1782912120,96.285,96.285,96.285,96.285,2982
1782912180,96.285,96.285,96.285,96.285,1154
1782912240,96.285,96.285,96.285,96.285,583
1782912300,96.285,96.285,96.285,96.285,708
1782912360,96.285,96.285,96.285,96.285,916
1782912480,96.285,96.285,96.285,96.285,1000
1782912540,96.285,96.29,96.28,96.29,4820
1782912600,96.29,96.295,96.29,96.29,16238
1782912660,96.29,96.29,96.29,96.29,5215
1782912720,96.29,96.29,96.29,96.29,1001
1782912780,96.29,96.29,96.29,96.29,4363
1782912840,96.29,96.29,96.29,96.29,1231
1782912900,96.29,96.29,96.29,96.29,1123
1782912960,96.29,96.29,96.29,96.29,3
1782913020,96.29,96.29,96.29,96.29,200
1782913080,96.29,96.29,96.29,96.29,2181
1782913140,96.29,96.29,96.29,96.29,355
1782913200,96.29,96.29,96.29,96.29,51
1782913260,96.29,96.295,96.29,96.295,1007
1782913380,96.29,96.29,96.29,96.29,100
1782913500,96.295,96.295,96.295,96.295,1267
1782913560,96.295,96.295,96.295,96.295,1589
1782913620,96.295,96.295,96.295,96.295,2253
1782913680,96.295,96.295,96.295,96.295,212
1782913740,96.295,96.295,96.295,96.295,52
1782913800,96.295,96.295,96.295,96.295,649
1782913860,96.295,96.295,96.295,96.295,976
1782913920,96.295,96.295,96.295,96.295,1180
1782914040,96.295,96.295,96.295,96.295,502
1782914100,96.295,96.295,96.295,96.295,63
1782914220,96.295,96.295,96.295,96.295,25
1782914280,96.295,96.295,96.295,96.295,2
1782914340,96.295,96.295,96.295,96.295,153
1782914400,96.3,96.305,96.3,96.3,2350
1782914520,96.3,96.305,96.3,96.3,2431
1782914580,96.3,96.3,96.3,96.3,223
1782914640,96.3,96.3,96.3,96.3,50
1782914820,96.305,96.305,96.3,96.305,4128
1782914880,96.305,96.305,96.305,96.305,70
1782914940,96.305,96.31,96.305,96.31,3570
1782915000,96.31,96.31,96.31,96.31,1
1782915120,96.31,96.31,96.305,96.305,14
1782915180,96.305,96.305,96.305,96.305,58
1782915300,96.305,96.305,96.305,96.305,2233
1782915360,96.305,96.305,96.305,96.305,494
1782915420,96.3,96.3,96.3,96.3,50
1782915480,96.3,96.3,96.3,96.3,175
1782915540,96.3,96.3,96.3,96.3,100
1782915600,96.3,96.3,96.3,96.3,30
1782915660,96.3,96.3,96.3,96.3,50
1782915780,96.3,96.3,96.3,96.3,200
1782915900,96.3,96.3,96.3,96.3,100
1782915960,96.3,96.3,96.3,96.3,1227
1782916140,96.3,96.3,96.3,96.3,370
1782916200,96.3,96.3,96.3,96.3,1221
1782916260,96.3,96.3,96.3,96.3,150
1782916380,96.3,96.3,96.3,96.3,50
1782916500,96.3,96.3,96.3,96.3,100
1782916560,96.3,96.3,96.3,96.3,400
1782916620,96.3,96.3,96.3,96.3,6863
1782916680,96.3,96.3,96.3,96.3,1222
1782916740,96.3,96.3,96.3,96.3,938
1782916800,96.3,96.3,96.3,96.3,390
1782917040,96.3,96.3,96.3,96.3,1463
1782917160,96.3,96.3,96.3,96.3,362
1782917220,96.3,96.3,96.3,96.3,45
1782917280,96.3,96.3,96.3,96.3,150
1782917340,96.3,96.3,96.3,96.3,352
1782917400,96.3,96.3,96.3,96.3,200
1782917460,96.3,96.3,96.3,96.3,500
1782917820,96.3,96.3,96.3,96.3,710
1782918000,96.3,96.3,96.3,96.3,284
1782918180,96.3,96.3,96.3,96.3,200
1782918360,96.3,96.3,96.3,96.3,250
1782919380,96.3,96.3,96.295,96.295,3
1782919560,96.3,96.3,96.3,96.3,67
1782919860,96.3,96.3,96.3,96.3,1250
1782919920,96.3,96.3,96.295,96.3,76
1782919980,96.295,96.295,96.295,96.295,34
1782920220,96.295,96.3,96.295,96.3,128
1782920460,96.3,96.3,96.3,96.3,337
1782920760,96.3,96.3,96.3,96.3,157
1782921060,96.295,96.295,96.295,96.295,65
1782922020,96.3,96.3,96.3,96.3,127
1782922200,96.3,96.3,96.3,96.3,10
1782922560,96.3,96.3,96.3,96.3,4960
1782922740,96.3,96.3,96.3,96.3,100
1782922800,96.3,96.3,96.3,96.3,1380
1782922860,96.3,96.3,96.3,96.3,5
1782923100,96.305,96.305,96.3,96.3,423
1782923400,96.3,96.3,96.3,96.3,4
1782923700,96.3,96.3,96.3,96.3,150
1782923760,96.3,96.3,96.3,96.3,156
1782924420,96.3,96.3,96.3,96.3,1
1782924600,96.3,96.3,96.3,96.3,26
1782925080,96.3,96.3,96.3,96.3,2
1782925680,96.3,96.3,96.3,96.3,783
1782925800,96.3,96.3,96.3,96.3,911
1782925980,96.3,96.3,96.3,96.3,487
1782926220,96.3,96.3,96.3,96.3,2
1782926460,96.3,96.3,96.3,96.3,250
1782926520,96.3,96.3,96.3,96.3,66
1782926580,96.3,96.3,96.3,96.3,14
1782926760,96.3,96.3,96.3,96.3,1
1782926820,96.3,96.3,96.3,96.3,3
1782926940,96.3,96.3,96.3,96.3,30
1782927120,96.3,96.3,96.3,96.3,15
1782927480,96.3,96.3,96.3,96.3,971
1782927540,96.3,96.3,96.3,96.3,185
1782927600,96.3,96.3,96.3,96.3,102
1782927660,96.3,96.3,96.3,96.3,2
1782927720,96.3,96.3,96.3,96.3,4
1782928500,96.3,96.3,96.3,96.3,82
1782928620,96.3,96.3,96.3,96.3,573
1782928680,96.3,96.3,96.3,96.3,243
1782928740,96.3,96.3,96.3,96.3,168
1782928800,96.3,96.3,96.3,96.3,79
1782928920,96.3,96.3,96.3,96.3,1
1782929160,96.3,96.3,96.3,96.3,89
1782929220,96.3,96.3,96.3,96.3,265
1782929460,96.305,96.305,96.305,96.305,200
1782929520,96.3,96.3,96.3,96.3,245
1782929760,96.3,96.3,96.3,96.3,68
1782929820,96.3,96.3,96.3,96.3,135
1782929940,96.305,96.305,96.305,96.305,100
1782930060,96.3,96.3,96.3,96.3,6
1782930180,96.3,96.3,96.3,96.3,1
1782930300,96.3,96.3,96.3,96.3,101
1782930540,96.3,96.3,96.3,96.3,700
1782930660,96.3,96.3,96.3,96.3,1800
1782930780,96.305,96.305,96.305,96.305,8
1782930960,96.3,96.3,96.3,96.3,550
1782931020,96.3,96.3,96.3,96.3,100
1782931080,96.3,96.3,96.3,96.3,51
1782931200,96.3,96.3,96.3,96.3,7
1782931380,96.3,96.3,96.3,96.3,400
1782931980,96.3,96.3,96.3,96.3,135
1782932100,96.3,96.3,96.3,96.3,25
1782932340,96.305,96.305,96.305,96.305,5
1782932580,96.3,96.3,96.3,96.3,100
1782933120,96.3,96.3,96.3,96.3,50
1782933300,96.3,96.3,96.3,96.3,998
1782933360,96.3,96.3,96.3,96.3,810
1782933420,96.3,96.3,96.3,96.3,916
1782933480,96.3,96.3,96.3,96.3,57
1782933540,96.3,96.3,96.3,96.3,425
1782933600,96.3,96.3,96.3,96.3,835
1782933720,96.3,96.3,96.3,96.3,31
1782933780,96.3,96.3,96.3,96.3,230
1782933960,96.3,96.3,96.3,96.3,680
1782934320,96.3,96.3,96.3,96.3,4
1782934800,96.3,96.3,96.3,96.3,200
1782934860,96.3,96.3,96.3,96.3,200
1782934980,96.3,96.3,96.3,96.3,100
1782935880,96.305,96.305,96.305,96.305,170
1782935940,96.3,96.3,96.3,96.3,2
1782936060,96.3,96.3,96.3,96.3,360
1782936120,96.3,96.3,96.3,96.3,50
1782936660,96.3,96.3,96.3,96.3,2
1782936720,96.3,96.3,96.3,96.3,120
1782936780,96.305,96.305,96.305,96.305,12
1782937140,96.3,96.305,96.3,96.3,1683
1782937260,96.3,96.305,96.3,96.305,115
1782937500,96.3,96.3,96.3,96.3,451
1782937680,96.3,96.3,96.3,96.3,432
1782937740,96.3,96.3,96.3,96.3,2
1782937860,96.3,96.3,96.3,96.3,1
1782937920,96.3,96.3,96.3,96.3,1
1782938160,96.3,96.3,96.3,96.3,75
1782938280,96.3,96.3,96.3,96.3,662
1782938340,96.3,96.3,96.3,96.3,1
1782938400,96.3,96.3,96.3,96.3,1
1782938760,96.3,96.3,96.3,96.3,33
1782938820,96.3,96.3,96.3,96.3,150
1782938880,96.3,96.3,96.3,96.3,50
1782939000,96.3,96.3,96.3,96.3,532
1782939120,96.3,96.3,96.3,96.3,201
1782939180,96.3,96.3,96.3,96.3,153
1782939420,96.3,96.3,96.3,96.3,251
1782939480,96.3,96.3,96.3,96.3,9
1782943200,96.3,96.3,96.3,96.3,6
1782943320,96.3,96.3,96.3,96.3,51
1782943500,96.3,96.3,96.3,96.3,26
1782945600,96.3,96.3,96.3,96.3,347
1782950940,96.3,96.3,96.3,96.3,2
1782952740,96.3,96.3,96.3,96.3,1029
1782953760,96.3,96.3,96.3,96.3,100
1782955080,96.3,96.3,96.3,96.3,566
1782955740,96.3,96.3,96.3,96.3,823
1782956400,96.3,96.3,96.3,96.3,7
1782957360,96.3,96.3,96.3,96.3,26
1782957720,96.295,96.295,96.295,96.295,20
1782958020,96.3,96.3,96.3,96.3,125
1782958080,96.3,96.3,96.3,96.3,25
1782959520,96.3,96.3,96.3,96.3,1
1782959580,96.3,96.3,96.3,96.3,1
1782961380,96.3,96.3,96.3,96.3,2
1782963540,96.295,96.295,96.295,96.295,9
1782971640,96.295,96.295,96.295,96.295,500
1782973260,96.295,96.295,96.295,96.295,56
1782973320,96.295,96.295,96.295,96.295,125
1782973620,96.295,96.295,96.295,96.295,24
1782974040,96.3,96.3,96.3,96.3,335
1782974100,96.3,96.3,96.3,96.3,11
1782976380,96.3,96.3,96.3,96.3,1
1782976860,96.295,96.295,96.295,96.295,25
1782977100,96.295,96.3,96.295,96.3,200
1782977760,96.295,96.3,96.295,96.3,11060
1782977820,96.295,96.295,96.295,96.295,587
1782977880,96.295,96.295,96.295,96.295,809
1782977940,96.3,96.3,96.3,96.3,1
1782978000,96.3,96.3,96.3,96.3,5259
1782979740,96.295,96.295,96.295,96.295,100
1782982080,96.3,96.3,96.3,96.3,16
1782982440,96.295,96.3,96.295,96.295,10225
1782982560,96.295,96.295,96.295,96.295,2332
1782982680,96.295,96.295,96.295,96.295,100
1782982740,96.295,96.295,96.295,96.295,100
1782982800,96.295,96.295,96.295,96.295,50
1782982860,96.295,96.295,96.295,96.295,888
1782982920,96.295,96.295,96.295,96.295,2
1782982980,96.295,96.295,96.295,96.295,43
1782983040,96.295,96.295,96.295,96.295,79
1782983280,96.295,96.295,96.295,96.295,2
1782983400,96.295,96.295,96.295,96.295,10
1782983460,96.295,96.295,96.295,96.295,125
1782983520,96.295,96.295,96.295,96.295,672
1782983700,96.295,96.295,96.295,96.295,201
1782983820,96.295,96.295,96.295,96.295,201
1782983940,96.295,96.295,96.295,96.295,4
1782984240,96.295,96.295,96.295,96.295,167
1782984600,96.295,96.295,96.295,96.295,10
1782984660,96.295,96.295,96.295,96.295,1544
1782984840,96.295,96.295,96.295,96.295,250
1782984900,96.295,96.295,96.295,96.295,1
1782985140,96.295,96.295,96.295,96.295,139
1782985320,96.295,96.295,96.295,96.295,456
1782986040,96.295,96.295,96.295,96.295,269
1782987420,96.295,96.295,96.295,96.295,9
1782987480,96.295,96.295,96.295,96.295,1
1782987540,96.295,96.295,96.295,96.295,1
1782987600,96.295,96.295,96.295,96.295,2
1782987660,96.295,96.295,96.295,96.295,1
1782987720,96.295,96.295,96.295,96.295,1
1782987780,96.295,96.295,96.295,96.295,2
1782987840,96.295,96.295,96.295,96.295,1
1782987900,96.295,96.295,96.295,96.295,1
1782987960,96.295,96.295,96.295,96.295,2
1782988020,96.295,96.295,96.295,96.295,1
1782988080,96.295,96.295,96.295,96.295,1
1782988140,96.295,96.295,96.295,96.295,2
1782988200,96.295,96.295,96.295,96.295,2
1782988260,96.295,96.295,96.295,96.295,4
1782988320,96.295,96.295,96.295,96.295,369
1782988800,96.3,96.3,96.3,96.3,1710
1782989760,96.3,96.3,96.3,96.3,171
1782989880,96.3,96.3,96.3,96.3,1000
1782990000,96.3,96.3,96.3,96.3,3
1782990120,96.3,96.3,96.3,96.3,55
1782990960,96.3,96.3,96.3,96.3,1
1782991260,96.3,96.3,96.3,96.3,60
1782991560,96.295,96.295,96.295,96.295,1948
1782991620,96.295,96.295,96.295,96.295,50
1782991680,96.295,96.295,96.295,96.295,300
1782991740,96.295,96.295,96.295,96.295,561
1782991920,96.295,96.3,96.295,96.3,615
1782991980,96.295,96.295,96.295,96.295,251
1782992040,96.295,96.295,96.295,96.295,1000
1782992280,96.295,96.295,96.295,96.295,1078
1782992460,96.295,96.295,96.295,96.295,150
1782992640,96.295,96.295,96.295,96.295,4608
1782992700,96.295,96.295,96.295,96.295,100
1782992820,96.295,96.295,96.295,96.295,100
1782992880,96.295,96.295,96.295,96.295,16
1782992940,96.295,96.295,96.295,96.295,20
1782993120,96.295,96.295,96.295,96.295,500
1782993180,96.295,96.295,96.295,96.295,401
1782993240,96.295,96.295,96.295,96.295,626
1782993300,96.295,96.295,96.295,96.295,59
1782993420,96.295,96.295,96.295,96.295,6
1782993540,96.295,96.295,96.295,96.295,9
1782993600,96.295,96.295,96.295,96.295,951
1782993660,96.295,96.295,96.295,96.295,100
1782993720,96.295,96.295,96.295,96.295,1001
1782993840,96.295,96.295,96.295,96.295,406
1782993900,96.295,96.295,96.295,96.295,101
1782993960,96.295,96.295,96.295,96.295,210
1782994020,96.29,96.295,96.29,96.295,280
1782994080,96.295,96.295,96.29,96.29,143
1782994140,96.295,96.295,96.295,96.295,125
1782994200,96.295,96.295,96.295,96.295,100
1782994260,96.295,96.295,96.295,96.295,50
1782994320,96.295,96.295,96.295,96.295,100
1782994380,96.295,96.295,96.295,96.295,1000
1782994440,96.295,96.295,96.295,96.295,1024
1782994500,96.29,96.29,96.29,96.29,2248
1782994560,96.295,96.295,96.29,96.29,735
1782994620,96.29,96.29,96.29,96.29,553
1782994680,96.29,96.29,96.29,96.29,506
1782994740,96.29,96.29,96.29,96.29,214
1782994800,96.295,96.295,96.29,96.29,225
1782994860,96.29,96.29,96.29,96.29,614
1782994920,96.29,96.29,96.29,96.29,581
1782994980,96.29,96.29,96.29,96.29,233
1782995040,96.29,96.295,96.29,96.295,750
1782995100,96.295,96.295,96.295,96.295,875
1782995160,96.295,96.295,96.295,96.295,3
1782995220,96.29,96.295,96.29,96.295,800
1782995280,96.295,96.295,96.29,96.29,23
1782995340,96.295,96.295,96.29,96.295,519
1782995400,96.3,96.34,96.3,96.33,11408
1782995460,96.335,96.335,96.325,96.325,15437
1782995520,96.325,96.33,96.325,96.325,11417
1782995580,96.325,96.325,96.315,96.325,20303
1782995640,96.325,96.33,96.32,96.33,8417
1782995700,96.33,96.33,96.325,96.325,1344
1782995760,96.33,96.33,96.325,96.325,13986
1782995820,96.325,96.325,96.325,96.325,153
1782995880,96.325,96.325,96.325,96.325,5518
1782996000,96.33,96.33,96.33,96.33,6274
1782996060,96.33,96.33,96.33,96.33,4252
1782996120,96.33,96.33,96.325,96.325,18708
1782996180,96.325,96.33,96.325,96.33,329
1782996240,96.33,96.33,96.33,96.33,2301
1782996300,96.325,96.325,96.325,96.325,211
1782996360,96.33,96.33,96.33,96.33,100
1782996420,96.325,96.33,96.325,96.325,2677
1782996480,96.325,96.325,96.325,96.325,12184
1782996540,96.32,96.325,96.32,96.325,613
1782996660,96.325,96.325,96.325,96.325,626
1782996780,96.325,96.325,96.325,96.325,225
1782996840,96.325,96.325,96.32,96.32,524
1782996960,96.32,96.325,96.32,96.325,814
1782997020,96.325,96.325,96.32,96.32,106
1782997080,96.32,96.32,96.32,96.32,1009
1782997440,96.325,96.325,96.325,96.325,3480
1782997500,96.325,96.325,96.325,96.325,800
1782997680,96.325,96.325,96.325,96.325,5607
1782997740,96.325,96.325,96.325,96.325,2074
1782997800,96.325,96.325,96.325,96.325,1047
1782997860,96.325,96.325,96.325,96.325,2
1782998100,96.325,96.325,96.325,96.325,946
1782998160,96.325,96.325,96.325,96.325,67
1782998220,96.325,96.325,96.325,96.325,44
1782998340,96.325,96.325,96.325,96.325,1285
1782998400,96.325,96.325,96.325,96.325,992
1782998520,96.325,96.325,96.325,96.325,2476
1782998580,96.325,96.325,96.325,96.325,100
1782998640,96.325,96.325,96.325,96.325,756
1782998700,96.325,96.325,96.325,96.325,196
1782998760,96.325,96.325,96.325,96.325,154
1782998940,96.325,96.325,96.325,96.325,2
1782999000,96.325,96.325,96.325,96.325,69
1782999120,96.33,96.33,96.33,96.33,100
1782999300,96.325,96.325,96.325,96.325,8930
1782999360,96.325,96.325,96.325,96.325,157
1782999420,96.325,96.325,96.325,96.325,2013
1782999480,96.325,96.33,96.325,96.325,1240
1782999600,96.325,96.325,96.325,96.325,100
1782999720,96.325,96.325,96.325,96.325,285
1782999780,96.325,96.325,96.325,96.325,92
1782999840,96.325,96.325,96.325,96.325,231
1782999900,96.325,96.325,96.32,96.32,2507
1782999960,96.325,96.325,96.32,96.325,898
1783000080,96.325,96.325,96.325,96.325,540
1783000140,96.325,96.325,96.32,96.32,242
1783000380,96.325,96.325,96.325,96.325,2
1783000440,96.325,96.325,96.325,96.325,30
1783000500,96.325,96.325,96.325,96.325,2000
1783000740,96.325,96.325,96.325,96.325,381
1783000800,96.325,96.325,96.325,96.325,50
1783000980,96.325,96.325,96.325,96.325,100
1783001040,96.325,96.325,96.325,96.325,200
1783001220,96.325,96.325,96.325,96.325,100
1783001400,96.325,96.325,96.325,96.325,60
1783001580,96.325,96.325,96.325,96.325,100
1783001640,96.325,96.325,96.325,96.325,10
1783001940,96.325,96.325,96.325,96.325,29
1783002540,96.32,96.32,96.32,96.32,150
1783002660,96.325,96.325,96.325,96.325,505
1783003020,96.325,96.325,96.325,96.325,375
1783003080,96.325,96.325,96.325,96.325,50
1783003140,96.325,96.325,96.325,96.325,2100
1783003200,96.325,96.325,96.325,96.325,356
1783003260,96.325,96.325,96.325,96.325,3273
1783003320,96.325,96.325,96.325,96.325,721
1783003380,96.325,96.325,96.325,96.325,51
1783003440,96.325,96.325,96.325,96.325,50
1783003500,96.325,96.325,96.325,96.325,762
1783003560,96.325,96.325,96.325,96.325,667
1783003680,96.325,96.325,96.325,96.325,25
1783003740,96.325,96.325,96.325,96.325,1
1783004340,96.325,96.325,96.325,96.325,5
1783004400,96.325,96.33,96.325,96.325,2548
1783004640,96.325,96.325,96.325,96.325,11
1783004820,96.325,96.325,96.325,96.325,30
1783005300,96.33,96.33,96.33,96.33,1
1783005360,96.325,96.325,96.325,96.325,500
1783005540,96.325,96.325,96.325,96.325,15
1783005780,96.325,96.325,96.325,96.325,11
1783005960,96.325,96.325,96.325,96.325,750
1783006140,96.325,96.325,96.325,96.325,5
1783006200,96.325,96.325,96.325,96.325,100
1783006260,96.325,96.325,96.325,96.325,77
1783006380,96.325,96.325,96.325,96.325,48
1783006440,96.325,96.325,96.325,96.325,27
1783006500,96.33,96.33,96.33,96.33,378
1783006740,96.33,96.33,96.33,96.33,398
1783006800,96.325,96.325,96.325,96.325,269
1783006980,96.325,96.325,96.325,96.325,100
1783007100,96.325,96.325,96.325,96.325,19
1783007220,96.325,96.325,96.325,96.325,7
1783007400,96.325,96.325,96.325,96.325,100
1783007580,96.325,96.325,96.325,96.325,1199
1783007760,96.325,96.325,96.325,96.325,1043
1783007820,96.325,96.325,96.325,96.325,250
1783008000,96.325,96.325,96.325,96.325,1
1783008240,96.325,96.325,96.325,96.325,112
1783008360,96.325,96.325,96.325,96.325,1
1783008540,96.325,96.325,96.325,96.325,100
1783008780,96.325,96.325,96.325,96.325,2
1783009260,96.325,96.325,96.325,96.325,178
1783009680,96.325,96.325,96.325,96.325,100
1783010100,96.325,96.325,96.325,96.325,100
1783010220,96.325,96.325,96.325,96.325,28
1783010400,96.325,96.325,96.325,96.325,120
1783010640,96.325,96.325,96.325,96.325,501
1783010760,96.325,96.325,96.325,96.325,120
1783011120,96.325,96.325,96.325,96.325,313
1783011240,96.325,96.325,96.325,96.325,9
1783011360,96.325,96.325,96.325,96.325,5563
1783011420,96.325,96.325,96.325,96.325,695
1783011480,96.325,96.325,96.325,96.325,30
1783011540,96.32,96.32,96.32,96.32,8
1783011600,96.32,96.32,96.32,96.32,12
1783011660,96.325,96.325,96.325,96.325,57
1783011780,96.325,96.325,96.325,96.325,147
1783011840,96.325,96.325,96.325,96.325,5
1783012080,96.325,96.325,96.325,96.325,142
1783012560,96.325,96.325,96.325,96.325,60
1783012740,96.325,96.325,96.325,96.325,2
1783013220,96.325,96.325,96.325,96.325,32
1783013340,96.325,96.325,96.325,96.325,900
1783013400,96.325,96.325,96.325,96.325,8
1783013760,96.325,96.325,96.325,96.325,23
1783013880,96.325,96.325,96.325,96.325,171
1783013940,96.325,96.325,96.325,96.325,348
1783014000,96.33,96.33,96.33,96.33,100
1783014060,96.325,96.325,96.325,96.325,11
1783014300,96.325,96.325,96.325,96.325,255
1783014480,96.325,96.325,96.325,96.325,1
1783014540,96.33,96.33,96.33,96.33,200
1783014600,96.325,96.325,96.325,96.325,169
1783014780,96.325,96.325,96.325,96.325,106
1783014840,96.325,96.325,96.325,96.325,63
1783015560,96.325,96.325,96.325,96.325,1634
1783015620,96.325,96.325,96.325,96.325,104
1783015740,96.325,96.325,96.325,96.325,2
1783015800,96.325,96.325,96.325,96.325,103
1783015980,96.325,96.325,96.325,96.325,4
1783016220,96.325,96.325,96.325,96.325,59
1783016700,96.325,96.325,96.325,96.325,8
1783017720,96.325,96.325,96.325,96.325,1
1783018620,96.32,96.325,96.32,96.325,85
1783018680,96.325,96.325,96.325,96.325,654
1783018800,96.325,96.325,96.325,96.325,401
1783018860,96.325,96.325,96.325,96.325,136
1783018920,96.325,96.325,96.325,96.325,33
1783018980,96.325,96.325,96.325,96.325,5
1783019040,96.325,96.325,96.325,96.325,740
1783019220,96.325,96.325,96.325,96.325,326
1783019400,96.325,96.325,96.325,96.325,50
1783019580,96.325,96.325,96.325,96.325,271
1783019640,96.325,96.325,96.325,96.325,22
1783019760,96.325,96.325,96.325,96.325,387
1783019820,96.325,96.325,96.325,96.325,391
1783019940,96.325,96.325,96.325,96.325,263
1783020000,96.325,96.325,96.325,96.325,218
1783020060,96.325,96.325,96.325,96.325,450
1783020480,96.325,96.325,96.325,96.325,5
1783021020,96.325,96.325,96.325,96.325,1
1783021860,96.325,96.325,96.325,96.325,715
1783022460,96.325,96.325,96.325,96.325,2
1783022940,96.325,96.325,96.325,96.325,61
1783023240,96.325,96.325,96.325,96.325,250
1783023300,96.325,96.325,96.325,96.325,11
1783023780,96.33,96.33,96.33,96.33,20
1783024200,96.325,96.325,96.325,96.325,1
1783029600,96.325,96.325,96.325,96.325,14
1783031760,96.325,96.325,96.325,96.325,48
1783031880,96.325,96.325,96.325,96.325,201
1783036440,96.33,96.33,96.33,96.33,5
1783041720,96.325,96.33,96.325,96.33,2
1783043700,96.33,96.33,96.33,96.33,5
1783043940,96.325,96.325,96.325,96.325,512
1783044480,96.325,96.325,96.325,96.325,22
1783048500,96.325,96.325,96.325,96.325,1
1783051560,96.325,96.325,96.325,96.325,232
1783051980,96.325,96.325,96.325,96.325,178
1783058100,96.325,96.325,96.325,96.325,1
1783061460,96.325,96.325,96.325,96.325,5
1783062240,96.325,96.325,96.325,96.325,32
1783062660,96.325,96.325,96.325,96.325,1
1783063740,96.325,96.325,96.325,96.325,555
1783064160,96.325,96.325,96.325,96.325,407
1783064340,96.325,96.325,96.325,96.325,9
1783066740,96.325,96.325,96.325,96.325,2
1783067340,96.33,96.33,96.33,96.33,1103
1783069920,96.33,96.33,96.33,96.33,18
1783074780,96.325,96.325,96.325,96.325,11
1783076880,96.325,96.325,96.325,96.325,33
1783078320,96.325,96.33,96.325,96.33,508
1783078440,96.33,96.33,96.33,96.33,19
1783080240,96.325,96.325,96.325,96.325,125
1783082400,96.325,96.325,96.325,96.325,1
1783084020,96.325,96.325,96.325,96.325,1
1783084200,96.325,96.325,96.325,96.325,98
1783084260,96.325,96.325,96.325,96.325,7
1783084320,96.325,96.325,96.325,96.325,100
1783090140,96.325,96.325,96.325,96.325,250
1783090740,96.325,96.325,96.325,96.325,2
1783092480,96.325,96.325,96.325,96.325,59
1783092960,96.325,96.325,96.325,96.325,28
1783093020,96.325,96.325,96.325,96.325,1
1783093440,96.325,96.325,96.325,96.325,9355
1783093560,96.325,96.325,96.325,96.325,237
1783093680,96.325,96.325,96.325,96.325,79
1783093920,96.325,96.325,96.325,96.325,1
1783094040,96.325,96.325,96.325,96.325,4
1783094580,96.32,96.32,96.315,96.315,42449
1783094700,96.315,96.315,96.315,96.315,536
1783094760,96.315,96.315,96.315,96.315,1
1783094820,96.32,96.32,96.32,96.32,5
1783095240,96.315,96.32,96.315,96.315,1239
1783095300,96.315,96.315,96.315,96.315,50
1783095600,96.315,96.315,96.315,96.315,20
1783095660,96.315,96.315,96.315,96.315,210
1783095780,96.315,96.315,96.315,96.315,10
1783095900,96.315,96.315,96.315,96.315,3
1783096200,96.315,96.315,96.315,96.315,2
1783096560,96.31,96.315,96.31,96.315,1530
1783096800,96.315,96.315,96.315,96.315,103
1783096980,96.315,96.315,96.315,96.315,1057
1783097100,96.315,96.315,96.315,96.315,200
1783097160,96.315,96.315,96.315,96.315,250
1783097340,96.315,96.315,96.315,96.315,20
1783097460,96.315,96.315,96.315,96.315,10
1783097640,96.315,96.315,96.315,96.315,12
1783097700,96.315,96.315,96.315,96.315,12
1783097820,96.315,96.315,96.315,96.315,8
1783097940,96.315,96.32,96.315,96.315,926
1783288800,96.315,96.315,96.315,96.315,6
1783288980,96.32,96.32,96.32,96.32,1
1783289580,96.32,96.32,96.32,96.32,125
1783290600,96.32,96.32,96.32,96.32,2
1783299360,96.32,96.32,96.32,96.32,500
1783305060,96.32,96.32,96.32,96.32,15
1783305840,96.315,96.315,96.315,96.315,100
1783311180,96.315,96.315,96.315,96.315,6814
1783311360,96.315,96.315,96.315,96.315,123
1783311600,96.315,96.315,96.315,96.315,65
1783312440,96.315,96.315,96.315,96.315,3
1783317540,96.31,96.31,96.31,96.31,4
1783317900,96.31,96.31,96.31,96.31,100
1783319880,96.315,96.315,96.315,96.315,1
1783322160,96.31,96.31,96.31,96.31,2
1783323000,96.315,96.315,96.315,96.315,1
1783323900,96.315,96.315,96.315,96.315,2
1783324260,96.315,96.315,96.315,96.315,18
1783327320,96.31,96.315,96.31,96.31,3004
1783327980,96.31,96.31,96.31,96.31,200
1783328100,96.31,96.31,96.31,96.31,22
1783330260,96.315,96.315,96.315,96.315,2
1783330860,96.315,96.315,96.315,96.315,30
1783331880,96.31,96.31,96.31,96.31,260
1783331940,96.31,96.31,96.31,96.31,10
1783332180,96.31,96.31,96.31,96.31,5
1783332360,96.31,96.31,96.31,96.31,5
1783332540,96.31,96.31,96.31,96.31,300
1783332660,96.31,96.31,96.31,96.31,15
1783335180,96.315,96.315,96.315,96.315,19
1783336500,96.315,96.315,96.315,96.315,5871
1783336620,96.315,96.315,96.315,96.315,1442
1783336680,96.315,96.315,96.315,96.315,2600
1783336740,96.315,96.315,96.315,96.315,193
1783336800,96.315,96.315,96.315,96.315,138
1783336920,96.315,96.315,96.315,96.315,98
1783337100,96.315,96.315,96.315,96.315,2
1783337160,96.315,96.315,96.315,96.315,500
1783337220,96.315,96.315,96.315,96.315,10
1783337340,96.315,96.315,96.315,96.315,1
1783337460,96.315,96.315,96.315,96.315,98
1783337520,96.315,96.315,96.315,96.315,12
1783337580,96.315,96.315,96.315,96.315,15
1783337640,96.315,96.315,96.315,96.315,178
1783337700,96.315,96.315,96.315,96.315,38
1783337820,96.315,96.315,96.315,96.315,50
1783337880,96.315,96.315,96.315,96.315,66
1783337940,96.315,96.315,96.315,96.315,4
1783338060,96.315,96.315,96.315,96.315,50
1783338240,96.315,96.315,96.315,96.315,5
1783338660,96.315,96.315,96.315,96.315,100
1783338780,96.315,96.315,96.315,96.315,76
1783339020,96.315,96.315,96.315,96.315,120
1783339140,96.315,96.315,96.315,96.315,48
1783339260,96.315,96.315,96.315,96.315,33
1783339320,96.315,96.315,96.315,96.315,255
1783339440,96.315,96.315,96.315,96.315,542
1783339500,96.315,96.315,96.315,96.315,79
1783339740,96.315,96.315,96.315,96.315,100
1783339800,96.315,96.315,96.315,96.315,629
1783339920,96.315,96.315,96.315,96.315,56
1783339980,96.315,96.315,96.315,96.315,109
1783340040,96.315,96.315,96.315,96.315,15
1783340100,96.315,96.315,96.315,96.315,8
1783340400,96.315,96.315,96.31,96.31,2
1783340460,96.31,96.31,96.31,96.31,225
1783341240,96.315,96.315,96.315,96.315,70
1783341540,96.315,96.315,96.315,96.315,1
1783342260,96.315,96.315,96.315,96.315,20
1783342680,96.315,96.315,96.315,96.315,19
1783343340,96.315,96.315,96.31,96.315,4937
1783344660,96.315,96.315,96.315,96.315,1
1783344720,96.31,96.31,96.31,96.31,250
1783344840,96.31,96.315,96.31,96.315,2
1783345200,96.31,96.31,96.31,96.31,338
1783345260,96.31,96.31,96.31,96.31,1
1783345320,96.315,96.315,96.315,96.315,1
1783345440,96.315,96.315,96.315,96.315,4
1783346220,96.31,96.31,96.31,96.31,1
1783346280,96.315,96.315,96.315,96.315,1010
1783346340,96.315,96.315,96.315,96.315,3
1783346460,96.315,96.315,96.315,96.315,25
1783346520,96.31,96.31,96.31,96.31,3
1783346640,96.31,96.31,96.31,96.31,1
1783346700,96.31,96.315,96.31,96.315,2
1783346820,96.315,96.315,96.315,96.315,1
1783347180,96.315,96.315,96.315,96.315,1
1783347240,96.31,96.31,96.31,96.31,2500
1783347360,96.31,96.31,96.31,96.31,2
1783347900,96.31,96.31,96.31,96.31,68
1783348500,96.31,96.31,96.31,96.31,175
1783348560,96.315,96.315,96.315,96.315,1
1783348620,96.31,96.31,96.31,96.31,1
1783349040,96.315,96.315,96.315,96.315,21
1783349100,96.31,96.31,96.31,96.31,300
1783349280,96.315,96.315,96.315,96.315,998
1783349340,96.315,96.315,96.31,96.315,106
1783349400,96.315,96.315,96.315,96.315,4
1783349700,96.315,96.315,96.315,96.315,74
1783351620,96.315,96.315,96.315,96.315,93
1783351980,96.31,96.315,96.31,96.315,105
1783352040,96.315,96.315,96.315,96.315,1
1783352220,96.31,96.315,96.31,96.315,68
1783352280,96.31,96.31,96.31,96.31,20
1783352340,96.31,96.31,96.31,96.31,1
1783352820,96.31,96.31,96.31,96.31,29
1783353120,96.31,96.315,96.31,96.315,432
1783353180,96.315,96.315,96.315,96.315,4
1783353240,96.315,96.315,96.315,96.315,4
1783353360,96.315,96.315,96.31,96.315,295
1783353540,96.31,96.315,96.31,96.315,45
1783353960,96.31,96.315,96.31,96.31,296
1783354020,96.315,96.315,96.31,96.315,34
1783354980,96.315,96.315,96.315,96.315,20
1783356300,96.31,96.315,96.305,96.305,26081
1783356360,96.305,96.305,96.305,96.305,100
1783356420,96.305,96.305,96.305,96.305,100
1783356660,96.305,96.305,96.305,96.305,200
1783357080,96.31,96.31,96.31,96.31,20
1783357740,96.305,96.305,96.305,96.305,100
1783358280,96.305,96.305,96.305,96.305,155
1783358400,96.305,96.305,96.305,96.305,110
1783359000,96.305,96.305,96.305,96.305,10
1783359720,96.305,96.305,96.305,96.305,2
1783360380,96.305,96.305,96.305,96.305,1
1783361040,96.305,96.305,96.305,96.305,5410
1783361100,96.305,96.305,96.305,96.305,69
1783362000,96.305,96.305,96.305,96.305,21
1783362420,96.305,96.305,96.305,96.305,1
1783362780,96.31,96.31,96.31,96.31,220
1783364340,96.305,96.31,96.305,96.305,56
1783364400,96.31,96.31,96.31,96.31,2
1783365060,96.31,96.31,96.31,96.31,491
1783365120,96.305,96.305,96.305,96.305,30
1783366320,96.305,96.305,96.305,96.305,8
1783366620,96.305,96.305,96.305,96.305,15
1783366740,96.305,96.305,96.305,96.305,1
1783366800,96.305,96.305,96.305,96.305,10
1783367640,96.305,96.305,96.305,96.305,500
1783368240,96.305,96.305,96.305,96.305,5
1783368480,96.31,96.31,96.31,96.31,1
1783368780,96.305,96.305,96.305,96.305,50
1783368840,96.305,96.31,96.305,96.31,51
1783369140,96.305,96.305,96.305,96.305,10
1783369620,96.31,96.31,96.31,96.31,28
1783369800,96.305,96.31,96.305,96.31,459
1783369860,96.31,96.31,96.31,96.31,5
1783369920,96.31,96.31,96.31,96.31,58
1783370640,96.31,96.31,96.31,96.31,60
1783371060,96.31,96.31,96.31,96.31,1
1783371120,96.31,96.31,96.31,96.31,81
1783371240,96.31,96.31,96.31,96.31,850
1783371300,96.31,96.31,96.31,96.31,40
1783371540,96.305,96.305,96.305,96.305,2
1783375200,96.31,96.31,96.31,96.31,889
1783375680,96.31,96.31,96.31,96.31,9
1783376580,96.31,96.31,96.31,96.31,200
1783376700,96.315,96.315,96.315,96.315,3
1783383120,96.31,96.31,96.31,96.31,8
1783383420,96.31,96.31,96.31,96.31,13
1783383900,96.315,96.315,96.315,96.315,1
1783386360,96.31,96.31,96.31,96.31,22
1783386480,96.31,96.31,96.31,96.31,22
1783386600,96.31,96.31,96.31,96.31,19
1783386720,96.31,96.31,96.31,96.31,21
1783386840,96.31,96.31,96.31,96.31,19
1783386960,96.31,96.31,96.31,96.31,21
1783387080,96.31,96.31,96.31,96.31,22
1783387200,96.31,96.31,96.31,96.31,19
1783387320,96.31,96.31,96.31,96.31,21
1783387380,96.315,96.315,96.315,96.315,1
1783387440,96.31,96.31,96.31,96.31,19
1783387560,96.31,96.31,96.31,96.31,20
1783387680,96.31,96.31,96.31,96.31,21
1783387800,96.31,96.31,96.31,96.31,19
1783387920,96.31,96.31,96.31,96.31,20
1783388040,96.31,96.31,96.31,96.31,21
1783388160,96.315,96.315,96.31,96.31,22
1783388280,96.31,96.31,96.31,96.31,19
1783388400,96.31,96.31,96.31,96.31,19
1783388520,96.31,96.31,96.31,96.31,22
1783388640,96.31,96.31,96.31,96.31,56
1783388760,96.31,96.31,96.31,96.31,18
1783388880,96.31,96.31,96.31,96.31,18
1783389000,96.31,96.31,96.31,96.31,18
1783389060,96.31,96.31,96.31,96.31,597
1783389180,96.31,96.31,96.31,96.31,22
1783389300,96.31,96.31,96.31,96.31,21
1783389480,96.31,96.31,96.31,96.31,19
1783389540,96.31,96.31,96.31,96.31,21
1783389660,96.31,96.31,96.31,96.31,20
1783389780,96.31,96.31,96.31,96.31,19
1783389900,96.31,96.31,96.31,96.31,22
1783390020,96.31,96.31,96.31,96.31,19
1783390140,96.31,96.31,96.31,96.31,19
1783390260,96.31,96.31,96.31,96.31,63
1783390380,96.31,96.31,96.31,96.31,875
1783390500,96.305,96.305,96.305,96.305,18
1783390620,96.305,96.305,96.305,96.305,21
1783390740,96.305,96.305,96.305,96.305,22
1783390860,96.305,96.305,96.305,96.305,19
1783390980,96.305,96.305,96.305,96.305,19
1783391100,96.305,96.305,96.305,96.305,18
1783391220,96.305,96.305,96.305,96.305,21
1783391340,96.305,96.305,96.305,96.305,22
1783391460,96.305,96.305,96.305,96.305,22
1783391580,96.305,96.305,96.305,96.305,20
1783391700,96.305,96.305,96.305,96.305,18
1783391820,96.31,96.31,96.305,96.305,522
1783391940,96.305,96.305,96.305,96.305,18
1783392060,96.31,96.31,96.305,96.31,134
1783392300,96.305,96.305,96.305,96.305,21
1783392420,96.305,96.305,96.305,96.305,20
1783392540,96.305,96.305,96.305,96.305,22
1783392600,96.31,96.31,96.31,96.31,46
1783392660,96.305,96.305,96.305,96.305,18
1783392780,96.305,96.305,96.305,96.305,20
1783392900,96.305,96.305,96.305,96.305,22
1783393020,96.305,96.305,96.305,96.305,19
1783393140,96.305,96.305,96.305,96.305,18
1783393260,96.305,96.305,96.305,96.305,20
1783393380,96.305,96.305,96.305,96.305,20
1783393500,96.305,96.305,96.305,96.305,22
1783393620,96.305,96.305,96.305,96.305,18
1783393680,96.305,96.305,96.305,96.305,19
1783393800,96.305,96.305,96.305,96.305,22
1783393920,96.305,96.305,96.305,96.305,19
1783394040,96.305,96.305,96.305,96.305,22
1783394220,96.305,96.305,96.305,96.305,19
1783394280,96.305,96.305,96.305,96.305,22
1783394460,96.305,96.305,96.305,96.305,19
1783394520,96.305,96.305,96.305,96.305,21
1783394640,96.305,96.305,96.305,96.305,21
1783394820,96.305,96.305,96.305,96.305,18
1783394880,96.305,96.305,96.305,96.305,21
1783395000,96.305,96.305,96.305,96.305,18
1783395120,96.305,96.305,96.305,96.305,22
1783395240,96.305,96.305,96.305,96.305,21
1783395300,96.31,96.31,96.31,96.31,25
1783395360,96.31,96.31,96.31,96.31,102
1783395540,96.305,96.305,96.305,96.305,20
1783395600,96.305,96.305,96.305,96.305,18
1783395720,96.305,96.305,96.305,96.305,22
1783395840,96.305,96.305,96.305,96.305,19
1783395960,96.305,96.305,96.305,96.305,19
1783396080,96.305,96.305,96.305,96.305,20
1783396200,96.305,96.305,96.305,96.305,21
1783396320,96.305,96.305,96.305,96.305,18
1783396440,96.305,96.305,96.305,96.305,22
1783396560,96.305,96.305,96.305,96.305,22
1783396680,96.305,96.305,96.305,96.305,18
1783396800,96.305,96.305,96.305,96.305,21
1783396920,96.305,96.305,96.305,96.305,22
1783397040,96.305,96.305,96.305,96.305,22
1783397160,96.305,96.305,96.305,96.305,22
1783397220,96.31,96.31,96.31,96.31,1
1783397340,96.305,96.305,96.305,96.305,18
1783397400,96.305,96.305,96.305,96.305,21
1783397520,96.305,96.305,96.305,96.305,22
1783397580,96.31,96.31,96.31,96.31,5
1783397700,96.305,96.305,96.305,96.305,20
1783397820,96.305,96.305,96.305,96.305,22
1783397940,96.305,96.305,96.305,96.305,19
1783398060,96.305,96.305,96.305,96.305,18
1783398120,96.305,96.305,96.305,96.305,21
1783398240,96.305,96.305,96.305,96.305,20
1783398360,96.305,96.305,96.305,96.305,21
1783398480,96.305,96.305,96.305,96.305,20
1783398600,96.305,96.305,96.305,96.305,21
1783398720,96.305,96.305,96.305,96.305,18
1783398840,96.305,96.305,96.305,96.305,18
1783398960,96.305,96.305,96.305,96.305,22
1783399080,96.305,96.305,96.305,96.305,22
1783399200,96.305,96.305,96.305,96.305,21
1783399320,96.305,96.305,96.305,96.305,20
1783399440,96.305,96.305,96.305,96.305,22
1783399560,96.305,96.305,96.305,96.305,18
1783399680,96.305,96.305,96.305,96.305,22
1783399800,96.305,96.305,96.305,96.305,22
1783399980,96.31,96.31,96.305,96.305,20
1783400040,96.305,96.305,96.305,96.305,22
1783400100,96.31,96.31,96.31,96.31,67
1783400220,96.305,96.305,96.305,96.305,22
1783400340,96.305,96.305,96.305,96.305,20
1783400460,96.305,96.305,96.305,96.305,20
1783400580,96.305,96.305,96.305,96.305,22
1783400700,96.305,96.305,96.305,96.305,21
1783400820,96.305,96.305,96.305,96.305,20
1783400940,96.305,96.305,96.305,96.305,20
1783401060,96.305,96.305,96.305,96.305,18
1783401180,96.305,96.305,96.305,96.305,21
1783401240,96.305,96.305,96.305,96.305,509
1783401300,96.305,96.305,96.305,96.305,21
1783401420,96.305,96.305,96.305,96.305,20
1783401540,96.305,96.305,96.305,96.305,18
1783401600,96.305,96.305,96.305,96.305,19
1783401720,96.305,96.305,96.305,96.305,22
1783401840,96.305,96.305,96.305,96.305,20
1783401960,96.305,96.305,96.305,96.305,19
1783402080,96.305,96.305,96.305,96.305,18
1783402200,96.305,96.305,96.305,96.305,18
1783402320,96.305,96.305,96.305,96.305,21
1783402440,96.305,96.305,96.305,96.305,19
1783402560,96.305,96.305,96.305,96.305,22
1783402620,96.305,96.305,96.305,96.305,5
1783402680,96.305,96.305,96.305,96.305,19
1783402800,96.305,96.305,96.305,96.305,19
1783402920,96.305,96.305,96.305,96.305,20
1783403040,96.305,96.305,96.305,96.305,18
1783403100,96.305,96.305,96.305,96.305,19
1783403220,96.305,96.305,96.305,96.305,21
1783403340,96.305,96.305,96.305,96.305,22
1783403520,96.305,96.305,96.305,96.305,19
1783403580,96.305,96.305,96.305,96.305,20
1783403700,96.305,96.305,96.305,96.305,21
1783403820,96.305,96.305,96.305,96.305,217
1783403940,96.305,96.305,96.305,96.305,23
1783404240,96.305,96.305,96.305,96.305,66
1783404360,96.305,96.305,96.305,96.305,50
1783404480,96.305,96.305,96.305,96.305,387
1783404660,96.305,96.305,96.305,96.305,101
1783408260,96.305,96.305,96.305,96.305,100
1783409700,96.31,96.31,96.31,96.31,100
1783410720,96.305,96.305,96.305,96.305,2
1783413000,96.31,96.31,96.31,96.31,250
1783413240,96.31,96.31,96.31,96.31,100
1783413720,96.305,96.305,96.305,96.305,20
1783414080,96.305,96.305,96.305,96.305,22
1783415640,96.31,96.31,96.31,96.31,155
1783417560,96.31,96.31,96.31,96.31,450
1783419300,96.31,96.31,96.31,96.31,1
1783420560,96.305,96.305,96.305,96.305,3
1783421460,96.305,96.305,96.305,96.305,2
1783421700,96.305,96.305,96.305,96.305,1
1783421880,96.305,96.305,96.305,96.305,2
1783422060,96.305,96.305,96.305,96.305,1
1783422240,96.305,96.305,96.305,96.305,2
1783422420,96.305,96.305,96.305,96.305,1
1783422540,96.31,96.31,96.31,96.31,125
1783422660,96.305,96.305,96.305,96.305,2
1783422840,96.305,96.305,96.305,96.305,1
1783423020,96.305,96.305,96.305,96.305,2
1783423200,96.305,96.305,96.305,96.305,2
1783423440,96.305,96.305,96.305,96.305,1
1783423560,96.31,96.31,96.31,96.31,2
1783423620,96.305,96.305,96.305,96.305,2
1783423800,96.305,96.305,96.305,96.305,1
1783423980,96.305,96.305,96.305,96.305,2
1783424040,96.31,96.31,96.31,96.31,2
1783424160,96.305,96.305,96.305,96.305,1
1783424400,96.305,96.305,96.305,96.305,2
1783424580,96.305,96.305,96.305,96.305,1
1783424760,96.305,96.305,96.305,96.305,2
1783424940,96.305,96.305,96.305,96.305,1
1783425120,96.31,96.31,96.305,96.305,127
1783425360,96.305,96.305,96.305,96.305,2
1783425540,96.305,96.305,96.305,96.305,4
1783425720,96.305,96.305,96.305,96.305,2
1783425900,96.305,96.305,96.305,96.305,1
1783426080,96.305,96.305,96.305,96.305,2
1783426320,96.305,96.305,96.305,96.305,1
1783426500,96.31,96.31,96.305,96.305,3
1783426680,96.305,96.305,96.305,96.305,1
1783426800,96.31,96.31,96.31,96.31,14
1783426860,96.305,96.305,96.305,96.305,2
1783427040,96.305,96.305,96.305,96.305,1
1783427220,96.31,96.31,96.31,96.31,1
1783427280,96.305,96.305,96.305,96.305,2
1783427400,96.305,96.305,96.305,96.305,50
1783427460,96.305,96.305,96.305,96.305,2
1783427580,96.305,96.305,96.305,96.305,4
1783427640,96.305,96.305,96.305,96.305,1
1783427820,96.305,96.305,96.305,96.305,2
1783428060,96.305,96.305,96.305,96.305,1
1783428240,96.305,96.305,96.305,96.305,2
1783428420,96.305,96.305,96.305,96.305,1
1783428540,96.31,96.31,96.31,96.31,25
1783428600,96.31,96.31,96.305,96.305,32
1783428660,96.31,96.31,96.31,96.31,2
1783428780,96.305,96.305,96.305,96.305,1
1783428900,96.31,96.31,96.31,96.31,74
1783429020,96.305,96.305,96.305,96.305,2
1783429200,96.305,96.305,96.305,96.305,1
1783429380,96.305,96.305,96.305,96.305,2
1783429500,96.305,96.305,96.305,96.305,460
1783429560,96.305,96.305,96.305,96.305,2
1783429620,96.31,96.31,96.31,96.31,5
1783429740,96.305,96.305,96.305,96.305,1
1783429980,96.305,96.305,96.305,96.305,2
1783430160,96.305,96.305,96.305,96.305,1
1783430340,96.305,96.305,96.305,96.305,2
1783430520,96.305,96.305,96.305,96.305,1
1783430700,96.305,96.305,96.305,96.305,2
1783430940,96.305,96.305,96.305,96.305,1
1783431120,96.31,96.31,96.31,96.31,500
1783431720,96.305,96.305,96.305,96.305,20
1783432020,96.305,96.305,96.305,96.305,2
1783432140,96.31,96.31,96.31,96.31,3
1783432380,96.305,96.305,96.305,96.305,13
1783432860,96.31,96.31,96.31,96.31,1000
1783432920,96.31,96.31,96.31,96.31,500
1783432980,96.305,96.305,96.305,96.305,135
1783433040,96.305,96.305,96.305,96.305,47
1783433160,96.305,96.305,96.305,96.305,12
1783433280,96.305,96.305,96.305,96.305,250
1783433400,96.305,96.305,96.305,96.305,250
1783433640,96.305,96.305,96.305,96.305,301
1783434120,96.305,96.305,96.305,96.305,1
1783435620,96.305,96.305,96.305,96.305,3
1783435740,96.305,96.305,96.305,96.305,100
1783436460,96.305,96.305,96.305,96.305,100
1783437660,96.305,96.305,96.305,96.305,34
1783438020,96.305,96.305,96.305,96.305,923
1783438260,96.305,96.305,96.305,96.305,45
1783438440,96.305,96.305,96.305,96.305,7
1783438800,96.305,96.305,96.305,96.305,6
1783439340,96.31,96.31,96.31,96.31,2500
1783439400,96.31,96.31,96.31,96.31,1
1783439640,96.31,96.31,96.31,96.31,145
1783439700,96.305,96.305,96.305,96.305,250
1783440720,96.31,96.31,96.31,96.31,24
1783440840,96.31,96.31,96.31,96.31,200
1783441500,96.305,96.305,96.305,96.305,201
1783441620,96.305,96.305,96.305,96.305,242
1783441800,96.305,96.305,96.305,96.305,427
1783441860,96.305,96.305,96.305,96.305,418
1783441920,96.305,96.305,96.305,96.305,734
1783441980,96.305,96.305,96.305,96.305,109
1783442040,96.305,96.305,96.305,96.305,104
1783442100,96.305,96.305,96.305,96.305,175
1783442160,96.305,96.305,96.305,96.305,66
1783442220,96.305,96.305,96.305,96.305,31
1783442280,96.305,96.305,96.305,96.305,205
1783442340,96.305,96.305,96.305,96.305,9
1783442400,96.31,96.31,96.31,96.31,1
1783443660,96.305,96.305,96.305,96.305,238
1783443720,96.305,96.305,96.305,96.305,168
1783444740,96.31,96.31,96.31,96.31,50
1783444800,96.31,96.31,96.31,96.31,300
1783447560,96.31,96.31,96.31,96.31,1
1783447680,96.305,96.305,96.305,96.305,350
1783448160,96.305,96.305,96.305,96.305,501
1783448340,96.305,96.305,96.305,96.305,636
1783448460,96.305,96.305,96.305,96.305,717
1783449000,96.305,96.305,96.305,96.305,300
1783449300,96.305,96.305,96.305,96.305,365
1783449480,96.31,96.31,96.31,96.31,1
1783450080,96.31,96.31,96.31,96.31,1834
1783450140,96.305,96.305,96.305,96.305,22730
1783450200,96.305,96.305,96.305,96.305,1251
1783450680,96.305,96.305,96.305,96.305,3384
1783450740,96.305,96.305,96.3,96.3,25
1783450800,96.3,96.3,96.3,96.3,5
1783450860,96.3,96.3,96.3,96.3,6
1783450920,96.3,96.3,96.3,96.3,16
1783451100,96.3,96.3,96.3,96.3,1
1783451280,96.3,96.3,96.3,96.3,1
1783451640,96.3,96.3,96.3,96.3,606
1783451700,96.3,96.3,96.3,96.3,2183
1783451760,96.3,96.3,96.3,96.3,3128
1783451820,96.3,96.3,96.3,96.3,1626
1783451880,96.3,96.3,96.3,96.3,1549
1783451940,96.3,96.3,96.3,96.3,1
1783452000,96.3,96.3,96.3,96.3,1
1783452300,96.305,96.305,96.305,96.305,150
1783452480,96.3,96.3,96.3,96.3,500
1783452840,96.3,96.305,96.3,96.305,210
1783453140,96.305,96.305,96.305,96.305,150
1783453200,96.3,96.305,96.3,96.305,49
1783453260,96.305,96.305,96.305,96.305,37
1783453320,96.305,96.305,96.305,96.305,22
1783453380,96.305,96.305,96.305,96.305,10
1783453560,96.305,96.305,96.305,96.305,11
1783453680,96.305,96.305,96.305,96.305,23
1783453740,96.305,96.305,96.305,96.305,48
1783453860,96.3,96.305,96.3,96.305,203
1783454760,96.305,96.305,96.305,96.305,1
1783455180,96.3,96.305,96.3,96.305,41
1783455540,96.305,96.305,96.305,96.305,2
1783456200,96.305,96.305,96.305,96.305,69
1783457280,96.305,96.305,96.305,96.305,2
1783457400,96.305,96.305,96.305,96.305,1
1783457820,96.3,96.3,96.3,96.3,275
1783457880,96.3,96.3,96.3,96.3,250
1783457940,96.3,96.3,96.3,96.3,197
1783461600,96.3,96.3,96.3,96.3,1566
1783461660,96.3,96.3,96.3,96.3,358
1783462020,96.3,96.3,96.3,96.3,1
1783463220,96.3,96.3,96.3,96.3,2
1783463280,96.3,96.3,96.3,96.3,99
1783463460,96.3,96.3,96.3,96.3,146
1783463940,96.3,96.3,96.3,96.3,124
1783464240,96.3,96.3,96.3,96.3,105
1783464300,96.3,96.3,96.3,96.3,25
1783464480,96.3,96.3,96.3,96.3,1
1783465140,96.3,96.3,96.3,96.3,25
1783465380,96.3,96.3,96.3,96.3,5
1783466220,96.3,96.3,96.3,96.3,385
1783468200,96.3,96.3,96.3,96.3,51
1783471020,96.3,96.3,96.3,96.3,1115
1783471140,96.3,96.305,96.3,96.305,450
1783471200,96.3,96.3,96.3,96.3,2
1783471380,96.3,96.3,96.3,96.3,165
1783471440,96.3,96.3,96.3,96.3,990
1783471620,96.3,96.3,96.3,96.3,35
1783472040,96.295,96.295,96.295,96.295,208
1783476540,96.295,96.295,96.295,96.295,1
1783476600,96.295,96.295,96.295,96.295,100
1783476660,96.295,96.295,96.295,96.295,100
1783479540,96.3,96.3,96.3,96.3,1
1783479900,96.3,96.3,96.3,96.3,1
1783480080,96.3,96.3,96.3,96.3,1
1783480500,96.3,96.3,96.3,96.3,40
1783481340,96.3,96.3,96.3,96.3,603
1783482000,96.3,96.3,96.3,96.3,100
1783482840,96.3,96.3,96.3,96.3,1
1783483620,96.3,96.3,96.3,96.3,275
1783484520,96.3,96.3,96.3,96.3,110
1783484940,96.3,96.3,96.3,96.3,50
1783485180,96.3,96.3,96.3,96.3,15
1783485420,96.3,96.3,96.3,96.3,5
1783485480,96.3,96.3,96.3,96.3,189
1783485540,96.3,96.3,96.3,96.3,150
1783486200,96.3,96.3,96.3,96.3,100
1783486860,96.3,96.3,96.3,96.3,1
1783487100,96.3,96.3,96.3,96.3,2
1783487340,96.3,96.3,96.3,96.3,571
1783490340,96.3,96.3,96.3,96.3,13
1783490400,96.3,96.3,96.3,96.3,75
1783491060,96.3,96.3,96.3,96.3,500
1783491180,96.3,96.3,96.3,96.3,100
1783491240,96.3,96.3,96.3,96.3,500
1783491300,96.3,96.3,96.3,96.3,8
1783491480,96.3,96.3,96.3,96.3,30
1783491600,96.3,96.305,96.3,96.305,1798
1783492320,96.3,96.3,96.3,96.3,56
1783493100,96.3,96.3,96.3,96.3,1836
1783493160,96.3,96.3,96.3,96.3,200
1783493400,96.3,96.3,96.3,96.3,17
1783493700,96.3,96.3,96.3,96.3,125
1783495080,96.3,96.3,96.3,96.3,500
1783495200,96.3,96.3,96.3,96.3,1
1783495560,96.3,96.3,96.3,96.3,80
1783495620,96.3,96.3,96.3,96.3,175
1783496220,96.305,96.305,96.305,96.305,200
1783496580,96.305,96.305,96.305,96.305,62
1783498620,96.3,96.3,96.295,96.295,2951
1783498680,96.295,96.295,96.295,96.295,52
1783498740,96.295,96.295,96.295,96.295,100
1783498860,96.295,96.295,96.295,96.295,3231
1783499040,96.295,96.295,96.295,96.295,250
1783499160,96.295,96.295,96.295,96.295,916
1783499220,96.295,96.295,96.295,96.295,111
1783499280,96.295,96.295,96.295,96.295,8
1783499400,96.295,96.295,96.295,96.295,310
1783499460,96.295,96.295,96.295,96.295,100
1783499520,96.295,96.295,96.295,96.295,1200
1783499580,96.295,96.295,96.295,96.295,100
1783499640,96.295,96.3,96.295,96.3,424
1783499700,96.295,96.295,96.295,96.295,50
1783499760,96.295,96.295,96.295,96.295,1204
1783499820,96.295,96.295,96.295,96.295,801
1783499880,96.295,96.295,96.295,96.295,570
1783499940,96.295,96.295,96.295,96.295,7
1783500120,96.29,96.29,96.29,96.29,200
1783500180,96.29,96.29,96.29,96.29,626
1783500240,96.29,96.29,96.29,96.29,493
1783500300,96.29,96.29,96.29,96.29,451
1783500360,96.29,96.29,96.29,96.29,36
1783500420,96.29,96.29,96.29,96.29,22
1783500480,96.29,96.29,96.285,96.29,51
1783500540,96.285,96.285,96.28,96.28,10485
1783500600,96.285,96.285,96.285,96.285,10
1783500660,96.285,96.285,96.285,96.285,31
1783500720,96.28,96.28,96.28,96.28,694
1783500840,96.285,96.285,96.285,96.285,3
1783500960,96.28,96.28,96.28,96.28,1
1783501200,96.285,96.285,96.285,96.285,250
1783501860,96.28,96.28,96.28,96.28,100
1783502460,96.285,96.285,96.285,96.285,265
1783502640,96.285,96.285,96.285,96.285,10
1783502820,96.285,96.285,96.28,96.28,375
1783502880,96.28,96.28,96.28,96.28,3
1783503060,96.285,96.285,96.285,96.285,497
1783503180,96.285,96.285,96.285,96.285,10
1783503300,96.285,96.285,96.285,96.285,100
1783503360,96.285,96.285,96.285,96.285,500
1783503420,96.285,96.285,96.285,96.285,750
1783503720,96.285,96.285,96.285,96.285,250
1783503840,96.285,96.285,96.285,96.285,1595
1783503960,96.285,96.285,96.285,96.285,3
1783504260,96.29,96.29,96.29,96.29,3
1783504380,96.285,96.285,96.285,96.285,200
1783504620,96.285,96.29,96.285,96.285,2251
1783504680,96.285,96.285,96.285,96.285,443
1783504740,96.285,96.285,96.285,96.285,339
1783504860,96.285,96.285,96.285,96.285,500
1783505940,96.285,96.285,96.285,96.285,108
1783506720,96.29,96.29,96.29,96.29,1
1783506780,96.29,96.29,96.29,96.29,50
1783506840,96.29,96.29,96.29,96.29,1
1783507020,96.29,96.29,96.29,96.29,3213
1783507500,96.29,96.29,96.29,96.29,240
1783507620,96.29,96.295,96.29,96.29,511
1783507680,96.29,96.29,96.29,96.29,740
1783508340,96.295,96.295,96.295,96.295,3
1783508580,96.29,96.29,96.29,96.29,50
1783508640,96.29,96.29,96.29,96.29,5
1783508700,96.29,96.295,96.29,96.29,118
1783508760,96.29,96.29,96.29,96.29,1
1783508820,96.295,96.295,96.295,96.295,5
1783508880,96.29,96.295,96.29,96.295,4
1783508940,96.29,96.29,96.29,96.29,1345
1783509060,96.29,96.29,96.29,96.29,2
1783509120,96.29,96.29,96.29,96.29,940
1783509180,96.29,96.29,96.29,96.29,656
1783509420,96.29,96.29,96.29,96.29,1
1783509540,96.29,96.29,96.29,96.29,12
1783509600,96.29,96.29,96.29,96.29,151
1783509660,96.295,96.295,96.295,96.295,3
1783509780,96.29,96.29,96.29,96.29,250
1783509840,96.29,96.29,96.29,96.29,9
1783510200,96.29,96.29,96.29,96.29,4
1783510560,96.29,96.29,96.29,96.29,2010
1783510620,96.29,96.29,96.29,96.29,552
1783510680,96.29,96.29,96.29,96.29,20
1783510800,96.29,96.29,96.29,96.29,20
1783510860,96.29,96.29,96.29,96.29,1320
1783510920,96.29,96.29,96.29,96.29,598
1783510980,96.29,96.295,96.29,96.295,1382
1783511040,96.295,96.295,96.295,96.295,3278
1783511100,96.295,96.295,96.295,96.295,845
1783511160,96.295,96.295,96.295,96.295,39
1783511340,96.295,96.295,96.295,96.295,15
1783511400,96.295,96.295,96.295,96.295,2344
1783511460,96.29,96.29,96.29,96.29,307
1783511940,96.29,96.29,96.29,96.29,141
1783512000,96.29,96.29,96.29,96.29,76
1783512300,96.295,96.295,96.295,96.295,3818
1783512360,96.295,96.295,96.295,96.295,1254
1783512420,96.295,96.295,96.295,96.295,59
1783512480,96.295,96.295,96.295,96.295,1177
1783512660,96.295,96.295,96.295,96.295,70
1783512720,96.295,96.295,96.295,96.295,134
1783512780,96.295,96.295,96.295,96.295,10
1783513200,96.295,96.3,96.295,96.3,16
1783513260,96.3,96.3,96.3,96.3,225
1783513320,96.3,96.3,96.3,96.3,2352
1783514340,96.3,96.3,96.3,96.3,28
1783515000,96.3,96.3,96.3,96.3,20
1783515120,96.3,96.3,96.3,96.3,4825
1783515360,96.3,96.3,96.295,96.295,6373
1783515420,96.295,96.295,96.295,96.295,75
1783515540,96.295,96.295,96.295,96.295,104
1783515720,96.295,96.295,96.295,96.295,400
1783515960,96.295,96.295,96.295,96.295,100
1783517340,96.295,96.295,96.295,96.295,55
1783517400,96.295,96.295,96.295,96.295,6
1783517580,96.3,96.3,96.3,96.3,62
1783517820,96.295,96.295,96.295,96.295,5438
1783517880,96.295,96.295,96.295,96.295,490
1783518000,96.295,96.295,96.295,96.295,358
1783518060,96.295,96.295,96.295,96.295,852
1783518120,96.295,96.295,96.295,96.295,714
1783518180,96.29,96.295,96.29,96.295,51
1783518240,96.295,96.295,96.295,96.295,427
1783518300,96.295,96.295,96.295,96.295,31
1783518360,96.295,96.295,96.295,96.295,61
1783518540,96.295,96.295,96.295,96.295,41
1783518780,96.29,96.29,96.29,96.29,96
1783518840,96.29,96.29,96.29,96.29,2104
1783518900,96.29,96.29,96.29,96.29,5
1783518960,96.295,96.295,96.29,96.29,28
1783519080,96.29,96.29,96.29,96.29,1561
1783519140,96.29,96.29,96.29,96.29,295
1783519200,96.29,96.29,96.29,96.29,805
1783519380,96.29,96.29,96.29,96.29,400
1783519440,96.295,96.295,96.295,96.295,5
1783519620,96.29,96.29,96.29,96.29,1602
1783519680,96.29,96.29,96.29,96.29,370
1783519800,96.29,96.29,96.29,96.29,200
1783519860,96.295,96.295,96.295,96.295,5
1783520040,96.29,96.29,96.29,96.29,39
1783520100,96.29,96.29,96.29,96.29,11
1783520280,96.29,96.29,96.29,96.29,529
1783521000,96.29,96.29,96.29,96.29,1440
1783521060,96.29,96.29,96.29,96.29,919
1783521120,96.29,96.29,96.29,96.29,1588
1783521240,96.29,96.29,96.29,96.29,265
1783521540,96.295,96.295,96.295,96.295,6
1783521720,96.29,96.29,96.29,96.29,840
1783521960,96.29,96.29,96.29,96.29,1
1783522020,96.29,96.29,96.29,96.29,16
1783522140,96.29,96.29,96.29,96.29,589
1783522260,96.29,96.29,96.29,96.29,661
1783522320,96.29,96.29,96.29,96.29,313
1783522800,96.285,96.285,96.285,96.285,13
1783522980,96.29,96.29,96.285,96.285,84
1783523040,96.285,96.285,96.285,96.285,3806
1783523100,96.285,96.285,96.285,96.285,4905
1783523160,96.285,96.285,96.285,96.285,535
1783523220,96.285,96.285,96.285,96.285,302
1783523280,96.285,96.285,96.285,96.285,340
1783523340,96.285,96.285,96.285,96.285,166
1783523400,96.285,96.285,96.285,96.285,20
1783523460,96.285,96.285,96.285,96.285,184
1783523520,96.285,96.285,96.285,96.285,32
1783523580,96.28,96.28,96.28,96.28,11
1783523640,96.28,96.28,96.28,96.28,50
1783523700,96.285,96.285,96.285,96.285,965
1783523760,96.285,96.285,96.285,96.285,2215
1783523880,96.285,96.285,96.285,96.285,260
1783523940,96.285,96.285,96.285,96.285,50
1783524360,96.285,96.285,96.285,96.285,51
1783524540,96.285,96.285,96.285,96.285,453
1783524600,96.285,96.285,96.285,96.285,2
1783524660,96.285,96.285,96.285,96.285,304
1783524720,96.285,96.285,96.285,96.285,4566
1783524780,96.285,96.285,96.285,96.285,48
1783524900,96.285,96.285,96.285,96.285,6
1783525080,96.285,96.285,96.285,96.285,240
1783525200,96.285,96.285,96.285,96.285,119
1783525800,96.285,96.285,96.285,96.285,200
1783525920,96.285,96.285,96.285,96.285,91
1783526340,96.285,96.285,96.285,96.285,4
1783526640,96.285,96.285,96.285,96.285,63
1783527060,96.29,96.29,96.29,96.29,59
1783527300,96.285,96.285,96.285,96.285,100
1783527360,96.285,96.29,96.285,96.29,204
1783527480,96.29,96.29,96.29,96.29,3239
1783527540,96.29,96.295,96.29,96.29,322
1783527600,96.29,96.29,96.29,96.29,472
1783527720,96.29,96.29,96.29,96.29,1
1783527780,96.29,96.29,96.29,96.29,101
1783527840,96.29,96.29,96.29,96.29,250
1783527960,96.29,96.29,96.29,96.29,1
1783528020,96.29,96.29,96.29,96.29,11
1783528080,96.29,96.29,96.29,96.29,300
1783528140,96.29,96.29,96.29,96.29,1
1783528380,96.29,96.29,96.29,96.29,150
1783528500,96.29,96.29,96.29,96.29,794
1783528560,96.29,96.29,96.29,96.29,249
1783528620,96.29,96.29,96.29,96.29,34
1783528740,96.29,96.29,96.29,96.29,116
1783528800,96.29,96.29,96.29,96.29,32
1783529400,96.29,96.29,96.29,96.29,63
1783529820,96.29,96.29,96.29,96.29,2
1783529940,96.29,96.29,96.29,96.29,100
1783530000,96.295,96.295,96.295,96.295,1
1783530300,96.295,96.295,96.295,96.295,3
1783530600,96.295,96.295,96.295,96.295,120
1783530660,96.29,96.29,96.29,96.29,1
1783530900,96.29,96.29,96.29,96.29,509
1783530960,96.29,96.29,96.29,96.29,25
1783531380,96.295,96.295,96.295,96.295,1000
1783531560,96.295,96.295,96.295,96.295,3
1783531680,96.29,96.29,96.29,96.29,100
1783531800,96.295,96.295,96.295,96.295,10
1783532220,96.295,96.295,96.295,96.295,10
1783532520,96.29,96.29,96.29,96.29,2
1783532640,96.295,96.295,96.29,96.29,12
1783533000,96.29,96.29,96.29,96.29,200
1783533120,96.295,96.295,96.295,96.295,1
1783533300,96.295,96.295,96.295,96.295,10
1783533420,96.29,96.29,96.29,96.29,99
1783533540,96.295,96.295,96.295,96.295,50
1783533600,96.29,96.29,96.285,96.29,1945
1783533660,96.285,96.29,96.285,96.29,85
1783533720,96.29,96.29,96.29,96.29,7
1783533780,96.29,96.29,96.29,96.29,505
1783533840,96.29,96.29,96.29,96.29,879
1783533900,96.29,96.29,96.29,96.29,2431
1783533960,96.29,96.29,96.29,96.29,1825
1783534020,96.29,96.29,96.29,96.29,600
1783534200,96.29,96.29,96.29,96.29,2565
1783534620,96.295,96.295,96.295,96.295,60
1783534860,96.295,96.295,96.295,96.295,349
1783534920,96.295,96.295,96.295,96.295,1040
1783534980,96.295,96.295,96.295,96.295,72
1783535040,96.295,96.295,96.295,96.295,200
1783535100,96.3,96.3,96.3,96.3,200
1783535340,96.295,96.3,96.295,96.295,751
1783535400,96.295,96.295,96.295,96.295,708
1783535460,96.295,96.295,96.295,96.295,633
1783535520,96.295,96.295,96.295,96.295,240
1783535580,96.3,96.3,96.3,96.3,20
1783535760,96.295,96.295,96.295,96.295,1698
1783535940,96.295,96.295,96.295,96.295,485
1783536000,96.3,96.3,96.295,96.295,150
1783536060,96.295,96.295,96.295,96.295,100
1783536240,96.295,96.295,96.295,96.295,100
1783536480,96.295,96.295,96.295,96.295,57
1783536660,96.295,96.295,96.295,96.295,3
1783536720,96.295,96.295,96.295,96.295,7
1783536780,96.295,96.295,96.295,96.295,21
1783536840,96.295,96.295,96.295,96.295,4
1783537140,96.3,96.3,96.3,96.3,13
1783537260,96.295,96.295,96.295,96.295,200
1783537320,96.295,96.295,96.295,96.295,200
1783538460,96.295,96.295,96.295,96.295,33
1783539840,96.295,96.295,96.295,96.295,500
1783539900,96.295,96.295,96.295,96.295,1
1783540020,96.295,96.295,96.295,96.295,1
1783540080,96.295,96.295,96.295,96.295,100
1783540140,96.295,96.295,96.295,96.295,2663
1783540200,96.295,96.295,96.295,96.295,104
1783540260,96.295,96.295,96.295,96.295,50
1783540380,96.295,96.295,96.295,96.295,458
1783540440,96.295,96.295,96.295,96.295,301
1783540620,96.295,96.295,96.29,96.29,518
1783540920,96.295,96.295,96.295,96.295,925
1783540980,96.295,96.295,96.295,96.295,50
1783541460,96.295,96.295,96.295,96.295,200
1783541520,96.295,96.295,96.295,96.295,2175
1783541640,96.295,96.295,96.295,96.295,2
1783541760,96.295,96.295,96.295,96.295,123
1783541820,96.295,96.295,96.295,96.295,111
1783541880,96.295,96.295,96.295,96.295,4
1783541940,96.295,96.295,96.295,96.295,300
1783542060,96.295,96.295,96.295,96.295,57
1783542120,96.295,96.295,96.295,96.295,935
1783542180,96.295,96.3,96.295,96.295,1291
1783542240,96.295,96.295,96.295,96.295,15
1783542480,96.295,96.295,96.295,96.295,55
1783542780,96.295,96.295,96.295,96.295,3
1783542960,96.295,96.295,96.295,96.295,2644
1783543020,96.295,96.295,96.295,96.295,800
1783543080,96.295,96.295,96.295,96.295,1
1783543380,96.295,96.295,96.295,96.295,20
1783543440,96.295,96.295,96.295,96.295,221
1783543560,96.295,96.295,96.295,96.295,100
1783543980,96.295,96.295,96.295,96.295,100
1783544100,96.295,96.295,96.295,96.295,1
1783544280,96.3,96.3,96.3,96.3,500
1783548000,96.295,96.295,96.295,96.295,9
1783548060,96.3,96.3,96.3,96.3,8
1783548840,96.3,96.3,96.3,96.3,181
1783549260,96.3,96.3,96.3,96.3,1
1783549860,96.3,96.3,96.3,96.3,39
1783551000,96.3,96.3,96.3,96.3,10
1783551180,96.3,96.3,96.3,96.3,400
1783551660,96.3,96.3,96.3,96.3,128
1783551720,96.3,96.3,96.3,96.3,40
1783552620,96.3,96.3,96.3,96.3,10
1783552680,96.3,96.3,96.3,96.3,5
1783553220,96.3,96.3,96.3,96.3,1
1783553400,96.3,96.3,96.3,96.3,73
1783553460,96.3,96.3,96.3,96.3,1
1783555560,96.3,96.3,96.3,96.3,355
1783555800,96.3,96.3,96.3,96.3,2
1783555860,96.3,96.3,96.3,96.3,123
1783557000,96.3,96.3,96.3,96.3,10
1783557120,96.3,96.3,96.3,96.3,101
1783557900,96.3,96.3,96.3,96.3,92
1783563480,96.3,96.3,96.3,96.3,24
1783563840,96.3,96.3,96.3,96.3,2573
1783566240,96.3,96.3,96.3,96.3,1112
1783568760,96.3,96.3,96.3,96.3,202
1783572300,96.3,96.3,96.3,96.3,12
1783572480,96.3,96.3,96.3,96.3,204
1783572900,96.3,96.3,96.3,96.3,500
1783576440,96.305,96.305,96.305,96.305,78
1783576740,96.305,96.305,96.305,96.305,150
1783577100,96.305,96.305,96.305,96.305,2716
1783577160,96.305,96.305,96.305,96.305,123
1783577220,96.305,96.305,96.305,96.305,30
1783577280,96.305,96.305,96.305,96.305,151
1783577820,96.305,96.305,96.305,96.305,138
1783577940,96.305,96.305,96.305,96.305,161
1783578300,96.31,96.31,96.31,96.31,53
1783578420,96.31,96.31,96.31,96.31,500
1783579440,96.31,96.31,96.31,96.31,1
1783580220,96.31,96.31,96.31,96.31,1
1783580280,96.305,96.305,96.305,96.305,108
1783581060,96.305,96.305,96.305,96.305,20
1783581240,96.305,96.305,96.305,96.305,1273
1783581720,96.305,96.305,96.305,96.305,125
1783582320,96.305,96.305,96.305,96.305,119
1783582380,96.305,96.305,96.305,96.305,17
1783582440,96.305,96.305,96.305,96.305,12
1783582560,96.305,96.305,96.305,96.305,303
1783582620,96.305,96.305,96.305,96.305,25
1783583220,96.305,96.305,96.305,96.305,293
1783584420,96.305,96.305,96.305,96.305,3
1783584840,96.31,96.31,96.31,96.31,108
1783585920,96.31,96.31,96.31,96.31,6
1783585980,96.305,96.305,96.305,96.305,250
1783586820,96.31,96.31,96.31,96.31,2921
1783589820,96.305,96.305,96.305,96.305,432
1783590060,96.305,96.305,96.305,96.305,51
1783593360,96.31,96.31,96.31,96.31,1
1783594080,96.305,96.305,96.305,96.305,3649
1783594200,96.305,96.305,96.305,96.305,250
1783594320,96.305,96.305,96.305,96.305,2553
1783594380,96.305,96.305,96.305,96.305,677
1783594440,96.305,96.305,96.305,96.305,56
1783594500,96.305,96.305,96.305,96.305,723
1783594620,96.305,96.305,96.305,96.305,4
1783594680,96.305,96.305,96.305,96.305,15
1783594740,96.305,96.305,96.305,96.305,655
1783594800,96.305,96.305,96.305,96.305,50
1783594860,96.305,96.305,96.305,96.305,11
1783595820,96.31,96.31,96.31,96.31,200
1783596120,96.305,96.305,96.305,96.305,1613
1783596360,96.305,96.305,96.305,96.305,50
1783596540,96.305,96.305,96.305,96.305,1
1783596600,96.305,96.305,96.305,96.305,26
1783596660,96.3,96.3,96.3,96.3,100
1783597020,96.305,96.305,96.305,96.305,1
1783597140,96.305,96.305,96.305,96.305,1616
1783597200,96.305,96.305,96.305,96.305,52
1783597500,96.305,96.305,96.305,96.305,87
1783597620,96.305,96.305,96.305,96.305,48
1783597680,96.305,96.305,96.305,96.305,3
1783597740,96.305,96.305,96.305,96.305,100
1783597800,96.305,96.305,96.305,96.305,914
1783597860,96.305,96.305,96.305,96.305,298
1783597920,96.305,96.305,96.305,96.305,142
1783597980,96.305,96.305,96.305,96.305,264
1783598100,96.305,96.305,96.305,96.305,30
1783598160,96.305,96.305,96.305,96.305,300
1783598220,96.305,96.305,96.305,96.305,5
1783598340,96.305,96.305,96.305,96.305,100
1783598400,96.305,96.305,96.305,96.305,300
1783598460,96.305,96.305,96.305,96.305,150
1783598520,96.305,96.305,96.305,96.305,18
1783598580,96.305,96.305,96.305,96.305,112
1783598700,96.305,96.305,96.305,96.305,400
1783598760,96.305,96.305,96.305,96.305,703
1783599480,96.305,96.305,96.305,96.305,737
1783599600,96.31,96.31,96.305,96.305,2
1783599660,96.305,96.305,96.305,96.305,60
1783599960,96.305,96.31,96.305,96.31,400
1783600080,96.305,96.305,96.305,96.305,2108
1783600140,96.305,96.305,96.305,96.305,65
1783600200,96.305,96.305,96.305,96.305,780
1783600260,96.305,96.305,96.305,96.305,20
1783600740,96.31,96.31,96.31,96.31,378
1783601940,96.31,96.31,96.31,96.31,200
1783602420,96.31,96.31,96.31,96.31,126
1783602480,96.31,96.31,96.31,96.31,8
1783602720,96.31,96.31,96.305,96.305,623
1783603020,96.31,96.31,96.31,96.31,352
1783603140,96.31,96.31,96.31,96.31,4936
1783603380,96.315,96.315,96.315,96.315,1
1783603620,96.31,96.31,96.31,96.31,4924
1783603800,96.31,96.31,96.305,96.31,8625
1783604220,96.315,96.315,96.31,96.31,51
1783604580,96.31,96.31,96.31,96.31,498
1783604640,96.315,96.315,96.315,96.315,500
1783604700,96.315,96.315,96.315,96.315,100
1783604880,96.315,96.315,96.315,96.315,24
1783605000,96.315,96.315,96.315,96.315,80
1783605060,96.315,96.315,96.315,96.315,10
1783605120,96.315,96.315,96.315,96.315,80
1783605240,96.315,96.315,96.315,96.315,135
1783605300,96.315,96.315,96.315,96.315,190
1783605360,96.31,96.315,96.31,96.315,55
1783605540,96.315,96.315,96.31,96.31,308
1783605600,96.315,96.315,96.315,96.315,5012
1783605660,96.315,96.315,96.315,96.315,1481
1783605720,96.315,96.315,96.315,96.315,497
1783605780,96.315,96.315,96.315,96.315,9
1783605840,96.315,96.315,96.315,96.315,63
1783605900,96.315,96.315,96.315,96.315,16
1783605960,96.315,96.315,96.315,96.315,1
1783606020,96.315,96.315,96.315,96.315,129
1783606200,96.315,96.315,96.315,96.315,15
1783606620,96.315,96.315,96.315,96.315,1000
1783607280,96.315,96.315,96.315,96.315,3
1783607400,96.315,96.315,96.315,96.315,4401
1783607460,96.315,96.315,96.315,96.315,7
1783607520,96.315,96.315,96.315,96.315,595
1783607580,96.315,96.315,96.315,96.315,409
1783607640,96.315,96.315,96.315,96.315,100
1783607700,96.315,96.315,96.315,96.315,112
1783607760,96.315,96.315,96.315,96.315,314
1783608060,96.315,96.315,96.315,96.315,540
1783609080,96.315,96.315,96.315,96.315,4
1783609680,96.315,96.315,96.315,96.315,45
1783609800,96.315,96.315,96.315,96.315,2
1783611060,96.31,96.31,96.31,96.31,100
1783611180,96.315,96.315,96.315,96.315,41
1783611360,96.315,96.315,96.315,96.315,100
1783611660,96.315,96.315,96.315,96.315,9
1783611720,96.315,96.315,96.315,96.315,22
1783611780,96.315,96.315,96.315,96.315,1161
1783611840,96.315,96.315,96.315,96.315,18
1783611900,96.315,96.315,96.315,96.315,10
1783611960,96.315,96.315,96.315,96.315,827
1783612020,96.315,96.315,96.315,96.315,483
1783612080,96.32,96.32,96.32,96.32,10
1783612500,96.315,96.315,96.315,96.315,240
1783613400,96.315,96.315,96.315,96.315,2197
1783613460,96.315,96.315,96.315,96.315,627
1783613520,96.315,96.315,96.315,96.315,174
1783613580,96.315,96.315,96.315,96.315,850
1783614000,96.32,96.32,96.32,96.32,2
1783614120,96.32,96.32,96.32,96.32,1
1783614240,96.32,96.32,96.32,96.32,1
1783614420,96.32,96.32,96.32,96.32,2
1783614540,96.32,96.32,96.32,96.32,1
1783614780,96.315,96.315,96.315,96.315,272
1783615020,96.315,96.315,96.315,96.315,126
1783615080,96.315,96.315,96.315,96.315,51
1783615200,96.315,96.315,96.315,96.315,100
1783615320,96.315,96.315,96.315,96.315,5
1783615380,96.315,96.315,96.315,96.315,701
1783615440,96.315,96.315,96.315,96.315,260
1783615500,96.315,96.315,96.315,96.315,1
1783615800,96.315,96.315,96.315,96.315,12
1783615860,96.315,96.315,96.315,96.315,104
1783615980,96.315,96.315,96.315,96.315,150
1783616160,96.315,96.315,96.315,96.315,18
1783616280,96.32,96.32,96.315,96.315,92
1783616400,96.315,96.315,96.315,96.315,4
1783616700,96.315,96.315,96.315,96.315,2201
1783616880,96.315,96.315,96.315,96.315,212
1783616940,96.315,96.315,96.315,96.315,124
1783617720,96.315,96.315,96.315,96.315,5
1783617960,96.315,96.315,96.315,96.315,56
1783618140,96.315,96.315,96.315,96.315,10
1783618200,96.32,96.32,96.32,96.32,120
1783618260,96.315,96.315,96.315,96.315,80
1783618620,96.315,96.315,96.315,96.315,108
1783618800,96.315,96.315,96.315,96.315,34
1783618860,96.315,96.315,96.315,96.315,90
1783618980,96.315,96.315,96.315,96.315,26
1783619040,96.315,96.315,96.315,96.315,4
1783620060,96.315,96.315,96.315,96.315,2
1783620180,96.315,96.315,96.315,96.315,129
1783620240,96.315,96.315,96.315,96.315,443
1783620300,96.315,96.315,96.315,96.315,119
1783620360,96.315,96.315,96.315,96.315,1
1783620540,96.315,96.315,96.315,96.315,79
1783620720,96.315,96.315,96.315,96.315,10
1783620900,96.315,96.315,96.315,96.315,298
1783620960,96.315,96.315,96.315,96.315,259
1783621200,96.315,96.315,96.315,96.315,1
1783621260,96.315,96.315,96.315,96.315,75
1783621740,96.315,96.315,96.315,96.315,59
1783621800,96.315,96.315,96.315,96.315,15
1783622340,96.315,96.315,96.315,96.315,600
1783622640,96.315,96.315,96.315,96.315,24
1783622820,96.315,96.315,96.315,96.315,3
1783622940,96.315,96.315,96.315,96.315,2
1783623180,96.315,96.315,96.315,96.315,943
1783623480,96.315,96.315,96.315,96.315,45
1783623540,96.315,96.315,96.315,96.315,11
1783624260,96.315,96.315,96.315,96.315,50
1783624740,96.315,96.315,96.315,96.315,5
1783624800,96.315,96.315,96.315,96.315,503
1783624860,96.315,96.315,96.315,96.315,163
1783624920,96.315,96.315,96.315,96.315,567
1783625040,96.315,96.315,96.315,96.315,67
1783625100,96.315,96.315,96.315,96.315,1012
1783625160,96.315,96.315,96.315,96.315,200
1783625220,96.315,96.315,96.315,96.315,11
1783625460,96.315,96.315,96.315,96.315,300
1783625520,96.315,96.315,96.315,96.315,14
1783626000,96.315,96.315,96.315,96.315,1
1783626120,96.315,96.315,96.315,96.315,2
1783626420,96.315,96.315,96.315,96.315,3
1783626840,96.32,96.32,96.32,96.32,150
1783626900,96.315,96.315,96.315,96.315,104
1783626960,96.315,96.315,96.315,96.315,240
1783627020,96.315,96.315,96.315,96.315,292
1783627140,96.315,96.315,96.315,96.315,100
1783627200,96.315,96.315,96.315,96.315,350
1783627260,96.32,96.32,96.32,96.32,48
1783627380,96.315,96.315,96.315,96.315,2
1783627440,96.315,96.315,96.315,96.315,1
1783627560,96.315,96.315,96.315,96.315,10
1783627740,96.315,96.315,96.315,96.315,481
1783627800,96.315,96.315,96.315,96.315,255
1783627860,96.315,96.315,96.315,96.315,26
1783627980,96.315,96.315,96.315,96.315,50
1783628040,96.315,96.32,96.315,96.315,496
1783628760,96.315,96.315,96.315,96.315,3
1783628880,96.315,96.315,96.315,96.315,1
1783628940,96.315,96.315,96.315,96.315,100
1783629180,96.32,96.32,96.315,96.315,3
1783629900,96.315,96.315,96.315,96.315,186
1783630200,96.315,96.315,96.315,96.315,10
1783630380,96.315,96.315,96.315,96.315,205
1783630440,96.315,96.315,96.315,96.315,54
1783630500,96.315,96.315,96.315,96.315,5
1783630620,96.315,96.315,96.315,96.315,899
1783630680,96.315,96.315,96.315,96.315,454
1783630740,96.315,96.315,96.315,96.315,651
1783634400,96.315,96.315,96.315,96.315,133
1783634760,96.315,96.315,96.315,96.315,3
1783637040,96.315,96.315,96.315,96.315,10
1783642740,96.315,96.315,96.315,96.315,5
1783647780,96.32,96.32,96.32,96.32,8
1783650660,96.32,96.32,96.32,96.32,300
1783650780,96.32,96.32,96.32,96.32,300
1783651800,96.32,96.32,96.32,96.32,4122
1783652040,96.32,96.32,96.32,96.32,120
1783652760,96.32,96.32,96.32,96.32,120
1783662840,96.325,96.325,96.325,96.325,150
1783664220,96.325,96.325,96.325,96.325,41
1783666260,96.325,96.325,96.325,96.325,21
1783668240,96.325,96.325,96.325,96.325,21
1783671240,96.325,96.325,96.325,96.325,1
1783672020,96.32,96.32,96.32,96.32,2
1783672860,96.325,96.325,96.325,96.325,2
1783675380,96.32,96.32,96.32,96.32,1
1783675440,96.32,96.32,96.32,96.32,1
1783675620,96.32,96.32,96.32,96.32,54
1783676580,96.325,96.325,96.325,96.325,100
1783677120,96.32,96.32,96.32,96.32,3
1783679100,96.32,96.32,96.32,96.32,120
1783679160,96.32,96.32,96.32,96.32,360
1783679220,96.32,96.32,96.32,96.32,120
1783679400,96.32,96.32,96.32,96.32,222
1783679580,96.32,96.32,96.32,96.32,3
1783679640,96.32,96.32,96.32,96.32,2248
1783679760,96.32,96.32,96.32,96.32,708
1783680420,96.32,96.32,96.32,96.32,32
1783680720,96.32,96.32,96.32,96.32,155
1783680780,96.32,96.32,96.32,96.32,2
1783681560,96.315,96.315,96.315,96.315,4
1783681980,96.315,96.315,96.315,96.315,100
1783682760,96.315,96.315,96.315,96.315,332
1783682880,96.315,96.315,96.315,96.315,248
1783682940,96.315,96.315,96.315,96.315,100
1783683000,96.315,96.315,96.315,96.315,3166
1783683120,96.315,96.315,96.315,96.315,102
1783683180,96.315,96.315,96.315,96.315,144
1783683240,96.315,96.315,96.315,96.315,2
1783683300,96.315,96.315,96.315,96.315,726
1783683360,96.315,96.315,96.315,96.315,1036
1783683480,96.315,96.315,96.315,96.315,975
1783683540,96.315,96.315,96.315,96.315,1269
1783683600,96.315,96.315,96.315,96.315,1310
1783683720,96.315,96.315,96.315,96.315,3
1783683900,96.315,96.315,96.315,96.315,7
1783683960,96.315,96.315,96.315,96.315,682
1783684020,96.315,96.315,96.315,96.315,193
1783684080,96.315,96.315,96.315,96.315,19
1783684140,96.315,96.315,96.315,96.315,69
1783684320,96.315,96.315,96.315,96.315,1
1783684380,96.315,96.315,96.315,96.315,148
1783684440,96.315,96.315,96.315,96.315,2
1783684980,96.315,96.315,96.315,96.315,14
1783685100,96.315,96.315,96.315,96.315,104
1783685340,96.32,96.32,96.315,96.315,25
1783685580,96.32,96.32,96.315,96.315,100
1783686000,96.315,96.315,96.315,96.315,10
1783686780,96.315,96.315,96.315,96.315,246
1783687080,96.315,96.315,96.315,96.315,71
1783687260,96.315,96.315,96.315,96.315,25
1783687440,96.315,96.315,96.315,96.315,170
1783687860,96.315,96.315,96.315,96.315,200
1783688880,96.315,96.315,96.315,96.315,18
1783689060,96.315,96.315,96.315,96.315,1
1783689120,96.315,96.315,96.315,96.315,212
1783689480,96.315,96.315,96.315,96.315,2648
1783690320,96.315,96.315,96.315,96.315,800
1783690440,96.315,96.315,96.315,96.315,300
1783690800,96.32,96.32,96.32,96.32,1
1783690860,96.315,96.315,96.315,96.315,25
1783691580,96.315,96.315,96.315,96.315,2
1783692300,96.315,96.315,96.315,96.315,1056
1783692600,96.315,96.315,96.315,96.315,1000
1783692840,96.315,96.315,96.315,96.315,100
1783693440,96.315,96.315,96.315,96.315,1
1783693560,96.315,96.315,96.315,96.315,34
1783693920,96.315,96.315,96.315,96.315,5115
1783693980,96.315,96.315,96.31,96.31,524
1783694280,96.31,96.31,96.31,96.31,21
1783694520,96.31,96.31,96.31,96.31,50
1783694820,96.315,96.315,96.315,96.315,45
1783694880,96.315,96.315,96.315,96.315,2761
1783695420,96.315,96.315,96.315,96.315,623
1783695480,96.315,96.315,96.315,96.315,81
1783695600,96.315,96.315,96.315,96.315,50
1783695960,96.315,96.315,96.315,96.315,100
1783696260,96.315,96.315,96.315,96.315,1000
1783696500,96.315,96.315,96.315,96.315,507
1783696680,96.315,96.315,96.315,96.315,380
1783696740,96.315,96.315,96.315,96.315,20
1783696800,96.315,96.315,96.315,96.315,1
1783697100,96.315,96.315,96.315,96.315,130
1783697400,96.315,96.315,96.315,96.315,1
1783697580,96.315,96.315,96.315,96.315,5
1783697640,96.315,96.315,96.315,96.315,30
1783697940,96.315,96.315,96.315,96.315,1
1783698180,96.315,96.315,96.315,96.315,5877
1783698240,96.315,96.315,96.315,96.315,40
1783698360,96.31,96.31,96.31,96.31,1250
1783698480,96.31,96.31,96.31,96.31,1000
1783698540,96.31,96.31,96.31,96.31,2400
1783698660,96.31,96.31,96.31,96.31,6190
1783698840,96.31,96.31,96.31,96.31,819
1783698900,96.31,96.31,96.31,96.31,1404
1783698960,96.31,96.31,96.31,96.31,2229
1783699020,96.31,96.31,96.31,96.31,402
1783699080,96.31,96.315,96.31,96.315,139
1783699140,96.31,96.31,96.31,96.31,31
1783699260,96.305,96.305,96.305,96.305,1
1783699380,96.31,96.31,96.31,96.31,3309
1783699560,96.31,96.31,96.31,96.31,5
1783699800,96.31,96.31,96.31,96.31,3
1783699920,96.305,96.305,96.305,96.305,115
1783700040,96.305,96.305,96.305,96.305,1450
1783700100,96.305,96.305,96.305,96.305,7236
1783700160,96.305,96.305,96.305,96.305,20
1783700280,96.305,96.305,96.305,96.305,70
1783700340,96.305,96.305,96.305,96.305,30
1783700460,96.305,96.305,96.305,96.305,269
1783700520,96.305,96.305,96.305,96.305,5
1783700580,96.305,96.305,96.305,96.305,60
1783700700,96.305,96.305,96.305,96.305,1744
1783700880,96.305,96.305,96.3,96.3,116
1783700940,96.3,96.3,96.3,96.3,308
1783701000,96.3,96.3,96.3,96.3,855
1783701420,96.3,96.3,96.3,96.3,6507
1783701600,96.3,96.3,96.3,96.3,20
1783701900,96.295,96.295,96.295,96.295,75
1783701960,96.295,96.295,96.295,96.295,300
1783702080,96.3,96.3,96.3,96.3,532
1783702620,96.295,96.3,96.295,96.295,2045
1783702680,96.295,96.295,96.295,96.295,1585
1783702740,96.295,96.295,96.295,96.295,6
1783702800,96.295,96.295,96.295,96.295,2542
1783702860,96.295,96.295,96.295,96.295,2100
1783702980,96.295,96.295,96.295,96.295,100
1783703040,96.295,96.295,96.295,96.295,2073
1783703100,96.295,96.295,96.295,96.295,1650
1783703220,96.295,96.295,96.295,96.295,24
1783703280,96.295,96.295,96.295,96.295,1
1783703400,96.295,96.295,96.295,96.295,1
1783703520,96.295,96.295,96.295,96.295,1736
1783703760,96.295,96.295,96.295,96.295,300
1783703820,96.295,96.295,96.295,96.295,782
1783703940,96.3,96.3,96.3,96.3,10
1783704000,96.295,96.295,96.295,96.295,2310
1783704060,96.295,96.295,96.295,96.295,556
1783704180,96.295,96.295,96.295,96.295,585
1783704300,96.295,96.295,96.295,96.295,25
1783704360,96.295,96.295,96.295,96.295,25
1783704960,96.295,96.295,96.295,96.295,1
1783705020,96.295,96.295,96.295,96.295,3713
1783705080,96.295,96.295,96.295,96.295,100
1783705260,96.295,96.295,96.295,96.295,150
1783705320,96.295,96.295,96.295,96.295,28
1783705380,96.295,96.295,96.295,96.295,90
1783705620,96.295,96.295,96.295,96.295,2
1783705800,96.295,96.295,96.295,96.295,22
1783706280,96.295,96.295,96.295,96.295,1
1783706400,96.295,96.295,96.295,96.295,1394
1783706460,96.3,96.3,96.295,96.295,56
1783706520,96.295,96.3,96.295,96.3,316
1783706580,96.29,96.295,96.29,96.295,277
1783706820,96.295,96.295,96.295,96.295,6
1783706880,96.295,96.295,96.295,96.295,8
1783706940,96.295,96.295,96.295,96.295,9
1783707060,96.295,96.295,96.295,96.295,365
1783707120,96.295,96.295,96.295,96.295,2
1783707180,96.295,96.295,96.295,96.295,21
1783707300,96.295,96.295,96.295,96.295,50
1783707360,96.295,96.295,96.295,96.295,19
1783707420,96.295,96.295,96.295,96.295,71
1783707480,96.29,96.29,96.29,96.29,184
1783707780,96.29,96.29,96.29,96.29,3
1783707960,96.295,96.295,96.295,96.295,6
1783708080,96.295,96.295,96.295,96.295,30
1783708260,96.295,96.295,96.295,96.295,1
1783708440,96.295,96.295,96.295,96.295,521
1783708740,96.295,96.295,96.295,96.295,2
1783708800,96.29,96.29,96.29,96.29,10
1783708920,96.29,96.29,96.29,96.29,136
1783709160,96.29,96.29,96.29,96.29,3
1783709280,96.29,96.29,96.29,96.29,500
1783709460,96.29,96.29,96.29,96.29,100
1783709700,96.295,96.295,96.295,96.295,1000
1783709820,96.295,96.295,96.295,96.295,250
1783709880,96.295,96.295,96.295,96.295,375
1783709940,96.29,96.295,96.29,96.29,264
1783710000,96.295,96.295,96.295,96.295,4433
1783710060,96.295,96.295,96.295,96.295,28
1783710240,96.295,96.3,96.295,96.3,510
1783710300,96.295,96.295,96.295,96.295,569
1783710600,96.295,96.295,96.295,96.295,31
1783711020,96.3,96.3,96.295,96.295,6
1783712100,96.295,96.295,96.295,96.295,40
1783712340,96.295,96.295,96.295,96.295,173
1783712400,96.295,96.295,96.295,96.295,54
1783712820,96.295,96.295,96.295,96.295,551
1783713600,96.295,96.295,96.295,96.295,156
1783713900,96.295,96.295,96.295,96.295,1
1783714140,96.295,96.295,96.295,96.295,100
1783714380,96.295,96.295,96.29,96.295,2472
1783714440,96.295,96.295,96.295,96.295,2
1783714620,96.295,96.295,96.295,96.295,2
1783714680,96.295,96.295,96.295,96.295,465
1783714740,96.295,96.295,96.295,96.295,16
1783714920,96.295,96.295,96.295,96.295,101
1783715340,96.295,96.295,96.295,96.295,700
1783715580,96.295,96.295,96.295,96.295,12
1783715700,96.295,96.295,96.295,96.295,290
1783716060,96.295,96.295,96.295,96.295,1
1783716720,96.295,96.295,96.295,96.295,200
1783716840,96.295,96.295,96.295,96.295,3
1783716960,96.295,96.295,96.295,96.295,3
1783717020,96.29,96.29,96.29,96.29,15
1783717080,96.29,96.29,96.29,96.29,208
1783893600,96.29,96.29,96.29,96.29,2101
1783893660,96.29,96.29,96.29,96.29,267
1783893720,96.29,96.29,96.285,96.285,5
1783893780,96.29,96.29,96.29,96.29,7
1783893840,96.285,96.285,96.285,96.285,174
1783893900,96.285,96.285,96.285,96.285,804
1783894080,96.285,96.285,96.285,96.285,127
1783894200,96.285,96.285,96.285,96.285,100
1783894380,96.285,96.285,96.285,96.285,300
1783894740,96.285,96.285,96.285,96.285,3
1783894860,96.285,96.285,96.285,96.285,300
1783894920,96.285,96.285,96.285,96.285,50
1783895160,96.285,96.285,96.285,96.285,150
1783895520,96.285,96.285,96.285,96.285,460
1783895580,96.285,96.285,96.285,96.285,25
1783895820,96.285,96.285,96.285,96.285,150
1783896060,96.285,96.285,96.285,96.285,5
1783896120,96.285,96.285,96.285,96.285,250
1783896180,96.285,96.285,96.285,96.285,10
1783896300,96.285,96.285,96.285,96.285,132
1783896360,96.285,96.285,96.285,96.285,4
1783896420,96.285,96.285,96.285,96.285,100
1783896720,96.285,96.285,96.285,96.285,100
1783896780,96.285,96.285,96.285,96.285,6
1783896840,96.285,96.285,96.285,96.285,25
1783897020,96.285,96.285,96.285,96.285,12
1783897200,96.285,96.285,96.285,96.285,3
1783897440,96.285,96.285,96.285,96.285,1
1783897980,96.285,96.285,96.285,96.285,1
1783898220,96.285,96.285,96.285,96.285,50
1783898280,96.285,96.285,96.285,96.285,21
1783898400,96.285,96.285,96.285,96.285,20
1783898580,96.285,96.285,96.285,96.285,151
1783898700,96.285,96.285,96.285,96.285,31
1783899960,96.29,96.29,96.29,96.29,1
1783900140,96.29,96.29,96.29,96.29,400
1783900200,96.29,96.29,96.29,96.29,1000
1783900740,96.285,96.285,96.285,96.285,61
1783900920,96.285,96.285,96.285,96.285,2
1783901040,96.285,96.285,96.285,96.285,10
1783902840,96.29,96.29,96.29,96.29,100
1783904340,96.29,96.29,96.29,96.29,200
1783904760,96.29,96.29,96.29,96.29,10
1783910100,96.29,96.29,96.29,96.29,250
1783911000,96.285,96.285,96.285,96.285,4
1783912080,96.29,96.29,96.29,96.29,50
1783912680,96.29,96.29,96.29,96.29,40
1783913100,96.29,96.29,96.29,96.29,13
1783913340,96.29,96.29,96.29,96.29,7
1783913820,96.29,96.29,96.29,96.29,200
1783914540,96.29,96.29,96.29,96.29,101
1783914600,96.29,96.29,96.29,96.29,1712
1783914660,96.29,96.29,96.29,96.29,305
1783915680,96.29,96.29,96.29,96.29,8
1783915740,96.29,96.29,96.29,96.29,8
1783915860,96.29,96.29,96.29,96.29,62
1783915920,96.29,96.29,96.29,96.29,52
1783916460,96.29,96.29,96.29,96.29,201
1783917180,96.29,96.29,96.29,96.29,275
1783919580,96.29,96.29,96.29,96.29,101
1783920300,96.29,96.29,96.29,96.29,423
1783920360,96.29,96.29,96.29,96.29,200
1783920720,96.29,96.29,96.29,96.29,4
1783920900,96.29,96.29,96.29,96.29,70
1783921560,96.29,96.29,96.29,96.29,150
1783921740,96.29,96.29,96.29,96.29,301
1783923240,96.29,96.29,96.29,96.29,505
1783923300,96.29,96.29,96.29,96.29,645
1783923420,96.29,96.29,96.29,96.29,501
1783924380,96.29,96.29,96.29,96.29,401
1783924440,96.29,96.29,96.29,96.29,916
1783924500,96.29,96.29,96.29,96.29,1
1783924620,96.29,96.29,96.29,96.29,1021
1783924680,96.29,96.29,96.29,96.29,31
1783924740,96.29,96.29,96.29,96.29,600
1783925160,96.29,96.29,96.29,96.29,45
1783925640,96.29,96.29,96.29,96.29,49
1783925700,96.29,96.29,96.29,96.29,10
1783926960,96.29,96.29,96.29,96.29,100
1783927260,96.29,96.29,96.29,96.29,300
1783927500,96.29,96.29,96.29,96.29,74
1783927560,96.29,96.29,96.29,96.29,175
1783928100,96.29,96.29,96.29,96.29,111
1783928700,96.29,96.29,96.29,96.29,70
1783929960,96.295,96.295,96.295,96.295,477
1783930200,96.295,96.295,96.295,96.295,40
1783930320,96.295,96.295,96.295,96.295,300
1783930620,96.295,96.295,96.295,96.295,886
1783930680,96.295,96.295,96.295,96.295,483
1783930860,96.295,96.295,96.295,96.295,110
1783930920,96.295,96.295,96.295,96.295,155
1783930980,96.295,96.295,96.295,96.295,69
1783931280,96.295,96.295,96.295,96.295,9
1783931340,96.295,96.295,96.295,96.295,41
1783931520,96.295,96.295,96.295,96.295,6
1783931820,96.295,96.295,96.295,96.295,243
1783931940,96.295,96.295,96.295,96.295,3
1783932180,96.295,96.295,96.295,96.295,10
1783932720,96.295,96.295,96.295,96.295,200
1783932780,96.295,96.295,96.295,96.295,181
1783935180,96.3,96.3,96.3,96.3,400
1783936980,96.295,96.295,96.295,96.295,2103
1783937040,96.295,96.295,96.295,96.295,69
1783937100,96.295,96.295,96.295,96.295,181
1783937280,96.295,96.295,96.295,96.295,183
1783937340,96.295,96.295,96.295,96.295,2
1783937520,96.295,96.295,96.295,96.295,152
1783937580,96.295,96.295,96.295,96.295,60
1783937940,96.295,96.295,96.295,96.295,50
1783938120,96.295,96.295,96.295,96.295,24
1783938420,96.295,96.295,96.295,96.295,1302
1783938480,96.295,96.295,96.295,96.295,1046
1783938780,96.295,96.295,96.295,96.295,1086
1783938840,96.295,96.295,96.295,96.295,22
1783938900,96.295,96.295,96.295,96.295,80
1783939080,96.295,96.295,96.295,96.295,443
1783939140,96.295,96.295,96.295,96.295,742
1783939200,96.295,96.295,96.295,96.295,13
1783939440,96.295,96.295,96.295,96.295,115
1783939980,96.295,96.295,96.295,96.295,50
1783940040,96.295,96.295,96.29,96.29,318
1783940280,96.295,96.295,96.295,96.295,50
1783940340,96.29,96.29,96.29,96.29,14
1783940520,96.295,96.295,96.29,96.295,1208
1783940700,96.295,96.295,96.295,96.295,532
1783940760,96.295,96.295,96.295,96.295,281
1783940820,96.295,96.295,96.295,96.295,202
1783940880,96.295,96.295,96.295,96.295,360
1783941180,96.295,96.295,96.295,96.295,1200
1783942020,96.295,96.295,96.295,96.295,102
1783942080,96.295,96.295,96.295,96.295,75
1783942200,96.295,96.295,96.295,96.295,1643
1783942440,96.295,96.295,96.295,96.295,425
1783942500,96.295,96.295,96.295,96.295,110
1783942560,96.295,96.295,96.295,96.295,240
1783942620,96.295,96.295,96.295,96.295,366
1783942680,96.295,96.295,96.295,96.295,7
1783942740,96.295,96.295,96.295,96.295,250
1783942860,96.295,96.295,96.295,96.295,33
1783942920,96.295,96.295,96.295,96.295,20
1783943100,96.295,96.295,96.295,96.295,241
1783943160,96.295,96.295,96.295,96.295,50
1783943220,96.295,96.295,96.295,96.295,240
1783943520,96.295,96.295,96.295,96.295,500
1783943580,96.295,96.295,96.295,96.295,4
1783943700,96.295,96.295,96.295,96.295,100
1783944180,96.295,96.295,96.295,96.295,400
1783944240,96.295,96.295,96.295,96.295,240
1783944480,96.295,96.295,96.29,96.29,126
1783944600,96.295,96.295,96.295,96.295,207
1783944900,96.29,96.29,96.285,96.285,34607
1783945080,96.285,96.285,96.285,96.285,200
1783945200,96.29,96.29,96.29,96.29,2
1783945260,96.285,96.285,96.285,96.285,750
1783945440,96.29,96.29,96.29,96.29,100
1783945500,96.285,96.285,96.285,96.285,857
1783945620,96.285,96.285,96.285,96.285,7
1783945860,96.285,96.285,96.285,96.285,576
1783945980,96.29,96.29,96.285,96.285,8
1783946040,96.285,96.285,96.285,96.285,150
1783946400,96.285,96.285,96.285,96.285,100
1783946580,96.29,96.29,96.29,96.29,25
1783946640,96.285,96.285,96.285,96.285,541
1783946700,96.285,96.285,96.285,96.285,9154
1783946760,96.285,96.285,96.285,96.285,897
1783946820,96.285,96.285,96.285,96.285,507
1783946940,96.285,96.285,96.285,96.285,1066
1783947180,96.285,96.285,96.285,96.285,250
1783947600,96.29,96.29,96.29,96.29,2
1783947780,96.29,96.29,96.29,96.29,9132
1783947840,96.29,96.29,96.29,96.29,400
1783949580,96.29,96.29,96.29,96.29,13
1783949940,96.285,96.285,96.285,96.285,1
1783950000,96.285,96.285,96.285,96.285,42
1783950180,96.285,96.285,96.285,96.285,398
1783950540,96.285,96.285,96.285,96.285,600
1783951140,96.285,96.285,96.285,96.285,600
1783951200,96.29,96.29,96.29,96.29,1
1783951800,96.29,96.29,96.29,96.29,125
1783951980,96.29,96.29,96.29,96.29,267
1783952160,96.29,96.29,96.285,96.285,737
1783952220,96.285,96.285,96.285,96.285,11952
1783952280,96.285,96.285,96.285,96.285,17
1783952340,96.285,96.285,96.285,96.285,20
1783952580,96.28,96.28,96.28,96.28,15251
1783952640,96.28,96.28,96.28,96.28,2374
1783952700,96.28,96.28,96.27,96.275,15379
1783952760,96.275,96.28,96.275,96.275,106
1783952880,96.275,96.275,96.275,96.275,50
1783953000,96.28,96.28,96.28,96.28,3
1783953240,96.28,96.28,96.28,96.28,10
1783953300,96.28,96.28,96.28,96.28,2069
1783953420,96.28,96.28,96.28,96.28,49
1783953480,96.28,96.28,96.28,96.28,99
1783953540,96.275,96.275,96.275,96.275,92
1783953600,96.275,96.28,96.275,96.28,251
1783953840,96.275,96.275,96.275,96.275,75
1783953900,96.275,96.275,96.275,96.275,2
1783954080,96.275,96.275,96.275,96.275,90
1783954380,96.275,96.275,96.275,96.275,50
1783954740,96.28,96.28,96.28,96.28,12
1783954860,96.28,96.28,96.28,96.28,200
1783955220,96.28,96.28,96.28,96.28,2
1783955460,96.28,96.28,96.28,96.28,909
1783956000,96.28,96.28,96.28,96.28,100
1783956180,96.28,96.28,96.28,96.28,100
1783956600,96.28,96.28,96.275,96.275,50
1783956720,96.275,96.275,96.275,96.275,12
1783957080,96.275,96.275,96.275,96.275,25
1783957320,96.275,96.275,96.275,96.275,122
1783957620,96.28,96.28,96.275,96.28,16553
1783957680,96.28,96.28,96.28,96.28,4138
1783957740,96.28,96.28,96.275,96.28,4478
1783958820,96.28,96.28,96.275,96.275,101
1783959000,96.28,96.28,96.28,96.28,1
1783959180,96.28,96.28,96.275,96.275,605
1783959540,96.275,96.275,96.275,96.275,5
1783959600,96.275,96.275,96.275,96.275,8
1783959660,96.275,96.275,96.275,96.275,2009
1783959720,96.275,96.275,96.275,96.275,600
1783959840,96.275,96.275,96.27,96.27,7109
1783959900,96.27,96.27,96.27,96.27,95
1783959960,96.27,96.27,96.27,96.27,2586
1783960020,96.27,96.27,96.27,96.27,4
1783960080,96.27,96.27,96.265,96.27,3893
1783960140,96.27,96.27,96.255,96.26,11893
1783960200,96.26,96.265,96.26,96.26,6292
1783960260,96.26,96.265,96.255,96.255,3208
1783960320,96.255,96.26,96.255,96.26,2302
1783960380,96.26,96.26,96.26,96.26,625
1783960440,96.26,96.26,96.26,96.26,500
1783960500,96.26,96.26,96.255,96.255,3439
1783960560,96.255,96.26,96.255,96.255,6613
1783960620,96.26,96.26,96.255,96.255,1406
1783960680,96.26,96.26,96.26,96.26,5
1783960740,96.26,96.26,96.26,96.26,5
1783960800,96.26,96.265,96.26,96.265,5438
1783960860,96.265,96.265,96.265,96.265,100
1783960920,96.265,96.265,96.265,96.265,5375
1783960980,96.265,96.265,96.265,96.265,3826
1783961040,96.265,96.27,96.265,96.265,33
1783961100,96.27,96.27,96.265,96.27,421
1783961160,96.265,96.265,96.265,96.265,210
1783961220,96.265,96.265,96.265,96.265,2933
1783961400,96.265,96.265,96.265,96.265,677
1783961460,96.265,96.265,96.265,96.265,9944
1783961520,96.265,96.265,96.265,96.265,42
1783961580,96.265,96.265,96.265,96.265,2301
1783961640,96.265,96.265,96.265,96.265,3049
1783961700,96.265,96.265,96.265,96.265,800
1783961760,96.26,96.26,96.26,96.26,36
1783961820,96.26,96.26,96.26,96.26,767
1783961880,96.26,96.265,96.26,96.265,12
1783961940,96.265,96.265,96.265,96.265,4903
1783962000,96.265,96.265,96.265,96.265,1892
1783962060,96.265,96.265,96.265,96.265,1747
1783962120,96.265,96.265,96.265,96.265,334
1783962180,96.265,96.265,96.265,96.265,1245
1783962240,96.27,96.27,96.265,96.27,7442
1783962300,96.275,96.275,96.27,96.27,44
1783962420,96.27,96.27,96.27,96.27,7804
1783962480,96.27,96.27,96.27,96.27,1641
1783962540,96.27,96.27,96.27,96.27,1260
1783962600,96.27,96.27,96.27,96.27,380
1783962660,96.27,96.27,96.27,96.27,548
1783962780,96.27,96.27,96.27,96.27,100
1783962960,96.27,96.275,96.27,96.275,1801
1783963020,96.27,96.27,96.27,96.27,10
1783963080,96.275,96.275,96.275,96.275,26
1783963140,96.27,96.27,96.27,96.27,97
1783963200,96.275,96.275,96.275,96.275,2834
1783963260,96.275,96.275,96.275,96.275,1465
1783963320,96.275,96.275,96.275,96.275,24
1783963380,96.275,96.275,96.275,96.275,201
1783963800,96.275,96.275,96.275,96.275,1325
1783964460,96.275,96.275,96.275,96.275,4331
1783964580,96.275,96.275,96.275,96.275,1
1783964640,96.275,96.275,96.27,96.275,729
1783964820,96.275,96.275,96.275,96.275,253
1783964880,96.275,96.275,96.275,96.275,23
1783964940,96.275,96.275,96.275,96.275,3
1783965120,96.27,96.27,96.27,96.27,80
1783965180,96.27,96.27,96.27,96.27,67
1783965300,96.27,96.27,96.27,96.27,1
1783965420,96.275,96.275,96.275,96.275,1
1783966380,96.27,96.27,96.27,96.27,49
1783966500,96.27,96.27,96.27,96.27,63
1783966740,96.27,96.27,96.27,96.27,391
1783966800,96.27,96.27,96.27,96.27,907
1783966920,96.27,96.27,96.27,96.27,346
1783966980,96.27,96.27,96.27,96.27,50
1783967040,96.27,96.27,96.27,96.27,11
1783967160,96.27,96.27,96.27,96.27,13
1783967220,96.27,96.27,96.27,96.27,300
1783967400,96.27,96.27,96.27,96.27,960
1783967460,96.275,96.275,96.27,96.27,3393
1783967520,96.27,96.27,96.27,96.27,1289
1783967580,96.27,96.27,96.27,96.27,142
1783967640,96.27,96.27,96.27,96.27,232
1783967700,96.27,96.27,96.27,96.27,27
1783967760,96.27,96.27,96.27,96.27,650
1783967820,96.27,96.27,96.27,96.27,481
1783967880,96.27,96.27,96.27,96.27,11
1783968060,96.27,96.27,96.27,96.27,640
1783968120,96.27,96.27,96.27,96.27,199
1783968180,96.27,96.27,96.27,96.27,139
1783968300,96.27,96.27,96.27,96.27,165
1783968360,96.27,96.27,96.27,96.27,136
1783968480,96.27,96.27,96.27,96.27,11
1783968600,96.27,96.27,96.27,96.27,195
1783968660,96.27,96.27,96.27,96.27,36
1783968720,96.27,96.27,96.27,96.27,269
1783968780,96.27,96.27,96.27,96.27,336
1783968900,96.27,96.27,96.27,96.27,834
1783968960,96.27,96.27,96.27,96.27,4
1783969080,96.27,96.27,96.27,96.27,19
1783969140,96.27,96.27,96.265,96.265,20
1783969320,96.27,96.27,96.27,96.27,600
1783969380,96.27,96.27,96.27,96.27,136
1783969620,96.27,96.27,96.27,96.27,101
1783969800,96.27,96.27,96.27,96.27,1352
1783969860,96.27,96.27,96.27,96.27,178
1783969980,96.275,96.275,96.275,96.275,3867
1783970220,96.27,96.27,96.27,96.27,12
1783971420,96.27,96.27,96.27,96.27,6
1783971600,96.27,96.275,96.27,96.275,35
1783971660,96.275,96.275,96.275,96.275,1
1783972140,96.275,96.275,96.275,96.275,1
1783972260,96.275,96.275,96.27,96.275,123
1783972500,96.27,96.27,96.27,96.27,1003
1783972800,96.27,96.27,96.27,96.27,300
1783973340,96.27,96.27,96.27,96.27,135
1783973400,96.27,96.27,96.27,96.27,2629
1783973460,96.27,96.27,96.27,96.27,50
1783973640,96.27,96.27,96.27,96.27,1
1783973940,96.27,96.27,96.27,96.27,5
1783974000,96.265,96.265,96.265,96.265,9
1783974660,96.27,96.27,96.27,96.27,14
1783974780,96.27,96.27,96.27,96.27,25
1783974900,96.27,96.27,96.27,96.27,88
1783975800,96.265,96.265,96.265,96.265,40
1783975920,96.265,96.265,96.265,96.265,80
1783976040,96.265,96.27,96.265,96.27,81
1783976100,96.265,96.265,96.265,96.265,40
1783976160,96.265,96.27,96.265,96.27,15
1783976340,96.265,96.265,96.265,96.265,10
1783980000,96.27,96.27,96.265,96.265,164
1783980060,96.27,96.27,96.27,96.27,3
1783980120,96.27,96.27,96.27,96.27,8
1783980840,96.27,96.27,96.27,96.27,1
1783981380,96.27,96.27,96.27,96.27,6
1783981440,96.27,96.27,96.27,96.27,7
1783982400,96.265,96.265,96.265,96.265,300
1783982700,96.265,96.265,96.265,96.265,18
1783983840,96.27,96.27,96.27,96.27,6
1783984020,96.27,96.27,96.27,96.27,80
1783985700,96.27,96.27,96.27,96.27,7
1783986960,96.27,96.27,96.27,96.27,100
1783987200,96.27,96.27,96.27,96.27,439
1783987380,96.27,96.27,96.27,96.27,1
1783988220,96.265,96.265,96.265,96.265,2
1783988340,96.265,96.265,96.26,96.26,4649
1783989300,96.265,96.265,96.265,96.265,200
1783989780,96.265,96.265,96.265,96.265,2
1783989840,96.265,96.265,96.265,96.265,2
1783990140,96.265,96.265,96.265,96.265,200
1783990200,96.265,96.265,96.265,96.265,10
1783990260,96.265,96.265,96.265,96.265,20
1783990320,96.265,96.265,96.265,96.265,50
1783990380,96.265,96.265,96.265,96.265,12
1783990800,96.265,96.265,96.265,96.265,200
1783990920,96.265,96.265,96.265,96.265,1871
1783991700,96.265,96.265,96.265,96.265,80
1783992000,96.265,96.265,96.265,96.265,80
1783993080,96.265,96.265,96.265,96.265,305
1783996260,96.265,96.265,96.265,96.265,171
1783996320,96.265,96.265,96.265,96.265,50
1783997160,96.265,96.265,96.265,96.265,50
1783997220,96.27,96.27,96.27,96.27,50
1783998120,96.265,96.265,96.265,96.265,5
1783998960,96.265,96.265,96.265,96.265,258
1783999200,96.265,96.265,96.265,96.265,702
1783999260,96.265,96.265,96.265,96.265,323
1783999320,96.265,96.265,96.265,96.265,200
1783999560,96.26,96.26,96.26,96.26,5
1784000100,96.265,96.265,96.265,96.265,638
1784001900,96.265,96.265,96.265,96.265,2
1784002560,96.265,96.265,96.265,96.265,536
1784002920,96.265,96.265,96.265,96.265,120
1784003400,96.265,96.275,96.265,96.27,9762
1784003580,96.275,96.275,96.275,96.275,143
1784003640,96.275,96.275,96.275,96.275,200
1784004000,96.275,96.275,96.275,96.275,100
1784005260,96.27,96.27,96.27,96.27,1123
1784005380,96.27,96.27,96.27,96.27,523
1784005440,96.27,96.27,96.27,96.27,189
1784005560,96.27,96.275,96.27,96.275,350
1784005680,96.27,96.27,96.27,96.27,224
1784005980,96.27,96.27,96.27,96.27,10
1784006280,96.27,96.27,96.27,96.27,175
1784006520,96.27,96.27,96.27,96.27,1
1784007300,96.27,96.27,96.27,96.27,345
1784007540,96.27,96.27,96.27,96.27,40
1784008020,96.27,96.27,96.27,96.27,826
1784008440,96.27,96.27,96.27,96.27,23
1784008740,96.27,96.27,96.27,96.27,40
1784008860,96.27,96.27,96.27,96.27,102
1784009880,96.265,96.265,96.265,96.265,500
1784010060,96.265,96.265,96.265,96.265,200
1784010240,96.265,96.265,96.265,96.265,124
1784010480,96.265,96.265,96.265,96.265,18
1784011140,96.265,96.265,96.265,96.265,12
1784011260,96.27,96.27,96.27,96.27,50
1784011560,96.265,96.265,96.265,96.265,25
1784011620,96.265,96.265,96.265,96.265,85
1784012400,96.265,96.265,96.265,96.265,145
1784013120,96.27,96.27,96.27,96.27,1
1784013240,96.27,96.27,96.27,96.27,5507
1784013300,96.275,96.275,96.27,96.27,1204
1784013360,96.27,96.27,96.27,96.27,173
1784013600,96.27,96.27,96.27,96.27,2943
1784013660,96.27,96.27,96.27,96.27,97
1784013720,96.27,96.27,96.27,96.27,34
1784014200,96.275,96.275,96.275,96.275,137
1784014380,96.27,96.27,96.27,96.27,1250
1784014440,96.27,96.27,96.27,96.27,456
1784014680,96.27,96.275,96.27,96.275,200
1784014740,96.27,96.27,96.27,96.27,144
1784014800,96.27,96.27,96.27,96.27,179
1784014860,96.27,96.27,96.27,96.27,322
1784014920,96.27,96.27,96.27,96.27,964
1784015340,96.27,96.27,96.27,96.27,500
1784015400,96.27,96.27,96.27,96.27,150
1784015520,96.27,96.27,96.27,96.27,71
1784015580,96.27,96.27,96.27,96.27,139
1784015640,96.27,96.27,96.27,96.27,1903
1784015760,96.27,96.27,96.27,96.27,36
1784015820,96.27,96.27,96.27,96.27,638
1784015880,96.27,96.27,96.27,96.27,163
1784015940,96.27,96.27,96.27,96.27,349
1784016000,96.27,96.27,96.27,96.27,16
1784016060,96.265,96.265,96.265,96.265,100
1784016180,96.27,96.27,96.265,96.265,355
1784016240,96.27,96.27,96.27,96.27,120
1784016360,96.27,96.27,96.27,96.27,250
1784016540,96.27,96.27,96.27,96.27,100
1784016660,96.27,96.27,96.27,96.27,33
1784016720,96.27,96.27,96.27,96.27,9
1784016780,96.27,96.27,96.27,96.27,158
1784016900,96.27,96.27,96.27,96.27,1297
1784016960,96.27,96.27,96.27,96.27,803
1784017080,96.27,96.27,96.27,96.27,138
1784017140,96.27,96.27,96.27,96.27,1
1784017200,96.27,96.27,96.27,96.27,905
1784017260,96.27,96.27,96.27,96.27,72
1784017680,96.27,96.27,96.27,96.27,126
1784017800,96.27,96.27,96.27,96.27,2
1784017920,96.275,96.275,96.275,96.275,125
1784018400,96.275,96.275,96.275,96.275,150
1784018460,96.275,96.275,96.275,96.275,150
1784019420,96.27,96.27,96.27,96.27,200
1784019600,96.27,96.27,96.27,96.27,3
1784019660,96.27,96.27,96.27,96.27,6
1784020200,96.27,96.27,96.27,96.27,65
1784020440,96.275,96.275,96.275,96.275,250
1784020500,96.275,96.275,96.275,96.275,1
1784020620,96.27,96.27,96.27,96.27,50
1784020980,96.27,96.27,96.27,96.27,250
1784021580,96.27,96.27,96.27,96.27,2
1784022300,96.27,96.27,96.27,96.27,3
1784022360,96.275,96.275,96.275,96.275,1000
1784022420,96.275,96.275,96.275,96.275,700
1784022480,96.275,96.275,96.275,96.275,2350
1784022540,96.275,96.275,96.275,96.275,1056
1784022600,96.275,96.275,96.275,96.275,773
1784022720,96.28,96.28,96.28,96.28,2
1784022780,96.28,96.28,96.28,96.28,44
1784023020,96.28,96.28,96.28,96.28,119
1784023380,96.28,96.28,96.28,96.28,2
1784023440,96.28,96.28,96.28,96.28,5
1784023500,96.28,96.28,96.275,96.275,119
1784023560,96.28,96.28,96.28,96.28,1
1784023680,96.275,96.275,96.275,96.275,1149
1784023740,96.275,96.275,96.275,96.275,272
1784023800,96.275,96.275,96.275,96.275,1613
1784023980,96.275,96.275,96.275,96.275,100
1784024160,96.28,96.28,96.28,96.28,8030
1784024220,96.28,96.28,96.28,96.28,981
1784024280,96.28,96.28,96.28,96.28,2647
1784024340,96.28,96.28,96.28,96.28,1140
1784024400,96.28,96.28,96.28,96.28,1
1784024520,96.275,96.275,96.275,96.275,50
1784024640,96.28,96.28,96.28,96.28,100
1784024760,96.28,96.28,96.28,96.28,150
1784025120,96.275,96.275,96.275,96.275,1
1784025240,96.275,96.275,96.275,96.275,4099
1784025300,96.275,96.275,96.275,96.275,1723
1784025360,96.275,96.275,96.275,96.275,41
1784025420,96.275,96.275,96.275,96.275,525
1784025480,96.275,96.275,96.275,96.275,150
1784025840,96.28,96.28,96.28,96.28,100
1784026380,96.28,96.28,96.28,96.28,2
1784026500,96.275,96.275,96.275,96.275,100
1784026560,96.275,96.275,96.275,96.275,1074
1784026620,96.275,96.275,96.275,96.275,596
1784026680,96.275,96.275,96.275,96.275,406
1784026740,96.275,96.275,96.275,96.275,29
1784026800,96.275,96.275,96.275,96.275,518
1784026860,96.275,96.275,96.275,96.275,101
1784026920,96.275,96.275,96.275,96.275,38
1784026980,96.275,96.275,96.275,96.275,120
1784027040,96.275,96.275,96.275,96.275,37
1784027160,96.275,96.275,96.275,96.275,242
1784027340,96.275,96.275,96.275,96.275,2
1784027400,96.275,96.275,96.275,96.275,234
1784027460,96.28,96.285,96.28,96.285,22091
1784027640,96.285,96.285,96.285,96.285,2116
1784027700,96.285,96.285,96.285,96.285,350
1784027760,96.285,96.285,96.285,96.285,1286
1784028000,96.285,96.285,96.285,96.285,45
1784028060,96.28,96.28,96.28,96.28,150
1784028120,96.285,96.285,96.285,96.285,10
1784028180,96.285,96.285,96.285,96.285,150
1784028240,96.285,96.285,96.285,96.285,5
1784028300,96.285,96.285,96.285,96.285,2
1784028360,96.285,96.285,96.285,96.285,555
1784028420,96.285,96.285,96.285,96.285,35
1784028540,96.285,96.285,96.285,96.285,90
1784028600,96.285,96.285,96.285,96.285,170
1784028660,96.285,96.285,96.285,96.285,412
1784028840,96.28,96.285,96.28,96.285,77
1784028960,96.285,96.285,96.285,96.285,129
1784029020,96.285,96.285,96.285,96.285,1500
1784029080,96.285,96.285,96.285,96.285,594
1784029140,96.28,96.28,96.28,96.28,300
1784029320,96.285,96.285,96.285,96.285,143
1784029500,96.285,96.285,96.285,96.285,283
1784029680,96.28,96.28,96.28,96.28,1000
1784029980,96.28,96.28,96.28,96.28,290
1784030040,96.28,96.28,96.28,96.28,100
1784030100,96.285,96.285,96.285,96.285,46
1784030160,96.285,96.285,96.285,96.285,18
1784030220,96.285,96.285,96.285,96.285,17
1784030280,96.285,96.285,96.285,96.285,6121
1784030340,96.285,96.285,96.285,96.285,1213
1784030400,96.285,96.285,96.285,96.285,1869
1784030460,96.285,96.285,96.285,96.285,43
1784030520,96.285,96.285,96.285,96.285,65
1784030580,96.285,96.285,96.285,96.285,520
1784030640,96.285,96.285,96.285,96.285,1002
1784030700,96.285,96.285,96.285,96.285,33
1784030820,96.285,96.285,96.28,96.28,32
1784030940,96.285,96.285,96.285,96.285,1
1784031000,96.28,96.285,96.28,96.285,2110
1784031060,96.285,96.285,96.285,96.285,1
1784031240,96.28,96.285,96.28,96.285,875
1784031360,96.28,96.28,96.28,96.28,141
1784031420,96.28,96.28,96.28,96.28,100
1784031480,96.28,96.28,96.28,96.28,35
1784031540,96.28,96.28,96.28,96.28,1123
1784031600,96.28,96.285,96.28,96.28,92
1784031660,96.28,96.28,96.28,96.28,5
1784031720,96.28,96.285,96.28,96.28,656
1784031780,96.285,96.285,96.28,96.28,636
1784031900,96.28,96.285,96.28,96.285,1284
1784031960,96.285,96.285,96.285,96.285,629
1784032020,96.28,96.28,96.275,96.28,3145
1784032080,96.28,96.28,96.28,96.28,510
1784032140,96.28,96.285,96.28,96.28,849
1784032200,96.285,96.34,96.285,96.335,25305
1784032260,96.335,96.335,96.33,96.33,11131
1784032320,96.33,96.335,96.33,96.33,8684
1784032380,96.33,96.335,96.33,96.335,15619
1784032440,96.335,96.335,96.33,96.335,12629
1784032500,96.335,96.34,96.335,96.335,23114
1784032560,96.335,96.34,96.33,96.335,17220
1784032620,96.335,96.335,96.33,96.335,9808
1784032680,96.335,96.335,96.335,96.335,3931
1784032740,96.335,96.335,96.335,96.335,120
1784032800,96.335,96.345,96.335,96.34,8707
1784032860,96.34,96.34,96.335,96.34,4578
1784032920,96.34,96.34,96.34,96.34,2095
1784032980,96.34,96.34,96.34,96.34,6740
1784033040,96.34,96.34,96.34,96.34,200
1784033100,96.34,96.34,96.34,96.34,5019
1784033160,96.34,96.345,96.34,96.34,3429
1784033220,96.34,96.34,96.34,96.34,805
1784033280,96.34,96.34,96.34,96.34,716
1784033340,96.335,96.335,96.335,96.335,309
1784033400,96.34,96.34,96.335,96.34,200
1784033460,96.335,96.335,96.335,96.335,10467
1784033520,96.335,96.34,96.335,96.335,1351
1784033580,96.34,96.34,96.335,96.34,283
1784033640,96.34,96.34,96.34,96.34,16
1784033700,96.34,96.345,96.34,96.34,8634
1784033760,96.34,96.34,96.34,96.34,533
1784033820,96.34,96.34,96.34,96.34,1424
1784033880,96.34,96.34,96.34,96.34,369
1784033940,96.34,96.34,96.34,96.34,203
1784034060,96.345,96.345,96.345,96.345,3142
1784034120,96.345,96.345,96.345,96.345,3038
1784034420,96.345,96.345,96.345,96.345,1000
1784034480,96.345,96.345,96.345,96.345,100
1784034540,96.345,96.345,96.345,96.345,91
1784034660,96.34,96.34,96.34,96.34,25
1784034720,96.345,96.345,96.34,96.34,616
1784034780,96.34,96.345,96.34,96.345,211
1784034900,96.34,96.34,96.34,96.34,100
1784035020,96.34,96.34,96.34,96.34,71
1784035080,96.34,96.34,96.34,96.34,600
1784035200,96.34,96.34,96.335,96.34,9263
1784035260,96.34,96.34,96.34,96.34,60
1784035320,96.34,96.34,96.34,96.34,717
1784035440,96.34,96.34,96.34,96.34,5
1784035500,96.335,96.34,96.335,96.34,320
1784035560,96.34,96.34,96.34,96.34,500
1784035620,96.34,96.34,96.34,96.34,3511
1784035680,96.34,96.34,96.34,96.34,387
1784035740,96.34,96.34,96.34,96.34,1864
1784035860,96.34,96.34,96.34,96.34,802
1784036040,96.34,96.34,96.34,96.34,55
1784036280,96.335,96.335,96.335,96.335,350
1784036460,96.34,96.34,96.34,96.34,123
1784036520,96.34,96.34,96.34,96.34,5274
1784036580,96.34,96.34,96.34,96.34,1262
1784036700,96.34,96.34,96.34,96.34,1471
1784036760,96.34,96.34,96.34,96.34,519
1784036880,96.34,96.34,96.34,96.34,100
1784036940,96.34,96.34,96.34,96.34,165
1784037000,96.34,96.34,96.34,96.34,556
1784037060,96.34,96.34,96.34,96.34,402
1784037120,96.34,96.34,96.34,96.34,1961
1784037180,96.34,96.34,96.34,96.34,659
1784037240,96.34,96.34,96.34,96.34,76
1784037300,96.34,96.34,96.34,96.34,39
1784037360,96.34,96.34,96.34,96.34,300
1784037420,96.34,96.34,96.34,96.34,50
1784037540,96.34,96.34,96.34,96.34,12
1784037600,96.34,96.34,96.34,96.34,24
1784037720,96.34,96.34,96.34,96.34,6
1784037900,96.345,96.345,96.345,96.345,5
1784037960,96.34,96.34,96.34,96.34,80
1784038080,96.345,96.345,96.345,96.345,1
1784038500,96.34,96.34,96.34,96.34,3432
1784038560,96.34,96.34,96.34,96.34,416
1784038620,96.34,96.34,96.34,96.34,27
1784038680,96.34,96.34,96.34,96.34,1285
1784038740,96.34,96.34,96.34,96.34,1382
1784038800,96.34,96.34,96.34,96.34,1991
1784038860,96.34,96.34,96.34,96.34,709
1784038920,96.34,96.34,96.34,96.34,32
1784039100,96.335,96.335,96.335,96.335,124
1784039160,96.335,96.335,96.335,96.335,1
1784039280,96.34,96.34,96.34,96.34,6103
1784039340,96.34,96.34,96.34,96.34,901
1784039400,96.34,96.34,96.34,96.34,3
1784039520,96.34,96.34,96.34,96.34,5
1784039580,96.34,96.34,96.34,96.34,1318
1784039640,96.34,96.345,96.34,96.34,1326
1784039700,96.34,96.34,96.34,96.34,188
1784039820,96.34,96.34,96.34,96.34,1211
1784040180,96.34,96.34,96.34,96.34,309
1784040240,96.34,96.34,96.34,96.34,50
1784040420,96.34,96.34,96.34,96.34,101
1784040480,96.34,96.34,96.34,96.34,45
1784040600,96.34,96.34,96.34,96.34,1
1784040960,96.34,96.34,96.34,96.34,16
1784041080,96.34,96.34,96.34,96.34,2
1784041260,96.34,96.34,96.34,96.34,6
1784041380,96.34,96.34,96.34,96.34,61
1784043120,96.34,96.34,96.34,96.34,18
1784043300,96.34,96.34,96.34,96.34,7
1784043480,96.34,96.34,96.34,96.34,1
1784043600,96.34,96.34,96.34,96.34,1037
1784043660,96.34,96.34,96.34,96.34,1214
1784043720,96.34,96.34,96.335,96.335,21104
1784043780,96.335,96.335,96.335,96.335,1166
1784043840,96.335,96.34,96.335,96.335,56
1784043900,96.335,96.335,96.335,96.335,6
1784043960,96.335,96.335,96.335,96.335,156
1784044020,96.34,96.34,96.335,96.335,963
1784044080,96.335,96.335,96.335,96.335,15841
1784044140,96.33,96.33,96.33,96.33,1617
1784044200,96.33,96.33,96.33,96.33,5277
1784044260,96.33,96.33,96.33,96.33,275
1784044320,96.335,96.335,96.335,96.335,3
1784044380,96.335,96.335,96.33,96.33,126
1784044440,96.33,96.33,96.33,96.33,94
1784044500,96.335,96.335,96.33,96.33,1152
1784044560,96.335,96.335,96.335,96.335,8604
1784044620,96.335,96.335,96.33,96.33,15551
1784044680,96.33,96.33,96.33,96.33,277
1784044740,96.33,96.33,96.33,96.33,600
1784044800,96.33,96.33,96.33,96.33,40
1784044920,96.33,96.33,96.33,96.33,50
1784044980,96.33,96.33,96.33,96.33,750
1784045040,96.33,96.33,96.33,96.33,6
1784045100,96.33,96.33,96.33,96.33,130
1784045160,96.33,96.33,96.33,96.33,1672
1784045220,96.33,96.33,96.33,96.33,906
1784045280,96.33,96.33,96.33,96.33,1498
1784045940,96.335,96.335,96.335,96.335,50
1784046120,96.335,96.335,96.335,96.335,50
1784046240,96.335,96.335,96.335,96.335,51
1784046360,96.335,96.335,96.335,96.335,4
1784046720,96.335,96.335,96.335,96.335,600
1784047200,96.335,96.335,96.335,96.335,27
1784047380,96.33,96.33,96.33,96.33,200
1784047860,96.335,96.335,96.335,96.335,10
1784048040,96.335,96.335,96.335,96.335,10
1784048280,96.33,96.33,96.33,96.33,200
1784048340,96.335,96.335,96.335,96.335,10
1784048580,96.335,96.335,96.335,96.335,10
1784048820,96.335,96.335,96.335,96.335,10
1784049060,96.335,96.335,96.335,96.335,10
1784049420,96.335,96.335,96.335,96.335,10
1784049480,96.335,96.335,96.335,96.335,1
1784049900,96.335,96.335,96.335,96.335,10
1784049960,96.335,96.335,96.335,96.335,311
1784050260,96.335,96.335,96.335,96.335,10
1784050320,96.335,96.335,96.335,96.335,50
1784050500,96.335,96.335,96.335,96.335,48
1784050560,96.33,96.33,96.33,96.33,100
1784050620,96.33,96.33,96.33,96.33,150
1784050800,96.335,96.335,96.335,96.335,10
1784050920,96.33,96.33,96.33,96.33,14
1784051100,96.335,96.335,96.335,96.335,29
1784051280,96.335,96.335,96.335,96.335,5
1784051340,96.335,96.335,96.335,96.335,10
1784051580,96.33,96.33,96.33,96.33,600
1784051940,96.335,96.335,96.335,96.335,520
1784052180,96.335,96.335,96.335,96.335,10
1784052240,96.335,96.335,96.335,96.335,34
1784052360,96.335,96.335,96.335,96.335,10
1784052600,96.335,96.335,96.335,96.335,3
1784052720,96.335,96.335,96.335,96.335,10
1784052900,96.335,96.335,96.335,96.335,17
1784053200,96.335,96.335,96.335,96.335,10
1784053260,96.335,96.335,96.335,96.335,2
1784053380,96.335,96.335,96.335,96.335,5
1784053440,96.335,96.335,96.335,96.335,52
1784053680,96.335,96.335,96.335,96.335,10
1784054160,96.335,96.335,96.335,96.335,10
1784054340,96.335,96.335,96.335,96.335,34
1784054460,96.335,96.335,96.335,96.335,3
1784054580,96.335,96.335,96.335,96.335,7
1784054700,96.335,96.335,96.335,96.335,10
1784054940,96.33,96.33,96.33,96.33,10
1784055300,96.335,96.335,96.335,96.335,25
1784055420,96.33,96.335,96.33,96.335,16
1784055480,96.335,96.335,96.335,96.335,3029
1784055540,96.335,96.335,96.335,96.335,493
1784055600,96.335,96.335,96.335,96.335,10
1784055660,96.335,96.335,96.335,96.335,10
1784055720,96.335,96.335,96.335,96.335,10
1784055780,96.335,96.335,96.335,96.335,10
1784055840,96.335,96.335,96.335,96.335,70
1784055900,96.335,96.335,96.335,96.335,10
1784055960,96.335,96.335,96.33,96.33,35
1784056080,96.335,96.335,96.335,96.335,31
1784056140,96.335,96.335,96.335,96.335,12
1784056200,96.335,96.335,96.335,96.335,10
1784056260,96.335,96.335,96.33,96.33,70
1784056320,96.335,96.335,96.335,96.335,124
1784056380,96.335,96.335,96.335,96.335,1
1784056440,96.335,96.335,96.335,96.335,10
1784056560,96.335,96.335,96.335,96.335,10
1784056680,96.335,96.335,96.335,96.335,111
1784056860,96.335,96.335,96.335,96.335,10
1784056980,96.335,96.335,96.335,96.335,610
1784057100,96.335,96.335,96.335,96.335,10
1784057220,96.335,96.335,96.335,96.335,10
1784057280,96.335,96.335,96.335,96.335,305
1784057340,96.335,96.335,96.335,96.335,10
1784057400,96.335,96.335,96.335,96.335,9
1784057460,96.335,96.335,96.335,96.335,10
1784057520,96.33,96.335,96.33,96.335,6
1784057640,96.335,96.335,96.335,96.335,10
1784057820,96.335,96.335,96.335,96.335,10
1784057880,96.335,96.335,96.335,96.335,35
1784058060,96.335,96.335,96.335,96.335,10
1784058120,96.33,96.33,96.33,96.33,95
1784058180,96.335,96.335,96.335,96.335,330
1784058300,96.335,96.335,96.335,96.335,10
1784058480,96.335,96.335,96.335,96.335,10
1784058720,96.335,96.335,96.335,96.335,100
1784058780,96.335,96.335,96.335,96.335,48
1784059080,96.335,96.335,96.335,96.335,3
1784059140,96.335,96.335,96.335,96.335,10
1784059260,96.335,96.335,96.335,96.335,152
1784059320,96.33,96.33,96.33,96.33,494
1784059380,96.335,96.335,96.335,96.335,15
1784059440,96.335,96.335,96.335,96.335,50
1784059500,96.335,96.335,96.335,96.335,13
1784059560,96.335,96.335,96.335,96.335,10
1784059740,96.335,96.335,96.335,96.335,120
1784059800,96.335,96.335,96.335,96.335,11
1784060040,96.335,96.335,96.335,96.335,10
1784060220,96.335,96.335,96.335,96.335,30
1784060280,96.335,96.335,96.335,96.335,30
1784060400,96.335,96.335,96.335,96.335,10
1784060820,96.335,96.335,96.335,96.335,10
1784061060,96.335,96.335,96.335,96.335,2
1784061300,96.33,96.33,96.33,96.33,61
1784061780,96.335,96.335,96.335,96.335,10
1784062320,96.335,96.335,96.335,96.335,10
1784062680,96.335,96.335,96.335,96.335,1
1784062740,96.335,96.335,96.335,96.335,40
1784066400,96.335,96.335,96.335,96.335,146
1784067660,96.335,96.335,96.335,96.335,100
1784068800,96.335,96.335,96.335,96.335,100
1784070840,96.335,96.335,96.335,96.335,100
1784071440,96.335,96.335,96.335,96.335,5
1784071560,96.335,96.335,96.335,96.335,5
1784072280,96.335,96.335,96.335,96.335,1500
1784072820,96.335,96.335,96.335,96.335,5
1784073120,96.33,96.33,96.33,96.33,1
1784073240,96.335,96.335,96.335,96.335,1
1784073300,96.335,96.335,96.335,96.335,600
1784073660,96.335,96.335,96.335,96.335,1
1784073780,96.335,96.335,96.335,96.335,738
1784073960,96.335,96.335,96.335,96.335,3
1784074080,96.335,96.335,96.335,96.335,150
1784076960,96.335,96.335,96.335,96.335,480
1784077440,96.335,96.335,96.335,96.335,70
1784078520,96.335,96.335,96.335,96.335,9
1784082360,96.335,96.335,96.335,96.335,150
1784083140,96.335,96.335,96.335,96.335,1
1784086920,96.335,96.335,96.335,96.335,20
1784087640,96.335,96.335,96.335,96.335,3
1784088720,96.335,96.335,96.335,96.335,1
1784088960,96.335,96.335,96.335,96.335,50
1784089080,96.335,96.335,96.335,96.335,3
1784089380,96.335,96.335,96.335,96.335,12
1784089560,96.335,96.335,96.335,96.335,28
1784091840,96.33,96.33,96.33,96.33,50
1784092020,96.335,96.335,96.335,96.335,2
1784094780,96.335,96.335,96.335,96.335,30
1784095800,96.335,96.335,96.335,96.335,92
1784096340,96.335,96.335,96.335,96.335,150
1784096820,96.335,96.335,96.335,96.335,100
1784097660,96.335,96.335,96.335,96.335,1200
1784097960,96.335,96.335,96.335,96.335,22
1784098260,96.335,96.335,96.335,96.335,20
1784099520,96.335,96.335,96.335,96.335,15
1784099820,96.335,96.335,96.335,96.335,100
1784100000,96.335,96.335,96.335,96.335,25
1784100060,96.335,96.335,96.335,96.335,600
1784100480,96.335,96.335,96.335,96.335,125
1784100540,96.33,96.33,96.33,96.33,50
1784101140,96.33,96.33,96.33,96.33,32
1784101200,96.335,96.335,96.335,96.335,650
1784101260,96.335,96.335,96.335,96.335,4491
1784101920,96.335,96.335,96.335,96.335,215
1784102460,96.335,96.335,96.335,96.335,1
1784102580,96.335,96.335,96.335,96.335,1205
1784102880,96.335,96.335,96.335,96.335,35
1784102940,96.335,96.335,96.335,96.335,19
1784103000,96.335,96.335,96.335,96.335,50
1784103180,96.335,96.335,96.335,96.335,10
1784103600,96.335,96.335,96.335,96.335,768
1784103660,96.335,96.335,96.335,96.335,786
1784104020,96.335,96.335,96.335,96.335,19
1784104500,96.335,96.335,96.335,96.335,463
1784104740,96.335,96.335,96.335,96.335,201
1784104920,96.335,96.335,96.335,96.335,550
1784105040,96.335,96.335,96.335,96.335,1606
1784105160,96.335,96.335,96.335,96.335,28
1784105340,96.335,96.335,96.335,96.335,151
1784105460,96.335,96.335,96.335,96.335,100
1784105760,96.335,96.335,96.335,96.335,154
1784105880,96.335,96.335,96.335,96.335,119
1784106180,96.34,96.34,96.335,96.34,24
1784106240,96.335,96.335,96.335,96.335,920
1784106480,96.335,96.335,96.335,96.335,200
1784106540,96.335,96.335,96.335,96.335,716
1784106600,96.335,96.335,96.335,96.335,119
1784106660,96.335,96.335,96.335,96.335,132
1784106720,96.335,96.335,96.335,96.335,100
1784106900,96.335,96.335,96.335,96.335,145
1784107080,96.335,96.335,96.335,96.335,5
1784107200,96.335,96.335,96.335,96.335,7
1784107260,96.335,96.335,96.335,96.335,61
1784107440,96.335,96.335,96.335,96.335,32
1784107560,96.335,96.335,96.335,96.335,486
1784107860,96.335,96.335,96.335,96.335,19
1784107980,96.335,96.335,96.335,96.335,3
1784108760,96.335,96.335,96.335,96.335,333
1784108940,96.335,96.335,96.335,96.335,669
1784109120,96.335,96.335,96.335,96.335,43
1784109540,96.335,96.335,96.335,96.335,183
1784109600,96.335,96.335,96.33,96.33,1981
1784109720,96.335,96.335,96.335,96.335,200
1784109900,96.33,96.33,96.33,96.33,1200
1784111400,96.335,96.335,96.335,96.335,1
1784111760,96.335,96.335,96.335,96.335,100
1784112060,96.335,96.335,96.335,96.335,4994
1784112780,96.335,96.335,96.335,96.335,2
1784113680,96.335,96.335,96.335,96.335,2025
1784113740,96.335,96.335,96.335,96.335,3127
1784114220,96.335,96.335,96.335,96.335,200
1784114640,96.335,96.335,96.335,96.335,100
1784114700,96.335,96.335,96.335,96.335,50
1784114880,96.335,96.335,96.335,96.335,500
1784114940,96.335,96.335,96.335,96.335,100
1784115060,96.335,96.335,96.335,96.335,125
1784115300,96.335,96.335,96.335,96.335,200
1784115360,96.335,96.335,96.335,96.335,2288
1784115420,96.335,96.335,96.335,96.335,757
1784115720,96.335,96.335,96.335,96.335,198
1784115780,96.335,96.335,96.335,96.335,198
1784116380,96.335,96.335,96.335,96.335,100
1784116560,96.335,96.335,96.335,96.335,2679
1784116620,96.335,96.335,96.335,96.335,4637
1784116680,96.335,96.335,96.335,96.335,309
1784116740,96.335,96.335,96.335,96.335,375
1784116800,96.335,96.335,96.335,96.335,472
1784116860,96.335,96.335,96.335,96.335,1742
1784116920,96.335,96.335,96.335,96.335,2
1784116980,96.335,96.335,96.335,96.335,141
1784117100,96.335,96.335,96.335,96.335,120
1784117160,96.335,96.335,96.335,96.335,2612
1784117220,96.335,96.335,96.335,96.335,607
1784117280,96.335,96.335,96.335,96.335,142
1784117340,96.335,96.335,96.335,96.335,250
1784117400,96.335,96.335,96.335,96.335,111
1784117580,96.335,96.335,96.335,96.335,11
1784118000,96.335,96.335,96.335,96.335,1
1784118120,96.335,96.335,96.335,96.335,34
1784118180,96.335,96.335,96.335,96.335,3373
1784118240,96.335,96.335,96.335,96.335,213
1784118300,96.335,96.335,96.335,96.335,738
1784118360,96.335,96.335,96.335,96.335,205
1784118420,96.335,96.335,96.335,96.335,275
1784118480,96.335,96.335,96.335,96.335,1253
1784118540,96.335,96.335,96.335,96.335,3
1784118600,96.335,96.345,96.335,96.345,16886
1784118660,96.345,96.35,96.345,96.345,9657
1784118720,96.35,96.36,96.35,96.355,54219
1784118780,96.355,96.355,96.35,96.355,6164
1784118840,96.355,96.355,96.355,96.355,5349
1784118900,96.355,96.355,96.355,96.355,204
1784118960,96.35,96.355,96.35,96.355,77
1784119020,96.355,96.355,96.35,96.35,2205
1784119080,96.355,96.355,96.345,96.35,31839
1784119140,96.35,96.355,96.35,96.35,2280
1784119200,96.35,96.35,96.35,96.35,1485
1784119260,96.35,96.35,96.35,96.35,1852
1784119320,96.35,96.35,96.35,96.35,2036
1784119380,96.35,96.35,96.35,96.35,3078
1784119440,96.35,96.355,96.35,96.355,14
1784119500,96.355,96.355,96.35,96.355,222
1784119560,96.355,96.355,96.355,96.355,2
1784119620,96.35,96.35,96.35,96.35,150
1784119680,96.35,96.35,96.35,96.35,50
1784119740,96.35,96.35,96.35,96.35,100
1784119800,96.35,96.35,96.35,96.35,13139
1784119860,96.35,96.35,96.35,96.35,377
1784119920,96.35,96.35,96.35,96.35,150
1784119980,96.35,96.35,96.35,96.35,1250
1784120040,96.35,96.35,96.35,96.35,1262
1784120100,96.35,96.35,96.35,96.35,1220
1784120160,96.35,96.35,96.35,96.35,1209
1784120220,96.35,96.35,96.35,96.35,1089
1784120280,96.35,96.35,96.35,96.35,1168
1784120340,96.35,96.35,96.35,96.35,1324
1784120400,96.345,96.345,96.345,96.345,10
1784120460,96.345,96.345,96.345,96.345,300
1784120700,96.345,96.345,96.345,96.345,601
1784120880,96.345,96.35,96.345,96.35,15
1784121000,96.345,96.345,96.345,96.345,54
1784121180,96.35,96.35,96.35,96.35,25
1784121240,96.345,96.345,96.345,96.345,100
1784121300,96.345,96.345,96.345,96.345,15
1784121900,96.345,96.345,96.34,96.34,18287
1784122020,96.34,96.345,96.34,96.345,355
1784122140,96.345,96.345,96.345,96.345,100
1784122200,96.345,96.345,96.345,96.345,1959
1784122260,96.345,96.345,96.345,96.345,1
1784122320,96.345,96.345,96.345,96.345,100
1784122380,96.345,96.345,96.34,96.345,6859
1784122560,96.345,96.345,96.345,96.345,1200
1784122620,96.345,96.345,96.345,96.345,1
1784122860,96.345,96.345,96.345,96.345,11
1784123340,96.34,96.34,96.34,96.34,5
1784123400,96.345,96.345,96.345,96.345,10
1784123520,96.345,96.345,96.345,96.345,2
1784123580,96.345,96.345,96.345,96.345,10
1784123640,96.34,96.34,96.34,96.34,559
1784123700,96.345,96.345,96.345,96.345,1
1784123760,96.345,96.345,96.345,96.345,9
1784123880,96.345,96.345,96.345,96.345,507
1784123940,96.345,96.345,96.345,96.345,463
1784124000,96.345,96.345,96.345,96.345,10
1784124240,96.345,96.345,96.345,96.345,108
1784124300,96.345,96.345,96.345,96.345,68
1784124420,96.345,96.345,96.345,96.345,1
1784124480,96.345,96.345,96.345,96.345,10
1784124540,96.345,96.345,96.345,96.345,1
1784124600,96.345,96.345,96.345,96.345,10
1784124660,96.345,96.345,96.345,96.345,1
1784124720,96.345,96.345,96.345,96.345,10
1784125020,96.345,96.345,96.345,96.345,11
1784125260,96.345,96.345,96.345,96.345,11
1784125320,96.34,96.34,96.34,96.34,5
1784125380,96.345,96.345,96.345,96.345,196
1784125440,96.345,96.345,96.345,96.345,300
1784125500,96.345,96.345,96.345,96.345,152
1784125560,96.345,96.345,96.345,96.345,4530
1784125620,96.345,96.345,96.345,96.345,189
1784125740,96.345,96.345,96.345,96.345,1288
1784125800,96.345,96.345,96.345,96.345,105
1784125920,96.345,96.345,96.345,96.345,1
1784125980,96.345,96.345,96.345,96.345,157
1784126040,96.345,96.345,96.345,96.345,7250
1784126100,96.345,96.345,96.345,96.345,720
1784126160,96.345,96.345,96.345,96.345,234
1784126220,96.345,96.35,96.345,96.345,779
1784126280,96.345,96.345,96.345,96.345,51
1784126340,96.345,96.345,96.345,96.345,480
1784126460,96.345,96.345,96.345,96.345,295
1784126520,96.345,96.345,96.345,96.345,652
1784126580,96.345,96.35,96.345,96.345,51
1784126700,96.35,96.35,96.35,96.35,10
1784126940,96.35,96.35,96.35,96.35,10
1784127060,96.345,96.35,96.345,96.345,60
1784127240,96.35,96.35,96.35,96.35,10
1784127420,96.35,96.35,96.35,96.35,1
1784127480,96.35,96.35,96.35,96.35,10
1784127540,96.35,96.35,96.35,96.35,1
1784127600,96.345,96.345,96.345,96.345,769
1784127720,96.35,96.35,96.35,96.35,13270
1784127780,96.35,96.35,96.35,96.35,36
1784127960,96.35,96.35,96.35,96.35,11
1784128200,96.35,96.35,96.35,96.35,10
1784128320,96.345,96.345,96.345,96.345,150
1784128380,96.345,96.345,96.345,96.345,559
1784128440,96.35,96.35,96.345,96.345,361
1784128500,96.345,96.35,96.345,96.35,101
1784128800,96.345,96.345,96.345,96.345,1
1784129040,96.35,96.35,96.35,96.35,34
1784129100,96.35,96.35,96.35,96.35,96
1784129220,96.35,96.35,96.35,96.35,10
1784129460,96.35,96.35,96.35,96.35,11
1784129520,96.35,96.35,96.345,96.345,132
1784129700,96.345,96.345,96.345,96.345,400
1784129820,96.345,96.345,96.345,96.345,9085
1784130720,96.34,96.34,96.34,96.34,25
1784130840,96.345,96.345,96.345,96.345,750
1784131320,96.345,96.345,96.345,96.345,4
1784131620,96.345,96.345,96.345,96.345,34
1784131680,96.345,96.345,96.345,96.345,3120
1784131860,96.345,96.345,96.345,96.345,12
1784132040,96.345,96.345,96.345,96.345,10
1784132100,96.345,96.345,96.345,96.345,15
1784132160,96.345,96.345,96.345,96.345,103
1784132280,96.345,96.345,96.345,96.345,10
1784132400,96.345,96.345,96.345,96.345,10
1784132520,96.345,96.345,96.345,96.345,43
1784132580,96.345,96.345,96.345,96.345,13
1784132640,96.345,96.345,96.345,96.345,33
1784132700,96.345,96.345,96.345,96.345,6
1784132760,96.345,96.345,96.345,96.345,1391
1784132820,96.345,96.345,96.345,96.345,63
1784133000,96.345,96.345,96.345,96.345,74
1784133060,96.345,96.345,96.345,96.345,36
1784133120,96.345,96.345,96.34,96.34,72
1784133360,96.345,96.345,96.345,96.345,19
1784133480,96.345,96.345,96.345,96.345,10
1784133660,96.345,96.345,96.345,96.345,5
1784133960,96.345,96.35,96.345,96.345,781
1784134020,96.345,96.345,96.345,96.345,1645
1784134080,96.345,96.345,96.345,96.345,170
1784134140,96.345,96.345,96.345,96.345,9
1784134200,96.345,96.345,96.345,96.345,371
1784134260,96.345,96.345,96.345,96.345,114
1784134320,96.345,96.345,96.345,96.345,234
1784134380,96.345,96.345,96.345,96.345,203
1784134440,96.345,96.345,96.345,96.345,30
1784134500,96.345,96.345,96.345,96.345,58
1784134560,96.345,96.345,96.345,96.345,21
1784134620,96.345,96.345,96.345,96.345,155
1784134680,96.345,96.345,96.345,96.345,310
1784134740,96.345,96.345,96.345,96.345,61
1784134800,96.345,96.345,96.345,96.345,571
1784134860,96.345,96.345,96.345,96.345,364
1784134920,96.345,96.345,96.345,96.345,305
1784134980,96.345,96.345,96.345,96.345,547
1784135160,96.345,96.345,96.345,96.345,1202
1784135220,96.345,96.345,96.345,96.345,21
1784135280,96.345,96.345,96.345,96.345,22
1784135340,96.35,96.35,96.35,96.35,10
1784135640,96.345,96.345,96.345,96.345,44
1784135820,96.35,96.35,96.35,96.35,10
1784136300,96.35,96.35,96.35,96.35,10
1784136720,96.345,96.345,96.345,96.345,100
1784136840,96.35,96.35,96.35,96.35,30
1784136960,96.345,96.345,96.345,96.345,122
1784137380,96.35,96.35,96.35,96.35,16
1784137440,96.35,96.35,96.35,96.35,10
1784137680,96.35,96.35,96.35,96.35,541
1784137860,96.35,96.35,96.35,96.35,578
1784138220,96.345,96.345,96.345,96.345,2
1784138400,96.35,96.35,96.35,96.35,10
1784138880,96.35,96.35,96.35,96.35,10
1784138940,96.345,96.345,96.345,96.345,500
1784139540,96.35,96.35,96.35,96.35,10
1784139900,96.345,96.345,96.345,96.345,13
1784140080,96.35,96.35,96.35,96.35,10
1784140680,96.35,96.35,96.35,96.35,10
1784141220,96.35,96.35,96.35,96.35,10
1784141760,96.35,96.35,96.35,96.35,10
1784141940,96.345,96.345,96.345,96.345,6
1784142000,96.35,96.35,96.35,96.35,4
1784142360,96.35,96.35,96.35,96.35,10
1784142900,96.35,96.35,96.35,96.35,10
1784143320,96.345,96.345,96.345,96.345,14
1784143440,96.35,96.35,96.35,96.35,10
1784143560,96.35,96.35,96.35,96.35,2
1784143800,96.345,96.345,96.345,96.345,45
1784143920,96.345,96.345,96.345,96.345,7
1784143980,96.35,96.35,96.35,96.35,10
1784144160,96.345,96.345,96.345,96.345,18
1784144220,96.345,96.345,96.345,96.345,18
1784144280,96.345,96.345,96.345,96.345,6
1784144340,96.345,96.345,96.345,96.345,1053
1784144700,96.345,96.345,96.345,96.345,5
1784144880,96.35,96.35,96.35,96.35,10
1784145180,96.345,96.345,96.345,96.345,46
1784145480,96.35,96.35,96.35,96.35,10
1784145540,96.345,96.345,96.345,96.345,201
1784145600,96.345,96.345,96.345,96.345,42
1784145660,96.35,96.35,96.35,96.35,320
1784145720,96.345,96.345,96.345,96.345,1600
1784145900,96.345,96.345,96.345,96.345,6
1784145960,96.345,96.345,96.345,96.345,25
1784146200,96.345,96.345,96.345,96.345,30
1784146260,96.35,96.35,96.35,96.35,1
1784146320,96.345,96.345,96.345,96.345,150
1784146440,96.35,96.35,96.35,96.35,10
1784146500,96.345,96.345,96.345,96.345,71
1784146560,96.345,96.345,96.345,96.345,6939
1784146620,96.345,96.345,96.345,96.345,61
1784146680,96.345,96.345,96.345,96.345,121
1784146740,96.345,96.345,96.345,96.345,311
1784146800,96.345,96.345,96.345,96.345,118
1784146860,96.345,96.345,96.345,96.345,368
1784146920,96.345,96.345,96.345,96.345,211
1784146980,96.345,96.345,96.345,96.345,1851
1784147040,96.345,96.345,96.34,96.34,1324
1784147100,96.34,96.345,96.34,96.345,174
1784147160,96.34,96.34,96.34,96.34,76
1784147220,96.34,96.34,96.34,96.34,81
1784147280,96.345,96.345,96.345,96.345,377
1784147340,96.345,96.345,96.345,96.345,324
1784148180,96.345,96.345,96.345,96.345,50
1784149080,96.35,96.35,96.35,96.35,1
1784152800,96.35,96.35,96.345,96.35,291
1784153040,96.35,96.35,96.35,96.35,11
1784155260,96.35,96.35,96.35,96.35,500
1784155320,96.35,96.35,96.35,96.35,500
1784155440,96.35,96.35,96.35,96.35,500
1784162340,96.345,96.345,96.345,96.345,274
1784163660,96.345,96.345,96.345,96.345,18
1784165820,96.345,96.345,96.345,96.345,250
1784166180,96.345,96.345,96.345,96.345,250
1784166840,96.345,96.345,96.345,96.345,5
1784166900,96.345,96.345,96.345,96.345,1
1784167020,96.345,96.345,96.345,96.345,200
1784167620,96.345,96.345,96.345,96.345,200
1784167740,96.345,96.345,96.345,96.345,15
1784167800,96.345,96.345,96.345,96.345,606
1784168100,96.345,96.345,96.345,96.345,200
1784168700,96.35,96.35,96.35,96.35,1
1784170860,96.345,96.345,96.345,96.345,125
1784174820,96.345,96.345,96.345,96.345,22
1784175300,96.345,96.345,96.345,96.345,20
1784175420,96.345,96.345,96.345,96.345,6
1784175660,96.35,96.35,96.35,96.35,243
1784180880,96.345,96.345,96.345,96.345,1
1784181180,96.345,96.345,96.345,96.345,100
1784181240,96.345,96.345,96.345,96.345,1
1784181300,96.345,96.345,96.345,96.345,12
1784181420,96.345,96.345,96.345,96.345,11
1784183400,96.345,96.345,96.345,96.345,125
1784183460,96.345,96.345,96.345,96.345,453
1784183580,96.345,96.345,96.345,96.345,171
1784183760,96.345,96.345,96.345,96.345,351
1784184120,96.345,96.345,96.345,96.345,1
1784184180,96.345,96.345,96.345,96.345,2
1784184840,96.345,96.345,96.345,96.345,16
1784184960,96.345,96.345,96.345,96.345,145
1784185740,96.345,96.345,96.345,96.345,11
1784185800,96.345,96.345,96.345,96.345,500
1784185860,96.345,96.345,96.345,96.345,10
1784185920,96.345,96.345,96.345,96.345,85
1784185980,96.345,96.345,96.345,96.345,165
1784186220,96.345,96.345,96.345,96.345,1
1784186640,96.345,96.345,96.345,96.345,120
1784187240,96.35,96.35,96.35,96.35,15
1784187360,96.345,96.345,96.345,96.345,35
1784191020,96.35,96.35,96.35,96.35,2
1784191140,96.345,96.35,96.345,96.35,35
1784191200,96.35,96.35,96.35,96.35,1
1784191260,96.35,96.35,96.35,96.35,2
1784193300,96.35,96.35,96.35,96.35,1
1784197500,96.345,96.345,96.345,96.345,200
1784199180,96.345,96.35,96.345,96.35,1946
1784199660,96.345,96.35,96.345,96.35,155
1784199960,96.345,96.35,96.345,96.35,111
1784200140,96.345,96.345,96.345,96.345,3190
1784200620,96.345,96.345,96.345,96.345,71
1784200680,96.345,96.345,96.345,96.345,265
1784200740,96.345,96.345,96.345,96.345,200
1784200860,96.345,96.345,96.345,96.345,560
1784200920,96.345,96.345,96.345,96.345,291
1784201220,96.345,96.345,96.345,96.345,102
1784201340,96.345,96.345,96.345,96.345,200
1784201820,96.345,96.345,96.345,96.345,7778
1784201880,96.345,96.345,96.345,96.345,186
1784201940,96.345,96.345,96.345,96.345,810
1784202000,96.345,96.345,96.345,96.345,50
1784202060,96.345,96.345,96.345,96.345,300
1784202120,96.345,96.345,96.345,96.345,13
1784202180,96.345,96.345,96.345,96.345,20
1784202240,96.345,96.345,96.345,96.345,305
1784202300,96.345,96.345,96.345,96.345,10
1784202540,96.34,96.34,96.34,96.34,200
1784203020,96.345,96.345,96.345,96.345,1
1784204100,96.34,96.34,96.34,96.34,923
1784204400,96.345,96.345,96.34,96.34,2
1784204460,96.34,96.34,96.34,96.34,665
1784204820,96.34,96.34,96.34,96.34,638
1784204880,96.34,96.34,96.34,96.34,559
1784205060,96.34,96.34,96.34,96.34,100
1784205120,96.345,96.345,96.345,96.345,1
1784205180,96.345,96.345,96.345,96.345,75
1784205240,96.345,96.345,96.345,96.345,25
1784205300,96.34,96.34,96.34,96.34,193
1784205360,96.34,96.34,96.34,96.34,50
1784205420,96.34,96.34,96.34,96.34,7403
1784205480,96.34,96.34,96.335,96.34,3609
1784205540,96.34,96.34,96.34,96.34,1234
1784205780,96.34,96.34,96.34,96.34,1064
1784205840,96.34,96.34,96.34,96.34,1134
1784205900,96.34,96.34,96.34,96.34,1741
1784205960,96.34,96.34,96.34,96.34,233
1784206140,96.34,96.34,96.34,96.34,11
1784206440,96.34,96.34,96.34,96.34,7
1784206500,96.34,96.34,96.34,96.34,250
1784206740,96.34,96.34,96.34,96.34,865
1784206800,96.34,96.34,96.34,96.34,292
1784206860,96.335,96.34,96.335,96.34,457
1784206920,96.34,96.34,96.34,96.34,448
1784207100,96.34,96.34,96.34,96.34,526
1784207340,96.34,96.34,96.34,96.34,143
1784207400,96.34,96.34,96.34,96.34,410
1784207460,96.34,96.34,96.34,96.34,10
1784207520,96.34,96.34,96.34,96.34,59
1784207580,96.34,96.34,96.34,96.34,61
1784207640,96.34,96.34,96.34,96.34,210
1784207760,96.34,96.34,96.34,96.34,9
1784207820,96.34,96.34,96.34,96.34,28
1784207880,96.34,96.34,96.34,96.34,223
1784207940,96.34,96.34,96.34,96.34,250
1784208660,96.34,96.34,96.34,96.34,1071
1784208780,96.34,96.34,96.34,96.34,20
1784210160,96.34,96.34,96.34,96.34,27
1784211540,96.34,96.34,96.34,96.34,63
1784211780,96.34,96.34,96.34,96.34,1500
1784211840,96.34,96.34,96.34,96.34,500
1784212140,96.34,96.34,96.34,96.34,3
1784212740,96.345,96.345,96.34,96.34,465
1784212800,96.34,96.34,96.34,96.34,133
1784212860,96.34,96.34,96.34,96.34,54
1784212920,96.34,96.34,96.34,96.34,128
1784212980,96.34,96.34,96.34,96.34,1
1784213040,96.34,96.34,96.34,96.34,50
1784213100,96.34,96.34,96.34,96.34,39
1784213220,96.34,96.34,96.34,96.34,10
1784213520,96.345,96.345,96.345,96.345,2
1784213700,96.345,96.345,96.345,96.345,10
1784214180,96.34,96.34,96.34,96.34,102
1784214420,96.34,96.34,96.34,96.34,72
1784214960,96.345,96.345,96.345,96.345,210
1784215440,96.345,96.345,96.345,96.345,10
1784215980,96.345,96.345,96.34,96.34,33
1784216100,96.34,96.34,96.34,96.34,1
1784216220,96.34,96.34,96.34,96.34,8
1784216520,96.345,96.345,96.345,96.345,10
1784216580,96.345,96.345,96.345,96.345,100
1784216640,96.345,96.345,96.345,96.345,46
1784216880,96.345,96.345,96.345,96.345,4
1784217000,96.345,96.345,96.345,96.345,10
1784217240,96.345,96.345,96.345,96.345,24
1784217360,96.345,96.345,96.345,96.345,6
1784217480,96.345,96.345,96.345,96.345,100
1784217540,96.345,96.345,96.345,96.345,10
1784217600,96.345,96.345,96.345,96.345,3
1784217840,96.345,96.345,96.345,96.345,55
1784217900,96.345,96.345,96.345,96.345,42
1784218020,96.345,96.345,96.345,96.345,10
1784218320,96.345,96.345,96.345,96.345,196
1784218380,96.34,96.34,96.34,96.34,28
1784218800,96.34,96.34,96.34,96.34,1
1784218860,96.34,96.34,96.34,96.34,2
1784218920,96.345,96.345,96.345,96.345,10
1784219100,96.34,96.34,96.34,96.34,1
1784219160,96.34,96.34,96.34,96.34,1
1784219280,96.34,96.34,96.34,96.34,1
1784219340,96.34,96.34,96.34,96.34,1
1784219400,96.345,96.345,96.345,96.345,10
1784219460,96.345,96.345,96.345,96.345,1
1784219520,96.34,96.34,96.34,96.34,2
1784219940,96.345,96.345,96.345,96.345,10
1784220360,96.345,96.345,96.345,96.345,47
1784220420,96.345,96.345,96.345,96.345,10
1784220660,96.345,96.345,96.345,96.345,1
1784220720,96.345,96.345,96.345,96.345,306
1784220780,96.345,96.345,96.345,96.345,300
1784220960,96.34,96.345,96.34,96.345,11
1784221320,96.345,96.345,96.345,96.345,500
1784221440,96.345,96.345,96.345,96.345,10
1784221560,96.345,96.345,96.345,96.345,1
1784221980,96.345,96.345,96.345,96.345,10
1784222100,96.34,96.34,96.34,96.34,6345
1784222580,96.345,96.345,96.345,96.345,10
1784222640,96.345,96.345,96.345,96.345,10
1784222700,96.34,96.34,96.34,96.34,200
1784222760,96.345,96.345,96.345,96.345,10
1784222940,96.345,96.345,96.345,96.345,10
1784223060,96.345,96.345,96.345,96.345,10
1784223120,96.345,96.345,96.345,96.345,5912
1784223180,96.345,96.345,96.345,96.345,160
1784223300,96.345,96.345,96.345,96.345,11
1784223360,96.345,96.345,96.345,96.345,3
1784223420,96.345,96.345,96.345,96.345,10
1784223480,96.345,96.345,96.345,96.345,10
1784223540,96.345,96.345,96.345,96.345,5360
1784223600,96.345,96.345,96.345,96.345,267
1784223660,96.35,96.35,96.35,96.35,10
1784223720,96.35,96.35,96.345,96.345,260
1784223840,96.345,96.345,96.345,96.345,112
1784223900,96.35,96.35,96.35,96.35,10
1784224020,96.35,96.35,96.35,96.35,10
1784224080,96.345,96.345,96.345,96.345,9
1784224140,96.345,96.35,96.345,96.35,250
1784224260,96.35,96.35,96.35,96.35,10
1784224320,96.35,96.35,96.35,96.35,10
1784224500,96.35,96.35,96.35,96.35,10
1784224620,96.35,96.35,96.35,96.35,10
1784224740,96.35,96.35,96.35,96.35,10
1784224860,96.35,96.35,96.35,96.35,10
1784224920,96.35,96.35,96.35,96.35,10
1784225100,96.35,96.35,96.35,96.35,10
1784225220,96.35,96.35,96.35,96.35,10
1784225340,96.35,96.35,96.35,96.35,10
1784225400,96.345,96.345,96.345,96.345,500
1784225580,96.345,96.35,96.345,96.35,256
1784225760,96.345,96.345,96.345,96.345,250
1784225940,96.345,96.345,96.345,96.345,900
1784226000,96.345,96.345,96.345,96.345,26
1784226060,96.345,96.35,96.345,96.35,51
1784226240,96.345,96.345,96.345,96.345,184
1784226360,96.345,96.345,96.345,96.345,338
1784226420,96.345,96.345,96.345,96.345,3
1784226480,96.345,96.345,96.345,96.345,328
1784226540,96.345,96.345,96.345,96.345,503
1784226600,96.345,96.35,96.345,96.345,60
1784226660,96.345,96.35,96.345,96.345,818
1784226720,96.35,96.35,96.35,96.35,10
1784226780,96.345,96.345,96.345,96.345,100
1784226900,96.35,96.35,96.35,96.35,10
1784227020,96.35,96.35,96.345,96.345,13
1784227140,96.35,96.35,96.35,96.35,10
1784227200,96.345,96.345,96.345,96.345,122
1784227260,96.35,96.35,96.35,96.35,10
1784227380,96.35,96.35,96.35,96.35,10
1784227560,96.35,96.35,96.35,96.35,10
1784227680,96.35,96.35,96.35,96.35,10
1784227740,96.345,96.35,96.345,96.35,1053
1784227920,96.35,96.35,96.35,96.35,10
1784227980,96.345,96.345,96.345,96.345,1
1784228040,96.35,96.35,96.35,96.35,10
1784228160,96.35,96.35,96.35,96.35,10
1784228220,96.345,96.345,96.345,96.345,103
1784228280,96.35,96.35,96.35,96.35,10
1784228340,96.35,96.35,96.35,96.35,2
1784228460,96.35,96.35,96.35,96.35,10
1784228520,96.345,96.345,96.345,96.345,16
1784228580,96.345,96.345,96.345,96.345,1
1784228640,96.35,96.35,96.35,96.35,10
1784228820,96.345,96.345,96.345,96.345,1
1784228880,96.35,96.35,96.35,96.35,10
1784229000,96.345,96.345,96.345,96.345,36
1784229060,96.345,96.345,96.345,96.345,7
1784229180,96.35,96.35,96.35,96.35,10
1784229480,96.35,96.35,96.35,96.35,10
1784229840,96.345,96.345,96.345,96.345,3
1784230020,96.35,96.35,96.345,96.345,61
1784230380,96.345,96.35,96.345,96.345,517
1784230440,96.345,96.345,96.345,96.345,15
1784230500,96.345,96.345,96.345,96.345,1
1784230740,96.35,96.35,96.35,96.35,10
1784231100,96.345,96.345,96.345,96.345,28
1784231220,96.35,96.35,96.35,96.35,10
1784231280,96.345,96.345,96.345,96.345,4
1784231460,96.345,96.345,96.345,96.345,2
1784231760,96.35,96.35,96.35,96.35,10
1784232240,96.345,96.35,96.345,96.35,250
1784232300,96.35,96.35,96.35,96.35,7
1784232600,96.345,96.35,96.345,96.35,1035
1784232660,96.345,96.345,96.345,96.345,150
1784232720,96.345,96.35,96.345,96.35,20
1784232840,96.35,96.35,96.35,96.35,93
1784232900,96.345,96.35,96.345,96.35,25
1784233080,96.35,96.35,96.35,96.35,10
1784233320,96.35,96.35,96.35,96.35,10
1784233560,96.35,96.35,96.35,96.35,10
1784233920,96.35,96.35,96.35,96.35,10
1784234100,96.345,96.345,96.345,96.345,1
1784234340,96.345,96.345,96.345,96.345,1
1784234460,96.35,96.35,96.35,96.35,10
1784234520,96.35,96.35,96.345,96.345,4
1784234760,96.345,96.345,96.345,96.345,4
1784235240,96.35,96.35,96.35,96.35,10
1784235360,96.345,96.345,96.345,96.345,9
1784235540,96.345,96.345,96.345,96.345,5
1784242800,96.35,96.35,96.35,96.35,750
1784242980,96.345,96.345,96.345,96.345,350
1784243460,96.345,96.345,96.345,96.345,24
1784244360,96.345,96.345,96.345,96.345,214
1784256240,96.35,96.35,96.35,96.35,5
1784256720,96.35,96.35,96.35,96.35,37
1784256780,96.35,96.35,96.35,96.35,11
1784261940,96.35,96.35,96.35,96.35,24
1784262060,96.35,96.35,96.35,96.35,189
1784262660,96.35,96.35,96.35,96.35,3
1784263200,96.35,96.35,96.35,96.35,2
1784266260,96.35,96.35,96.345,96.345,3
1784266320,96.35,96.35,96.35,96.35,3
1784266500,96.35,96.35,96.35,96.35,1
1784266680,96.35,96.35,96.35,96.35,6
1784266860,96.35,96.35,96.35,96.35,371
1784270100,96.35,96.35,96.35,96.35,513
1784271180,96.35,96.35,96.35,96.35,3
1784271300,96.35,96.35,96.35,96.35,2
1784271780,96.35,96.35,96.35,96.35,1
1784272800,96.345,96.345,96.345,96.345,200
1784276640,96.35,96.35,96.35,96.35,4
1784277060,96.35,96.35,96.35,96.35,12
1784277180,96.35,96.35,96.35,96.35,1
1784277300,96.35,96.35,96.35,96.35,174
1784277420,96.35,96.35,96.35,96.35,99
1784277660,96.35,96.35,96.35,96.35,19
1784277720,96.35,96.35,96.35,96.35,100
1784277780,96.35,96.35,96.35,96.35,200
1784277900,96.35,96.35,96.35,96.35,25
1784278500,96.35,96.35,96.35,96.35,27
1784278620,96.35,96.35,96.35,96.35,5
1784278980,96.35,96.35,96.35,96.35,18
1784280000,96.35,96.35,96.35,96.35,30
1784280060,96.345,96.345,96.345,96.345,200
1784282340,96.35,96.35,96.35,96.35,24
1784283000,96.35,96.35,96.35,96.35,100
1784285940,96.35,96.35,96.35,96.35,3
1784286000,96.35,96.35,96.35,96.35,5
1784286120,96.35,96.35,96.35,96.35,6
1784286240,96.35,96.35,96.35,96.35,1236
1784286960,96.35,96.35,96.35,96.35,544
1784287140,96.35,96.35,96.35,96.35,11
1784287560,96.35,96.35,96.35,96.35,300
1784289960,96.35,96.35,96.35,96.35,612
1784290320,96.345,96.345,96.345,96.345,50
1784290380,96.345,96.345,96.345,96.345,229
1784290440,96.35,96.35,96.35,96.35,312
1784290800,96.35,96.35,96.345,96.345,2
1784290920,96.35,96.35,96.35,96.35,80
1784290980,96.345,96.35,96.345,96.345,115
1784291040,96.35,96.35,96.35,96.35,80
1784291100,96.35,96.35,96.35,96.35,40
1784291160,96.35,96.35,96.35,96.35,100
1784291460,96.345,96.345,96.345,96.345,6
1784291820,96.345,96.345,96.345,96.345,200
1784292480,96.345,96.35,96.345,96.35,741
1784292540,96.345,96.345,96.345,96.345,24
1784292720,96.345,96.345,96.345,96.345,121
1784293200,96.345,96.345,96.345,96.345,23
1784293320,96.345,96.345,96.345,96.345,1001
1784293380,96.345,96.345,96.345,96.345,850
1784293500,96.345,96.345,96.345,96.345,1418
1784293620,96.345,96.345,96.345,96.345,301
1784293680,96.345,96.345,96.345,96.345,58
1784293920,96.345,96.345,96.345,96.345,180
1784294040,96.345,96.345,96.345,96.345,10
1784294100,96.345,96.345,96.345,96.345,500
1784294280,96.35,96.35,96.35,96.35,2
1784294940,96.345,96.345,96.345,96.345,10
1784295240,96.345,96.345,96.345,96.345,2
1784295540,96.35,96.35,96.35,96.35,151
1784295720,96.35,96.35,96.35,96.35,30
1784295780,96.35,96.35,96.35,96.35,22
1784295960,96.35,96.35,96.35,96.35,10
1784296440,96.35,96.35,96.35,96.35,10
1784296620,96.345,96.345,96.345,96.345,9
1784296980,96.35,96.35,96.345,96.345,50
1784297160,96.345,96.345,96.345,96.345,787
1784297220,96.345,96.345,96.345,96.345,250
1784297340,96.345,96.345,96.345,96.345,100
1784297700,96.35,96.35,96.35,96.35,1
1784298120,96.345,96.345,96.345,96.345,2358
1784298240,96.345,96.345,96.345,96.345,301
1784298300,96.345,96.345,96.345,96.345,60
1784298420,96.345,96.345,96.345,96.345,291
1784298540,96.345,96.345,96.345,96.345,20
1784298600,96.345,96.345,96.345,96.345,200
1784298780,96.345,96.345,96.345,96.345,1634
1784298900,96.345,96.345,96.345,96.345,200
1784299680,96.345,96.345,96.345,96.345,10
1784299740,96.345,96.345,96.345,96.345,640
1784299980,96.345,96.345,96.345,96.345,1
1784300100,96.345,96.345,96.345,96.345,10
1784300400,96.345,96.345,96.345,96.345,3
1784300580,96.35,96.35,96.35,96.35,10
1784300760,96.345,96.345,96.345,96.345,113
1784301120,96.345,96.345,96.345,96.345,109
1784301300,96.35,96.35,96.35,96.35,35
1784301360,96.345,96.345,96.345,96.345,59
1784301480,96.345,96.345,96.345,96.345,19
1784301540,96.345,96.345,96.345,96.345,53
1784301660,96.345,96.35,96.345,96.35,50
1784301720,96.345,96.345,96.345,96.345,18
1784301780,96.345,96.345,96.345,96.345,117
1784301840,96.345,96.345,96.345,96.345,17
1784301900,96.345,96.345,96.345,96.345,2
1784301960,96.345,96.345,96.345,96.345,18
1784302020,96.345,96.345,96.345,96.345,18
1784302080,96.345,96.345,96.345,96.345,20
1784302140,96.345,96.345,96.345,96.345,117
1784302200,96.345,96.345,96.345,96.345,50
1784302260,96.345,96.345,96.345,96.345,16
1784302320,96.345,96.345,96.345,96.345,619
1784302380,96.345,96.345,96.345,96.345,18
1784302440,96.345,96.345,96.345,96.345,19
1784302500,96.345,96.345,96.345,96.345,19
1784302620,96.345,96.345,96.345,96.345,16
1784302680,96.345,96.345,96.345,96.345,3531
1784302740,96.345,96.345,96.345,96.345,5255
1784302860,96.345,96.345,96.345,96.345,193
1784302920,96.345,96.345,96.345,96.345,17
1784302980,96.345,96.345,96.345,96.345,18
1784303100,96.345,96.345,96.345,96.345,630
1784303160,96.345,96.345,96.345,96.345,1657
1784303220,96.345,96.345,96.345,96.345,392
1784303280,96.345,96.345,96.345,96.345,30
1784303340,96.345,96.345,96.345,96.345,58
1784303460,96.345,96.345,96.345,96.345,59
1784303520,96.345,96.345,96.345,96.345,312
1784303580,96.345,96.345,96.345,96.345,89
1784303640,96.345,96.345,96.345,96.345,18
1784303700,96.345,96.345,96.345,96.345,967
1784303760,96.34,96.34,96.34,96.34,15
1784303820,96.345,96.345,96.345,96.345,25
1784303880,96.34,96.34,96.34,96.34,14
1784304000,96.34,96.34,96.34,96.34,15
1784304060,96.34,96.34,96.34,96.34,16
1784304120,96.345,96.345,96.345,96.345,1
1784304180,96.34,96.34,96.34,96.34,6102
1784304240,96.34,96.34,96.34,96.34,200
1784304300,96.34,96.34,96.34,96.34,141
1784304360,96.34,96.34,96.34,96.34,16
1784304480,96.34,96.34,96.34,96.34,14
1784304600,96.34,96.34,96.34,96.34,15
1784304660,96.34,96.34,96.34,96.34,45
1784304720,96.34,96.34,96.34,96.34,16
1784304840,96.34,96.34,96.34,96.34,14
1784304900,96.34,96.34,96.34,96.34,15
1784305020,96.34,96.34,96.34,96.34,16
1784305140,96.345,96.345,96.34,96.34,18
1784305260,96.34,96.34,96.34,96.34,14
1784305320,96.34,96.34,96.34,96.34,15
1784305440,96.34,96.34,96.34,96.34,14
1784305560,96.34,96.34,96.34,96.34,16
1784305680,96.34,96.34,96.34,96.34,16
1784305800,96.34,96.34,96.34,96.34,15
1784305920,96.34,96.345,96.34,96.345,561
1784305980,96.34,96.345,96.34,96.34,3256
1784306100,96.34,96.34,96.34,96.34,165
1784306160,96.34,96.34,96.34,96.34,510
1784306220,96.34,96.34,96.34,96.34,30
1784306280,96.34,96.34,96.34,96.34,175
1784306340,96.34,96.34,96.335,96.34,2265
1784306400,96.34,96.34,96.34,96.34,155
1784306460,96.34,96.34,96.34,96.34,150
1784306520,96.34,96.34,96.34,96.34,42
1784306580,96.34,96.34,96.34,96.34,26
1784306760,96.34,96.34,96.34,96.34,172
1784306820,96.34,96.34,96.34,96.34,106
1784306880,96.34,96.34,96.34,96.34,112
1784306940,96.34,96.34,96.34,96.34,63
1784307180,96.34,96.34,96.34,96.34,191
1784307360,96.34,96.34,96.34,96.34,125
1784307480,96.34,96.34,96.34,96.34,15
1784307600,96.335,96.34,96.335,96.34,141
1784307660,96.34,96.34,96.34,96.34,1
1784307840,96.34,96.34,96.34,96.34,297
1784308020,96.34,96.34,96.34,96.34,125
1784308080,96.335,96.335,96.335,96.335,12
1784308140,96.34,96.34,96.34,96.34,100
1784308200,96.34,96.34,96.34,96.34,1288
1784308260,96.34,96.34,96.34,96.34,190
1784308560,96.34,96.34,96.34,96.34,24
1784308620,96.335,96.335,96.335,96.335,12
1784308740,96.34,96.34,96.34,96.34,2
1784308800,96.335,96.335,96.335,96.335,14
1784308980,96.34,96.34,96.335,96.335,14
1784309160,96.335,96.335,96.335,96.335,13
1784309280,96.34,96.34,96.34,96.34,4
1784309340,96.335,96.335,96.335,96.335,15
1784309520,96.34,96.34,96.335,96.335,15
1784309700,96.335,96.335,96.335,96.335,14
1784309760,96.34,96.34,96.34,96.34,133
1784309940,96.335,96.34,96.335,96.34,64
1784310120,96.335,96.335,96.335,96.335,14
1784310300,96.335,96.335,96.335,96.335,13
1784310360,96.335,96.335,96.335,96.335,59
1784310480,96.335,96.335,96.335,96.335,14
1784310600,96.335,96.335,96.335,96.335,14
1784310780,96.335,96.335,96.335,96.335,14
1784310840,96.335,96.335,96.335,96.335,1002
1784310960,96.335,96.34,96.335,96.34,314
1784311140,96.335,96.335,96.335,96.335,13
1784311260,96.335,96.335,96.335,96.335,14
1784311440,96.335,96.335,96.335,96.335,14
1784311500,96.34,96.34,96.335,96.34,747
1784311560,96.34,96.34,96.34,96.34,2544
1784311620,96.34,96.34,96.34,96.34,89
1784311680,96.34,96.34,96.34,96.34,100
1784311740,96.34,96.34,96.34,96.34,2
1784311860,96.34,96.34,96.34,96.34,550
1784311920,96.34,96.34,96.34,96.34,86
1784311980,96.34,96.34,96.34,96.34,795
1784312040,96.34,96.34,96.34,96.34,12
1784312100,96.34,96.34,96.34,96.34,3
1784312160,96.34,96.34,96.34,96.34,116
1784312340,96.34,96.34,96.34,96.34,13
1784312520,96.34,96.34,96.34,96.34,113
1784312640,96.34,96.34,96.34,96.34,915
1784312760,96.335,96.335,96.335,96.335,14
1784312940,96.335,96.335,96.335,96.335,14
1784313180,96.335,96.335,96.335,96.335,14
1784313360,96.335,96.335,96.335,96.335,12
1784313420,96.34,96.34,96.34,96.34,50
1784313540,96.335,96.335,96.335,96.335,12
1784313600,96.34,96.34,96.335,96.34,605
1784313780,96.335,96.335,96.335,96.335,12
1784313840,96.34,96.34,96.34,96.34,91
1784314020,96.335,96.335,96.335,96.335,14
1784314140,96.335,96.335,96.335,96.335,14
1784314260,96.335,96.335,96.335,96.335,12
1784314380,96.335,96.34,96.335,96.34,54
1784314500,96.34,96.34,96.34,96.34,500
1784314620,96.335,96.335,96.335,96.335,14
1784314680,96.335,96.335,96.335,96.335,14
1784314740,96.335,96.335,96.335,96.335,21
1784314860,96.335,96.335,96.335,96.335,14
1784314920,96.335,96.335,96.335,96.335,12
1784315040,96.335,96.34,96.335,96.34,37
1784315160,96.335,96.335,96.335,96.335,13
1784315280,96.335,96.335,96.335,96.335,12
1784315460,96.335,96.335,96.335,96.335,12
1784315640,96.335,96.335,96.335,96.335,13
1784315820,96.335,96.335,96.335,96.335,20
1784316060,96.335,96.335,96.335,96.335,12
1784316240,96.335,96.335,96.335,96.335,12
1784316300,96.335,96.335,96.335,96.335,34
1784316360,96.335,96.335,96.335,96.335,24
1784316420,96.335,96.335,96.335,96.335,14
1784316600,96.335,96.335,96.335,96.335,14
1784316780,96.335,96.335,96.335,96.335,13
1784316900,96.335,96.335,96.335,96.335,8
1784316960,96.335,96.335,96.335,96.335,13
1784317020,96.34,96.34,96.34,96.34,50
1784317080,96.335,96.335,96.335,96.335,13
1784317200,96.335,96.335,96.335,96.335,23
1784317260,96.335,96.335,96.335,96.335,13
1784317380,96.335,96.335,96.335,96.335,12
1784317440,96.335,96.335,96.335,96.335,5
1784317500,96.335,96.335,96.335,96.335,16
1784317680,96.335,96.335,96.335,96.335,16
1784317800,96.335,96.335,96.335,96.335,16
1784317920,96.34,96.34,96.34,96.34,2
1784318160,96.34,96.34,96.34,96.34,50
1784318220,96.335,96.335,96.335,96.335,218
1784318340,96.335,96.335,96.335,96.335,30
1784318640,96.34,96.34,96.335,96.335,422
1784319180,96.335,96.335,96.335,96.335,30
1784319300,96.335,96.335,96.335,96.335,58
1784319360,96.335,96.335,96.335,96.335,3
1784319720,96.335,96.335,96.335,96.335,2
1784319780,96.34,96.34,96.34,96.34,23
1784320440,96.335,96.335,96.335,96.335,2
1784320800,96.335,96.335,96.335,96.335,1
1784320920,96.335,96.335,96.335,96.335,1
1784321280,96.335,96.335,96.335,96.335,20
1784321400,96.335,96.335,96.335,96.335,80
1784321520,96.335,96.335,96.335,96.335,80
1784321640,96.335,96.335,96.335,96.335,80
1784321700,96.335,96.335,96.335,96.335,1913
1784321880,96.34,96.34,96.34,96.34,1
1784321940,96.335,96.335,96.335,96.335,51
1784498400,96.335,96.335,96.335,96.335,1271
1784498460,96.335,96.335,96.335,96.335,23
1784498520,96.335,96.335,96.335,96.335,39
1784498820,96.33,96.33,96.33,96.33,106
1784499060,96.335,96.335,96.335,96.335,1
1784504040,96.335,96.335,96.335,96.335,25
1784505960,96.335,96.335,96.335,96.335,1
1784506320,96.335,96.335,96.335,96.335,20
1784506920,96.335,96.335,96.335,96.335,2
1784507040,96.335,96.335,96.335,96.335,7
1784507280,96.33,96.33,96.33,96.33,265
1784507640,96.335,96.335,96.335,96.335,2
1784508420,96.335,96.335,96.335,96.335,95
1784510100,96.335,96.335,96.335,96.335,2282
1784510220,96.335,96.335,96.335,96.335,5
1784510280,96.335,96.335,96.335,96.335,3
1784511000,96.335,96.335,96.335,96.335,440
1784511120,96.335,96.335,96.335,96.335,4
1784516280,96.335,96.335,96.335,96.335,300
1784517360,96.34,96.34,96.34,96.34,401
1784519940,96.34,96.34,96.34,96.34,2
1784521740,96.34,96.34,96.34,96.34,12
1784526600,96.335,96.335,96.335,96.335,263
1784527380,96.335,96.335,96.335,96.335,2426
1784527500,96.335,96.335,96.335,96.335,252
1784527560,96.335,96.335,96.335,96.335,1
1784528400,96.335,96.335,96.335,96.335,3
1784529120,96.335,96.335,96.335,96.335,100
1784529360,96.335,96.335,96.335,96.335,100
1784529420,96.335,96.335,96.335,96.335,373
1784529840,96.335,96.335,96.335,96.335,8
1784531700,96.335,96.335,96.335,96.335,1
1784531940,96.335,96.335,96.335,96.335,6
1784533020,96.335,96.335,96.335,96.335,12
1784533080,96.34,96.34,96.34,96.34,48
1784533200,96.34,96.34,96.34,96.34,152
1784533260,96.34,96.34,96.34,96.34,222
1784533320,96.34,96.345,96.34,96.345,1661
1784533620,96.34,96.34,96.34,96.34,895
1784533740,96.34,96.34,96.34,96.34,176
1784533920,96.34,96.34,96.34,96.34,63
1784534160,96.34,96.34,96.34,96.34,784
1784534400,96.34,96.34,96.34,96.34,351
1784535000,96.34,96.34,96.34,96.34,150
1784535120,96.345,96.345,96.345,96.345,72
1784535960,96.34,96.34,96.34,96.34,1219
1784536500,96.34,96.34,96.34,96.34,150
1784536560,96.34,96.34,96.34,96.34,100
1784536620,96.34,96.34,96.34,96.34,734
1784536680,96.34,96.34,96.34,96.34,210
1784536740,96.34,96.34,96.34,96.34,450
1784536800,96.34,96.34,96.34,96.34,248
1784536860,96.34,96.34,96.34,96.34,151
1784537220,96.34,96.34,96.34,96.34,624
1784537460,96.34,96.34,96.34,96.34,50
1784537700,96.34,96.34,96.34,96.34,38
1784537760,96.34,96.34,96.34,96.34,272
1784538120,96.34,96.34,96.34,96.34,21
1784538180,96.34,96.34,96.34,96.34,15
1784538420,96.34,96.34,96.34,96.34,251
1784538480,96.34,96.34,96.34,96.34,153
1784538960,96.34,96.34,96.34,96.34,56
1784539260,96.34,96.34,96.34,96.34,9
1784539320,96.34,96.34,96.34,96.34,2
1784539440,96.34,96.34,96.34,96.34,200
1784539920,96.34,96.34,96.34,96.34,100
1784540040,96.34,96.34,96.34,96.34,1
1784540340,96.34,96.34,96.34,96.34,39
1784540460,96.34,96.34,96.34,96.34,250
1784540520,96.34,96.34,96.34,96.34,600
1784541780,96.335,96.335,96.335,96.335,10
1784542980,96.335,96.335,96.335,96.335,21
1784543040,96.335,96.335,96.335,96.335,5
1784543280,96.335,96.335,96.335,96.335,41
1784543340,96.335,96.335,96.335,96.335,102
1784543400,96.335,96.335,96.335,96.335,76
1784543460,96.335,96.335,96.335,96.335,103
1784543520,96.335,96.34,96.335,96.335,88
1784543580,96.335,96.335,96.335,96.335,78
1784543640,96.335,96.335,96.335,96.335,61
1784543700,96.335,96.335,96.335,96.335,72
1784543760,96.335,96.335,96.335,96.335,67
1784543820,96.335,96.335,96.335,96.335,63
1784543880,96.335,96.335,96.335,96.335,63
1784543940,96.335,96.335,96.335,96.335,59
1784544000,96.335,96.335,96.335,96.335,42
1784544060,96.335,96.335,96.335,96.335,26
1784544120,96.335,96.335,96.335,96.335,23
1784544180,96.335,96.335,96.335,96.335,10
1784544240,96.335,96.335,96.335,96.335,13
1784544300,96.335,96.335,96.335,96.335,43
1784544360,96.335,96.335,96.335,96.335,38
1784544420,96.335,96.335,96.335,96.335,38
1784544480,96.335,96.335,96.335,96.335,30
1784544540,96.335,96.335,96.335,96.335,30
1784544600,96.335,96.335,96.335,96.335,31
1784544660,96.335,96.335,96.335,96.335,22
1784544720,96.335,96.335,96.335,96.335,28
1784544780,96.335,96.335,96.335,96.335,29
1784544840,96.335,96.335,96.335,96.335,29
1784544900,96.335,96.335,96.335,96.335,29
1784544960,96.335,96.335,96.335,96.335,24
1784545020,96.335,96.335,96.335,96.335,32
1784545080,96.335,96.335,96.335,96.335,23
1784545140,96.335,96.335,96.335,96.335,23
1784545200,96.335,96.335,96.335,96.335,25
1784545260,96.335,96.335,96.335,96.335,25
1784545320,96.335,96.335,96.335,96.335,23
1784545380,96.335,96.335,96.335,96.335,7
1784545440,96.335,96.335,96.335,96.335,20
1784545500,96.335,96.335,96.335,96.335,8
1784545560,96.335,96.335,96.335,96.335,2
1784545620,96.335,96.335,96.335,96.335,18
1784545680,96.335,96.335,96.335,96.335,13
1784545800,96.335,96.335,96.335,96.335,1
1784545860,96.335,96.335,96.335,96.335,5
1784546100,96.335,96.335,96.335,96.335,5
1784546160,96.335,96.335,96.335,96.335,6
1784546220,96.335,96.335,96.335,96.335,13
1784546280,96.335,96.335,96.335,96.335,12
1784546340,96.335,96.335,96.335,96.335,9
1784546400,96.335,96.335,96.335,96.335,3
1784546460,96.335,96.335,96.335,96.335,8
1784546520,96.335,96.335,96.335,96.335,8
1784546640,96.335,96.335,96.335,96.335,150
1784546700,96.335,96.335,96.335,96.335,150
1784547000,96.34,96.34,96.34,96.34,340
1784547060,96.34,96.34,96.34,96.34,3893
1784547120,96.34,96.34,96.34,96.34,1663
1784547420,96.34,96.34,96.34,96.34,1000
1784547960,96.34,96.34,96.34,96.34,29
1784548020,96.34,96.34,96.34,96.34,600
1784548140,96.34,96.34,96.34,96.34,5650
1784548380,96.34,96.34,96.34,96.34,33
1784548440,96.34,96.34,96.34,96.34,100
1784548620,96.34,96.34,96.34,96.34,500
1784548680,96.34,96.34,96.34,96.34,1
1784548800,96.34,96.34,96.34,96.34,600
1784548920,96.34,96.34,96.34,96.34,2
1784549220,96.34,96.34,96.34,96.34,100
1784550000,96.34,96.34,96.34,96.34,1
1784550300,96.335,96.335,96.335,96.335,1
1784550360,96.335,96.335,96.335,96.335,150
1784550780,96.335,96.335,96.335,96.335,7
1784551500,96.335,96.335,96.335,96.335,1
1784551620,96.335,96.335,96.335,96.335,5
1784552940,96.335,96.335,96.335,96.335,133
1784553000,96.335,96.335,96.335,96.335,18376
1784553060,96.335,96.335,96.335,96.335,346
1784553120,96.335,96.335,96.335,96.335,500
1784553180,96.335,96.335,96.335,96.335,2415
1784553240,96.335,96.335,96.335,96.335,1017
1784553300,96.335,96.335,96.335,96.335,95
1784553420,96.335,96.335,96.335,96.335,100
1784553660,96.34,96.34,96.34,96.34,37
1784553900,96.335,96.335,96.335,96.335,10
1784554560,96.335,96.335,96.335,96.335,179
1784554620,96.335,96.335,96.335,96.335,600
1784555100,96.335,96.335,96.335,96.335,1
1784556000,96.335,96.335,96.335,96.335,1
1784556540,96.335,96.335,96.335,96.335,80
1784556900,96.335,96.335,96.335,96.335,1
1784558700,96.335,96.335,96.335,96.335,1
1784558760,96.335,96.335,96.335,96.335,600
1784559300,96.335,96.335,96.335,96.335,700
1784559360,96.335,96.335,96.335,96.335,100
1784559540,96.335,96.335,96.335,96.335,600
1784559600,96.335,96.335,96.335,96.335,38
1784560140,96.335,96.335,96.335,96.335,1200
1784560500,96.335,96.335,96.335,96.335,27
1784560560,96.335,96.335,96.335,96.335,104
1784560860,96.335,96.335,96.335,96.335,79
1784561340,96.335,96.335,96.335,96.335,545
1784561400,96.335,96.335,96.335,96.335,1
1784561460,96.335,96.335,96.335,96.335,300
1784561520,96.335,96.335,96.335,96.335,720
1784561580,96.335,96.335,96.335,96.335,5772
1784561640,96.335,96.335,96.335,96.335,1325
1784561700,96.335,96.335,96.335,96.335,124
1784561880,96.335,96.335,96.335,96.335,510
1784561940,96.33,96.33,96.33,96.33,87
1784562180,96.335,96.335,96.33,96.33,256
1784562300,96.33,96.33,96.33,96.33,31
1784562540,96.335,96.335,96.335,96.335,3
1784562660,96.33,96.33,96.33,96.33,160
1784562900,96.335,96.335,96.335,96.335,248
1784563080,96.335,96.335,96.335,96.335,150
1784563140,96.33,96.33,96.33,96.33,10
1784563560,96.335,96.335,96.335,96.335,35
1784563620,96.335,96.335,96.335,96.335,15
1784563680,96.335,96.335,96.335,96.335,1037
1784563800,96.335,96.335,96.335,96.335,101
1784563860,96.335,96.335,96.335,96.335,160
1784563920,96.335,96.335,96.335,96.335,1000
1784564280,96.33,96.33,96.33,96.33,1
1784564340,96.33,96.33,96.33,96.33,1
1784564400,96.33,96.33,96.33,96.33,1
1784564460,96.33,96.33,96.33,96.33,3
1784564520,96.335,96.335,96.33,96.33,101
1784564700,96.33,96.33,96.33,96.33,1
1784564820,96.33,96.33,96.33,96.33,1
1784564880,96.33,96.33,96.33,96.33,1
1784565660,96.33,96.33,96.33,96.33,557
1784565780,96.33,96.33,96.33,96.33,119
1784565900,96.33,96.33,96.33,96.33,24
1784566140,96.33,96.33,96.33,96.33,2
1784567460,96.33,96.33,96.33,96.33,1
1784568000,96.335,96.335,96.335,96.335,51
1784569320,96.335,96.335,96.335,96.335,2
1784569380,96.335,96.335,96.335,96.335,50
1784569980,96.335,96.335,96.335,96.335,1
1784571420,96.335,96.335,96.335,96.335,54
1784573940,96.335,96.335,96.335,96.335,5
1784575500,96.335,96.335,96.335,96.335,20
1784575740,96.335,96.335,96.335,96.335,60
1784575860,96.335,96.335,96.335,96.335,20
1784576340,96.33,96.33,96.33,96.33,25
1784576700,96.335,96.335,96.335,96.335,35
1784577540,96.335,96.335,96.335,96.335,15
1784578980,96.335,96.335,96.335,96.335,10
1784579100,96.335,96.335,96.335,96.335,3
1784579940,96.335,96.335,96.335,96.335,20
1784580180,96.335,96.335,96.335,96.335,17
1784580960,96.335,96.335,96.335,96.335,4
1784581080,96.335,96.335,96.335,96.335,3
1784581140,96.335,96.335,96.335,96.335,6
1784586480,96.33,96.33,96.33,96.33,86
1784589120,96.335,96.335,96.335,96.335,150
1784591640,96.335,96.335,96.335,96.335,100
1784595660,96.335,96.335,96.335,96.335,25
1784596800,96.335,96.335,96.33,96.33,22
1784604360,96.335,96.335,96.335,96.335,13
1784604660,96.335,96.335,96.335,96.335,104
1784604780,96.335,96.335,96.335,96.335,250
1784604840,96.335,96.335,96.335,96.335,1
1784605080,96.335,96.335,96.335,96.335,50
1784605620,96.335,96.335,96.335,96.335,5
1784606100,96.335,96.335,96.335,96.335,200
1784612400,96.335,96.335,96.335,96.335,126
1784612640,96.335,96.335,96.335,96.335,1
1784612760,96.335,96.335,96.335,96.335,112
1784613840,96.335,96.335,96.335,96.335,3
1784614740,96.335,96.335,96.335,96.335,2
1784616540,96.335,96.335,96.335,96.335,10
1784619120,96.335,96.335,96.335,96.335,1
1784619960,96.335,96.335,96.335,96.335,100
1784620560,96.335,96.335,96.335,96.335,25
1784623080,96.335,96.335,96.335,96.335,3
1784623440,96.335,96.335,96.335,96.335,250
1784624640,96.335,96.335,96.335,96.335,1
1784625540,96.335,96.335,96.33,96.33,80
1784625600,96.335,96.335,96.33,96.33,62
1784626800,96.335,96.335,96.33,96.33,103
1784627160,96.335,96.335,96.335,96.335,1
1784628060,96.335,96.335,96.335,96.335,1
1784628120,96.335,96.335,96.33,96.335,10647
1784628180,96.335,96.335,96.335,96.335,400
1784628240,96.335,96.335,96.335,96.335,198
1784628480,96.335,96.335,96.335,96.335,394
1784628600,96.335,96.335,96.335,96.335,362
1784628660,96.335,96.335,96.335,96.335,3998
1784628780,96.335,96.335,96.335,96.335,23
1784629140,96.335,96.335,96.335,96.335,1073
1784629200,96.335,96.335,96.335,96.335,132
1784629380,96.335,96.335,96.335,96.335,100
1784630340,96.335,96.335,96.335,96.335,57
1784630520,96.335,96.335,96.335,96.335,400
1784630580,96.335,96.335,96.335,96.335,200
1784631060,96.335,96.335,96.335,96.335,125
1784631120,96.335,96.335,96.335,96.335,5
1784631420,96.335,96.335,96.335,96.335,7
1784631660,96.34,96.34,96.34,96.34,10
1784631780,96.335,96.335,96.335,96.335,80
1784631840,96.335,96.335,96.335,96.335,2567
1784631900,96.335,96.335,96.335,96.335,754
1784632020,96.335,96.335,96.335,96.335,19
1784632080,96.335,96.335,96.335,96.335,1514
1784632200,96.335,96.335,96.335,96.335,200
1784632440,96.335,96.335,96.335,96.335,133
1784632740,96.335,96.335,96.335,96.335,1121
1784632800,96.335,96.335,96.335,96.335,9
1784632860,96.335,96.335,96.335,96.335,313
1784632920,96.335,96.335,96.335,96.335,2
1784633100,96.335,96.335,96.335,96.335,100
1784633160,96.335,96.335,96.335,96.335,30
1784633280,96.335,96.335,96.335,96.335,91
1784633340,96.335,96.335,96.335,96.335,463
1784633400,96.335,96.335,96.335,96.335,50
1784633460,96.335,96.335,96.335,96.335,146
1784633640,96.335,96.335,96.335,96.335,876
1784633700,96.335,96.335,96.335,96.335,357
1784633880,96.335,96.335,96.335,96.335,96
1784633940,96.335,96.335,96.335,96.335,215
1784634120,96.335,96.335,96.335,96.335,106
1784634240,96.335,96.335,96.335,96.335,102
1784634540,96.335,96.335,96.335,96.335,100
1784634720,96.335,96.335,96.335,96.335,804
1784634960,96.335,96.335,96.335,96.335,2
1784635020,96.335,96.335,96.335,96.335,30
1784635200,96.335,96.335,96.335,96.335,1
1784635320,96.335,96.335,96.335,96.335,2020
1784635380,96.335,96.335,96.335,96.335,470
1784635440,96.335,96.335,96.335,96.335,866
1784635500,96.335,96.335,96.335,96.335,2
1784635620,96.335,96.335,96.335,96.335,3
1784635680,96.335,96.335,96.335,96.335,35
1784635980,96.335,96.335,96.335,96.335,72
1784636040,96.335,96.335,96.335,96.335,3
1784636100,96.335,96.335,96.335,96.335,702
1784636280,96.335,96.335,96.335,96.335,112
1784636340,96.335,96.335,96.335,96.335,24
1784636400,96.33,96.335,96.33,96.335,43
1784636460,96.335,96.335,96.335,96.335,288
1784636580,96.335,96.335,96.335,96.335,51
1784636700,96.335,96.335,96.335,96.335,1918
1784636760,96.335,96.335,96.335,96.335,530
1784636820,96.335,96.335,96.335,96.335,619
1784637480,96.335,96.335,96.335,96.335,1000
1784637780,96.335,96.335,96.335,96.335,314
1784638200,96.335,96.335,96.335,96.335,173
1784638260,96.335,96.335,96.335,96.335,12
1784638680,96.335,96.335,96.335,96.335,2052
1784638740,96.335,96.335,96.335,96.335,1093
1784638800,96.335,96.335,96.335,96.335,31
1784638980,96.335,96.335,96.335,96.335,45
1784639040,96.335,96.335,96.335,96.335,300
1784639100,96.335,96.335,96.335,96.335,80
1784639220,96.335,96.335,96.335,96.335,200
1784639760,96.33,96.33,96.32,96.32,72565
1784639820,96.325,96.325,96.325,96.325,5715
1784639880,96.325,96.325,96.32,96.32,4222
1784639940,96.32,96.325,96.32,96.325,56
1784640000,96.325,96.325,96.325,96.325,5
1784640060,96.325,96.33,96.325,96.325,5035
1784640120,96.325,96.325,96.325,96.325,5451
1784640180,96.325,96.325,96.325,96.325,250
1784640240,96.325,96.325,96.32,96.325,133
1784640300,96.32,96.32,96.32,96.32,538
1784640360,96.32,96.325,96.32,96.32,61
1784640420,96.32,96.325,96.32,96.325,1611
1784640480,96.325,96.325,96.325,96.325,1000
1784640540,96.32,96.325,96.32,96.325,3422
1784640720,96.325,96.33,96.325,96.325,17898
1784640780,96.325,96.325,96.325,96.325,1057
1784640840,96.325,96.325,96.325,96.325,230
1784640900,96.325,96.325,96.325,96.325,2
1784640960,96.325,96.325,96.325,96.325,26
1784641020,96.325,96.325,96.325,96.325,250
1784641080,96.325,96.325,96.325,96.325,8286
1784641140,96.325,96.325,96.325,96.325,2122
1784641200,96.325,96.325,96.325,96.325,18
1784641260,96.325,96.33,96.325,96.33,202
1784641380,96.325,96.325,96.325,96.325,5
1784641440,96.33,96.33,96.33,96.33,621
1784641620,96.33,96.33,96.33,96.33,88
1784641800,96.325,96.325,96.325,96.325,29
1784642160,96.325,96.325,96.325,96.325,500
1784642220,96.325,96.325,96.325,96.325,6025
1784642280,96.325,96.325,96.325,96.325,647
1784642400,96.325,96.325,96.325,96.325,1498
1784642460,96.325,96.325,96.325,96.325,120
1784642520,96.325,96.325,96.325,96.325,101
1784642820,96.33,96.33,96.33,96.33,1
1784642940,96.33,96.33,96.33,96.33,15
1784643060,96.325,96.325,96.325,96.325,1035
1784643180,96.325,96.325,96.325,96.325,100
1784643540,96.33,96.33,96.33,96.33,1
1784643660,96.33,96.33,96.33,96.33,18
1784643720,96.325,96.33,96.325,96.33,508
1784643900,96.33,96.33,96.33,96.33,600
1784644020,96.325,96.325,96.325,96.325,2793
1784644080,96.325,96.325,96.325,96.325,535
1784644140,96.325,96.325,96.325,96.325,6263
1784644200,96.325,96.325,96.325,96.325,52
1784644260,96.325,96.325,96.325,96.325,50
1784644320,96.325,96.325,96.325,96.325,3
1784644440,96.325,96.325,96.325,96.325,500
1784644500,96.32,96.32,96.315,96.315,24830
1784644560,96.315,96.315,96.315,96.315,475
1784644620,96.32,96.32,96.32,96.32,13
1784644740,96.315,96.315,96.315,96.315,500
1784644980,96.315,96.315,96.315,96.315,500
1784645160,96.315,96.315,96.315,96.315,5
1784645220,96.315,96.315,96.315,96.315,1
1784645280,96.315,96.32,96.315,96.315,128
1784645340,96.32,96.32,96.315,96.315,5
1784645400,96.315,96.315,96.315,96.315,3
1784645640,96.315,96.315,96.315,96.315,2
1784645760,96.315,96.315,96.315,96.315,1
1784645880,96.315,96.315,96.315,96.315,1
1784645940,96.32,96.32,96.32,96.32,1
1784646060,96.315,96.315,96.315,96.315,28
1784646300,96.32,96.32,96.32,96.32,1
1784646480,96.315,96.315,96.315,96.315,1
1784646540,96.32,96.32,96.315,96.315,9
1784646600,96.315,96.315,96.315,96.315,3
1784646780,96.315,96.315,96.315,96.315,5
1784646960,96.315,96.315,96.315,96.315,4
1784647260,96.32,96.32,96.32,96.32,1402
1784647560,96.32,96.32,96.32,96.32,50
1784647620,96.315,96.315,96.315,96.315,1
1784647800,96.315,96.315,96.315,96.315,6
1784648100,96.32,96.32,96.32,96.32,100
1784648220,96.32,96.32,96.32,96.32,47
1784648340,96.32,96.32,96.32,96.32,100
1784648460,96.32,96.32,96.32,96.32,46
1784648760,96.32,96.32,96.32,96.32,20
1784648820,96.32,96.32,96.32,96.32,55
1784649000,96.32,96.32,96.32,96.32,1
1784649060,96.32,96.32,96.32,96.32,154
1784649300,96.315,96.32,96.315,96.32,5
1784649480,96.315,96.315,96.315,96.315,225
1784649720,96.315,96.315,96.315,96.315,125
1784649780,96.315,96.315,96.315,96.315,100
1784649900,96.32,96.32,96.32,96.32,13
1784650020,96.32,96.32,96.315,96.315,122
1784650080,96.315,96.32,96.315,96.32,60
1784650380,96.315,96.315,96.315,96.315,101
1784650440,96.315,96.315,96.315,96.315,1
1784650500,96.315,96.315,96.315,96.315,1
1784650560,96.315,96.315,96.315,96.315,2
1784650680,96.315,96.315,96.315,96.315,1
1784650740,96.315,96.32,96.315,96.315,57
1784650800,96.315,96.315,96.315,96.315,1
1784650860,96.32,96.32,96.32,96.32,45
1784650920,96.315,96.315,96.315,96.315,251
1784650980,96.315,96.315,96.315,96.315,150
1784651040,96.315,96.315,96.315,96.315,1
1784651160,96.315,96.315,96.315,96.315,50
1784651220,96.32,96.32,96.315,96.315,500
1784651280,96.315,96.315,96.315,96.315,50
1784651340,96.315,96.315,96.315,96.315,110
1784651400,96.315,96.315,96.315,96.315,50
1784651580,96.315,96.315,96.315,96.315,90
1784651640,96.32,96.32,96.32,96.32,1
1784652180,96.315,96.315,96.315,96.315,100
1784652240,96.32,96.32,96.32,96.32,2
1784652420,96.315,96.315,96.315,96.315,1
1784653620,96.315,96.315,96.315,96.315,21
1784654280,96.315,96.315,96.315,96.315,1
1784654520,96.32,96.32,96.32,96.32,25
1784654700,96.315,96.315,96.315,96.315,6
1784654880,96.315,96.315,96.315,96.315,3
1784654940,96.315,96.315,96.315,96.315,4
1784655000,96.315,96.315,96.315,96.315,9
1784655900,96.32,96.32,96.32,96.32,10
1784656140,96.315,96.315,96.315,96.315,500
1784656560,96.315,96.315,96.315,96.315,579
1784656620,96.315,96.315,96.315,96.315,9920
1784656740,96.315,96.315,96.315,96.315,150
1784656980,96.31,96.31,96.305,96.305,11878
1784657100,96.31,96.31,96.305,96.305,3177
1784657160,96.305,96.31,96.305,96.305,3758
1784657220,96.305,96.305,96.305,96.305,3359
1784657280,96.305,96.305,96.3,96.305,2202
1784657340,96.305,96.31,96.305,96.305,430
1784657460,96.31,96.31,96.31,96.31,1
1784657700,96.31,96.31,96.31,96.31,2
1784657760,96.31,96.31,96.31,96.31,3
1784657820,96.31,96.31,96.31,96.31,200
1784658000,96.305,96.305,96.305,96.305,124
1784658240,96.31,96.31,96.31,96.31,2
1784658300,96.31,96.31,96.31,96.31,195
1784658360,96.31,96.31,96.31,96.31,2
1784658600,96.31,96.31,96.31,96.31,2
1784658660,96.31,96.31,96.31,96.31,2
1784658720,96.31,96.31,96.31,96.31,100
1784658780,96.31,96.31,96.31,96.31,100
1784658840,96.305,96.305,96.3,96.3,12540
1784658900,96.305,96.305,96.305,96.305,4
1784658960,96.305,96.305,96.305,96.305,80
1784659020,96.305,96.305,96.305,96.305,3959
1784659080,96.305,96.305,96.305,96.305,962
1784659140,96.305,96.305,96.305,96.305,267
1784659200,96.305,96.305,96.305,96.305,240
1784659260,96.305,96.305,96.305,96.305,100
1784659380,96.31,96.31,96.31,96.31,4
1784659440,96.31,96.31,96.31,96.31,254
1784659500,96.31,96.31,96.31,96.31,100
1784659560,96.31,96.31,96.31,96.31,3710
1784659620,96.31,96.31,96.31,96.31,1021
1784659680,96.31,96.31,96.31,96.31,57
1784659920,96.31,96.31,96.31,96.31,100
1784660040,96.31,96.31,96.31,96.31,9
1784660100,96.305,96.305,96.305,96.305,185
1784660160,96.31,96.31,96.31,96.31,1
1784660220,96.305,96.305,96.305,96.305,36
1784660280,96.305,96.305,96.305,96.305,280
1784660340,96.31,96.31,96.305,96.305,80
1784660460,96.305,96.305,96.305,96.305,2
1784660520,96.305,96.305,96.305,96.305,5
1784660580,96.305,96.305,96.305,96.305,2000
1784660640,96.305,96.305,96.305,96.305,6
1784660760,96.305,96.305,96.305,96.305,739
1784660880,96.305,96.305,96.305,96.305,36
1784660940,96.305,96.305,96.305,96.305,744
1784661060,96.305,96.305,96.305,96.305,100
1784661240,96.305,96.305,96.305,96.305,171
1784661360,96.305,96.305,96.305,96.305,97
1784661480,96.31,96.31,96.31,96.31,45
1784661900,96.305,96.305,96.305,96.305,1
1784662020,96.31,96.31,96.31,96.31,8527
1784662320,96.315,96.315,96.315,96.315,1
1784662800,96.31,96.31,96.31,96.31,50
1784662860,96.31,96.31,96.31,96.31,25
1784663400,96.31,96.31,96.305,96.31,9638
1784663460,96.31,96.31,96.31,96.31,616
1784663820,96.31,96.31,96.31,96.31,40
1784664000,96.31,96.31,96.31,96.31,9
1784664420,96.31,96.31,96.31,96.31,91
1784664540,96.31,96.31,96.31,96.31,610
1784664660,96.315,96.315,96.31,96.31,364
1784664960,96.31,96.31,96.31,96.31,99
1784665020,96.31,96.31,96.31,96.31,1
1784665200,96.31,96.31,96.31,96.31,12
1784666700,96.315,96.315,96.315,96.315,191
1784666760,96.31,96.31,96.31,96.31,1052
1784667000,96.31,96.31,96.31,96.31,6463
1784667060,96.31,96.31,96.31,96.31,1
1784667240,96.31,96.31,96.31,96.31,7
1784667300,96.31,96.31,96.31,96.31,50
1784667360,96.31,96.31,96.31,96.31,1025
1784667480,96.31,96.31,96.31,96.31,3
1784671740,96.31,96.31,96.31,96.31,82
1784671980,96.31,96.31,96.31,96.31,4
1784672160,96.31,96.31,96.31,96.31,513
1784673540,96.31,96.31,96.31,96.31,300
1784673600,96.31,96.31,96.31,96.31,100
1784674200,96.31,96.31,96.31,96.31,1
1784675520,96.31,96.31,96.31,96.31,13
1784678160,96.31,96.31,96.31,96.31,1
1784679480,96.31,96.31,96.31,96.31,1
1784680680,96.31,96.31,96.31,96.31,125
1784682600,96.31,96.31,96.31,96.31,10
1784682660,96.31,96.31,96.31,96.31,41
1784683440,96.31,96.31,96.31,96.31,2872
1784683740,96.31,96.31,96.31,96.31,50
1784683980,96.31,96.31,96.31,96.31,385
1784684100,96.31,96.31,96.31,96.31,500
1784684160,96.31,96.31,96.31,96.31,50
1784684220,96.31,96.31,96.31,96.31,200
1784684460,96.31,96.31,96.31,96.31,29
1784684580,96.31,96.31,96.31,96.31,700
1784684640,96.31,96.31,96.31,96.31,29
1784684940,96.31,96.31,96.31,96.31,10
1784685240,96.31,96.31,96.31,96.31,52
1784685780,96.31,96.31,96.31,96.31,100
1784685840,96.31,96.31,96.31,96.31,200
1784686320,96.31,96.31,96.31,96.31,5
1784687340,96.31,96.31,96.31,96.31,113
1784687760,96.31,96.31,96.31,96.31,100
1784687880,96.31,96.31,96.31,96.31,18
1784689800,96.31,96.31,96.31,96.31,25
1784690820,96.31,96.31,96.31,96.31,10
1784691120,96.31,96.31,96.31,96.31,20
1784691540,96.31,96.31,96.31,96.31,100
1784692740,96.31,96.31,96.31,96.31,51
1784693760,96.31,96.31,96.31,96.31,125
1784693820,96.31,96.31,96.31,96.31,500
1784694120,96.31,96.31,96.31,96.31,50
1784695380,96.31,96.31,96.31,96.31,55
1784696700,96.31,96.31,96.31,96.31,300
1784696880,96.31,96.31,96.31,96.31,100
1784697840,96.31,96.31,96.31,96.31,10
1784697900,96.31,96.31,96.31,96.31,20
1784698020,96.31,96.31,96.31,96.31,10
1784698320,96.31,96.31,96.31,96.31,842
1784698800,96.31,96.31,96.31,96.31,150
1784699100,96.31,96.31,96.31,96.31,1
1784699580,96.31,96.31,96.31,96.31,50
1784700240,96.31,96.31,96.31,96.31,100
1784700300,96.31,96.31,96.31,96.31,1360
1784700360,96.31,96.31,96.31,96.31,638
1784700480,96.31,96.31,96.31,96.31,5
1784700540,96.31,96.31,96.31,96.31,33
1784700720,96.31,96.31,96.31,96.31,820
1784700780,96.31,96.31,96.31,96.31,607
1784700840,96.31,96.31,96.31,96.31,3132
1784701440,96.31,96.31,96.31,96.31,200
1784702700,96.315,96.315,96.315,96.315,241
1784702820,96.31,96.31,96.31,96.31,72
1784702880,96.315,96.315,96.31,96.31,1089
1784703600,96.31,96.31,96.31,96.31,761
1784703960,96.315,96.315,96.315,96.315,150
1784704620,96.315,96.315,96.315,96.315,50
1784704920,96.315,96.315,96.315,96.315,500
1784705160,96.315,96.315,96.315,96.315,100
1784706360,96.315,96.315,96.315,96.315,223
1784706540,96.315,96.315,96.315,96.315,135
1784706600,96.315,96.315,96.315,96.315,100
1784706660,96.315,96.315,96.315,96.315,100
1784706840,96.315,96.315,96.315,96.315,250
1784706900,96.315,96.315,96.315,96.315,11
1784706960,96.315,96.315,96.315,96.315,1
1784707080,96.315,96.315,96.315,96.315,1505
1784707140,96.315,96.315,96.315,96.315,25
1784707320,96.315,96.315,96.315,96.315,933
1784707380,96.315,96.315,96.315,96.315,45
1784707440,96.315,96.315,96.315,96.315,384
1784707500,96.315,96.315,96.315,96.315,212
1784707560,96.315,96.315,96.315,96.315,219
1784707740,96.315,96.315,96.315,96.315,294
1784707800,96.315,96.315,96.315,96.315,180
1784707860,96.315,96.315,96.315,96.315,50
1784707920,96.315,96.315,96.315,96.315,551
1784707980,96.315,96.315,96.315,96.315,493
1784708040,96.315,96.315,96.315,96.315,100
1784708400,96.32,96.32,96.32,96.32,315
1784708760,96.32,96.32,96.32,96.32,4
1784709000,96.32,96.32,96.32,96.32,1
1784709060,96.32,96.32,96.32,96.32,240
1784709120,96.32,96.32,96.32,96.32,22
1784709300,96.32,96.32,96.32,96.32,1
1784709720,96.315,96.315,96.315,96.315,6
1784709840,96.315,96.315,96.315,96.315,833
1784709900,96.315,96.315,96.315,96.315,300
1784709960,96.315,96.315,96.315,96.315,2037
1784710140,96.315,96.315,96.315,96.315,3
1784710200,96.315,96.315,96.315,96.315,8
1784710380,96.315,96.315,96.315,96.315,402
1784710440,96.315,96.315,96.315,96.315,68
1784710500,96.315,96.315,96.315,96.315,30
1784710860,96.315,96.315,96.315,96.315,100
1784712600,96.315,96.315,96.315,96.315,103
1784712900,96.31,96.31,96.31,96.31,1
1784713080,96.31,96.31,96.31,96.31,267
1784713260,96.31,96.31,96.31,96.31,2
1784713860,96.31,96.31,96.31,96.31,2371
1784713920,96.315,96.315,96.31,96.31,2826
1784714520,96.305,96.305,96.305,96.305,50
1784714700,96.305,96.305,96.305,96.305,1882
1784714760,96.305,96.305,96.305,96.305,697
1784714820,96.305,96.305,96.305,96.305,4
1784715000,96.305,96.305,96.305,96.305,5630
1784715060,96.305,96.305,96.305,96.305,14
1784715120,96.305,96.305,96.305,96.305,383
1784715780,96.305,96.305,96.305,96.305,250
1784716260,96.305,96.305,96.305,96.305,200
1784717460,96.31,96.31,96.31,96.31,250
1784717700,96.31,96.31,96.31,96.31,25
1784718660,96.305,96.305,96.305,96.305,2639
1784718720,96.305,96.305,96.305,96.305,4457
1784718780,96.305,96.305,96.305,96.305,1010
1784718840,96.305,96.305,96.305,96.305,391
1784718900,96.305,96.305,96.305,96.305,219
1784718960,96.305,96.305,96.305,96.305,111
1784719080,96.305,96.305,96.305,96.305,25
1784719140,96.305,96.305,96.305,96.305,1050
1784719260,96.3,96.305,96.3,96.305,532
1784719440,96.305,96.305,96.305,96.305,101
1784719500,96.305,96.305,96.305,96.305,211
1784719560,96.305,96.305,96.305,96.305,62
1784719620,96.305,96.305,96.305,96.305,284
1784719920,96.305,96.305,96.305,96.305,300
1784720040,96.305,96.305,96.305,96.305,1426
1784720160,96.305,96.305,96.305,96.305,1570
1784720220,96.305,96.305,96.305,96.305,3144
1784720280,96.305,96.305,96.305,96.305,5
1784720340,96.305,96.305,96.305,96.305,231
1784720460,96.305,96.305,96.305,96.305,25
1784720520,96.305,96.305,96.305,96.305,999
1784720640,96.3,96.3,96.3,96.3,65
1784720760,96.3,96.3,96.3,96.3,3452
1784720820,96.3,96.3,96.3,96.3,559
1784721000,96.3,96.3,96.3,96.3,400
1784721120,96.3,96.3,96.3,96.3,15
1784721180,96.3,96.305,96.3,96.305,205
1784721300,96.305,96.305,96.305,96.305,100
1784721420,96.3,96.3,96.3,96.3,150
1784721600,96.305,96.305,96.305,96.305,978
1784721960,96.305,96.305,96.305,96.305,50
1784722020,96.305,96.305,96.305,96.305,150
1784722080,96.305,96.305,96.305,96.305,600
1784722260,96.305,96.305,96.305,96.305,3966
1784722320,96.305,96.305,96.305,96.305,45
1784722440,96.305,96.305,96.305,96.305,25
1784722800,96.31,96.31,96.31,96.31,1
1784722980,96.305,96.305,96.3,96.3,3634
1784723040,96.305,96.305,96.305,96.305,1232
1784723160,96.305,96.305,96.305,96.305,2
1784723220,96.3,96.3,96.3,96.3,747
1784723580,96.305,96.305,96.305,96.305,11
1784723640,96.305,96.305,96.305,96.305,44
1784723700,96.305,96.305,96.305,96.305,53
1784723760,96.305,96.305,96.305,96.305,45
1784723820,96.305,96.305,96.305,96.305,45
1784723880,96.305,96.305,96.305,96.305,36
1784723940,96.305,96.305,96.305,96.305,33
1784724000,96.305,96.305,96.305,96.305,23
1784724060,96.305,96.305,96.305,96.305,264
1784724120,96.305,96.305,96.305,96.305,345
1784724180,96.305,96.305,96.305,96.305,125
1784724240,96.305,96.305,96.305,96.305,12
1784724300,96.305,96.305,96.305,96.305,18
1784724360,96.305,96.305,96.305,96.305,65
1784724420,96.305,96.305,96.305,96.305,17
1784724480,96.305,96.305,96.305,96.305,227
1784724540,96.305,96.305,96.305,96.305,2080
1784724600,96.305,96.305,96.305,96.305,55
1784724780,96.305,96.305,96.305,96.305,12
1784724840,96.305,96.305,96.305,96.305,15
1784724900,96.305,96.305,96.305,96.305,17
1784724960,96.305,96.305,96.3,96.3,471
1784725020,96.3,96.305,96.3,96.305,846
1784725140,96.305,96.305,96.305,96.305,300
1784725440,96.305,96.305,96.305,96.305,50
1784725500,96.305,96.305,96.305,96.305,29
1784725620,96.305,96.305,96.3,96.3,454
1784725680,96.3,96.3,96.3,96.3,20
1784725920,96.3,96.305,96.3,96.305,39
1784725980,96.305,96.305,96.305,96.305,50
1784726040,96.305,96.305,96.305,96.305,610
1784726100,96.305,96.305,96.305,96.305,600
1784726160,96.305,96.305,96.305,96.305,200
1784726220,96.305,96.305,96.305,96.305,6257
1784726280,96.305,96.305,96.305,96.305,283
1784726340,96.305,96.305,96.305,96.305,31
1784726400,96.305,96.305,96.305,96.305,760
1784726460,96.31,96.31,96.31,96.31,2
1784726640,96.31,96.31,96.31,96.31,321
1784726700,96.31,96.31,96.31,96.31,1733
1784726760,96.31,96.31,96.31,96.31,1336
1784726820,96.31,96.31,96.31,96.31,504
1784727060,96.31,96.31,96.31,96.31,200
1784727120,96.31,96.31,96.31,96.31,250
1784727360,96.31,96.31,96.31,96.31,150
1784727420,96.31,96.31,96.31,96.31,20
1784727480,96.31,96.31,96.31,96.31,150
1784727600,96.305,96.305,96.305,96.305,104
1784727660,96.305,96.305,96.305,96.305,5
1784727720,96.305,96.305,96.305,96.305,27
1784727780,96.305,96.305,96.305,96.305,989
1784727840,96.305,96.305,96.305,96.305,4276
1784727900,96.305,96.305,96.305,96.305,4
1784727960,96.305,96.305,96.3,96.305,168
1784728020,96.305,96.305,96.305,96.305,7
1784728140,96.305,96.305,96.305,96.305,25
1784728260,96.305,96.305,96.305,96.305,55
1784728380,96.305,96.305,96.305,96.305,20
1784728440,96.305,96.305,96.305,96.305,3
1784728620,96.305,96.305,96.305,96.305,2
1784728680,96.305,96.305,96.305,96.305,50
1784728800,96.305,96.305,96.305,96.305,3
1784728920,96.305,96.305,96.305,96.305,500
1784729100,96.3,96.305,96.3,96.3,1942
1784729160,96.3,96.305,96.3,96.305,12
1784729220,96.3,96.3,96.29,96.295,31746
1784729280,96.295,96.295,96.295,96.295,2414
1784729340,96.3,96.3,96.3,96.3,50
1784729400,96.295,96.295,96.295,96.295,150
1784729460,96.295,96.295,96.295,96.295,50
1784729580,96.295,96.3,96.295,96.3,3486
1784729640,96.295,96.3,96.295,96.295,316
1784729700,96.295,96.295,96.295,96.295,179
1784729760,96.295,96.295,96.295,96.295,288
1784729820,96.295,96.295,96.295,96.295,14
1784729940,96.295,96.295,96.295,96.295,101
1784730000,96.295,96.295,96.295,96.295,158
1784730120,96.295,96.295,96.29,96.29,5439
1784730180,96.29,96.29,96.29,96.29,150
1784730240,96.29,96.29,96.285,96.285,13311
1784730300,96.285,96.285,96.28,96.28,2392
1784730360,96.28,96.285,96.28,96.28,18067
1784730420,96.28,96.285,96.28,96.28,1894
1784730480,96.28,96.28,96.28,96.28,159
1784730540,96.28,96.285,96.28,96.285,371
1784730600,96.285,96.285,96.285,96.285,126
1784730660,96.285,96.285,96.285,96.285,5212
1784730720,96.285,96.285,96.285,96.285,530
1784730780,96.285,96.285,96.28,96.285,2222
1784730840,96.285,96.285,96.285,96.285,1689
1784730960,96.285,96.285,96.285,96.285,50
1784731140,96.29,96.29,96.29,96.29,5
1784731200,96.29,96.29,96.29,96.29,529
1784731260,96.29,96.29,96.285,96.29,901
1784731320,96.29,96.29,96.29,96.29,10
1784731380,96.29,96.29,96.29,96.29,110
1784731440,96.29,96.29,96.29,96.29,105
1784731500,96.29,96.29,96.29,96.29,233
1784731560,96.29,96.29,96.29,96.29,6372
1784731680,96.295,96.295,96.295,96.295,144
1784732160,96.295,96.295,96.295,96.295,6217
1784732220,96.295,96.295,96.295,96.295,1339
1784732340,96.295,96.295,96.295,96.295,700
1784732400,96.29,96.29,96.29,96.29,5655
1784732460,96.29,96.29,96.29,96.29,1158
1784732520,96.29,96.29,96.29,96.29,101
1784732580,96.29,96.29,96.29,96.29,251
1784732640,96.29,96.29,96.29,96.29,102
1784732700,96.29,96.29,96.29,96.29,125
1784732820,96.29,96.29,96.29,96.29,173
1784732940,96.285,96.285,96.285,96.285,500
1784733000,96.29,96.29,96.29,96.29,25
1784733060,96.285,96.285,96.285,96.285,100
1784733360,96.285,96.285,96.285,96.285,750
1784733660,96.285,96.285,96.285,96.285,100
1784733780,96.285,96.29,96.285,96.29,310
1784733840,96.285,96.285,96.285,96.285,16
1784734020,96.285,96.285,96.285,96.285,610
1784734320,96.285,96.285,96.285,96.285,2
1784734440,96.285,96.285,96.285,96.285,470
1784734500,96.285,96.285,96.285,96.285,634
1784734680,96.29,96.29,96.285,96.285,7185
1784734740,96.285,96.285,96.285,96.285,917
1784734800,96.285,96.285,96.285,96.285,1306
1784734860,96.285,96.285,96.285,96.285,1325
1784734920,96.285,96.285,96.285,96.285,1
1784734980,96.285,96.285,96.285,96.285,870
1784735040,96.285,96.285,96.285,96.285,223
1784735100,96.285,96.285,96.285,96.285,149
1784735220,96.285,96.29,96.285,96.29,349
1784735340,96.29,96.29,96.29,96.29,300
1784735400,96.29,96.29,96.29,96.29,159
1784735460,96.29,96.29,96.29,96.29,101
1784735580,96.29,96.29,96.29,96.29,250
1784735760,96.29,96.29,96.29,96.29,1
1784735820,96.29,96.29,96.29,96.29,1003
1784735880,96.29,96.29,96.29,96.29,3260
1784735940,96.29,96.29,96.29,96.29,10
1784736000,96.29,96.29,96.29,96.29,898
1784736060,96.29,96.29,96.29,96.29,15
1784736120,96.29,96.29,96.29,96.29,145
1784736180,96.29,96.29,96.29,96.29,187
1784736240,96.29,96.29,96.285,96.29,322
1784736300,96.29,96.295,96.29,96.29,58
1784736360,96.29,96.29,96.29,96.29,126
1784736540,96.29,96.29,96.29,96.29,377
1784736600,96.29,96.29,96.29,96.29,240
1784736720,96.29,96.295,96.29,96.295,109
1784736840,96.29,96.29,96.29,96.29,32
1784736900,96.29,96.29,96.29,96.29,120
1784736960,96.29,96.29,96.29,96.29,1
1784737080,96.29,96.29,96.29,96.29,1273
1784737200,96.29,96.29,96.29,96.29,50
1784737560,96.29,96.29,96.29,96.29,27
1784737680,96.29,96.29,96.29,96.29,3732
1784737740,96.29,96.29,96.29,96.29,28
1784737800,96.29,96.29,96.285,96.285,500
1784737860,96.285,96.29,96.285,96.29,54
1784737920,96.285,96.29,96.285,96.285,110
1784738220,96.29,96.29,96.29,96.29,1
1784738280,96.29,96.29,96.29,96.29,30
1784738460,96.29,96.29,96.29,96.29,75
1784738760,96.29,96.29,96.29,96.29,100
1784739060,96.29,96.29,96.29,96.29,2755
1784739120,96.29,96.29,96.29,96.29,85
1784739180,96.29,96.29,96.29,96.29,140
1784739240,96.29,96.29,96.29,96.29,40
1784739360,96.29,96.29,96.29,96.29,370
1784739420,96.29,96.29,96.29,96.29,107
1784739660,96.295,96.295,96.295,96.295,1200
1784740320,96.295,96.295,96.295,96.295,1200
1784742360,96.295,96.295,96.295,96.295,2
1784742540,96.29,96.29,96.29,96.29,8
1784742600,96.295,96.295,96.295,96.295,10
1784743020,96.295,96.295,96.295,96.295,1
1784743080,96.295,96.295,96.295,96.295,1
1784743500,96.295,96.295,96.295,96.295,501
1784743560,96.29,96.29,96.29,96.29,500
1784743620,96.295,96.295,96.295,96.295,1
1784744040,96.295,96.295,96.295,96.295,3
1784744160,96.295,96.295,96.295,96.295,1
1784744460,96.29,96.29,96.29,96.29,2156
1784744520,96.29,96.29,96.29,96.29,3951
1784744580,96.29,96.29,96.29,96.29,1
1784744880,96.29,96.29,96.29,96.29,8
1784744940,96.29,96.29,96.29,96.29,1830
1784745000,96.29,96.29,96.29,96.29,45
1784745120,96.29,96.29,96.29,96.29,241
1784745180,96.29,96.29,96.29,96.29,239
1784745240,96.29,96.29,96.29,96.29,342
1784745300,96.29,96.29,96.29,96.29,25
1784745600,96.29,96.29,96.29,96.29,1123
1784746200,96.29,96.29,96.29,96.29,3
1784746260,96.29,96.29,96.29,96.29,300
1784746320,96.29,96.29,96.29,96.29,100
1784746380,96.29,96.29,96.29,96.29,100
1784746740,96.285,96.285,96.285,96.285,1
1784747400,96.285,96.285,96.285,96.285,54
1784747520,96.29,96.29,96.29,96.29,8
1784747640,96.285,96.285,96.285,96.285,4
1784747880,96.285,96.285,96.285,96.285,100
1784748360,96.285,96.285,96.285,96.285,83
1784748540,96.29,96.29,96.29,96.29,1
1784748900,96.29,96.29,96.29,96.29,6
1784748960,96.285,96.285,96.285,96.285,108
1784749080,96.285,96.285,96.285,96.285,5
1784749140,96.285,96.285,96.285,96.285,150
1784749380,96.29,96.29,96.285,96.285,500
1784749440,96.285,96.285,96.285,96.285,586
1784749500,96.285,96.285,96.285,96.285,549
1784749740,96.285,96.285,96.285,96.285,4
1784749920,96.285,96.285,96.285,96.285,361
1784749980,96.285,96.285,96.285,96.285,781
1784750280,96.285,96.285,96.285,96.285,28
1784750340,96.285,96.285,96.285,96.285,1371
1784750460,96.285,96.285,96.285,96.285,8
1784750760,96.285,96.285,96.285,96.285,9
1784751060,96.29,96.29,96.29,96.29,448
1784751360,96.29,96.29,96.29,96.29,300
1784751600,96.285,96.285,96.285,96.285,240
1784752920,96.285,96.285,96.285,96.285,64
1784753100,96.285,96.285,96.285,96.285,158
1784753520,96.285,96.285,96.285,96.285,80
1784753640,96.285,96.285,96.285,96.285,80
1784753700,96.285,96.285,96.285,96.285,213
1784753760,96.285,96.285,96.285,96.285,17
1784753880,96.29,96.29,96.29,96.29,2
1784753940,96.285,96.285,96.285,96.285,9
1784757600,96.285,96.285,96.285,96.285,25
1784759760,96.285,96.285,96.285,96.285,3933
1784760720,96.28,96.28,96.28,96.28,100
1784761440,96.285,96.285,96.285,96.285,240
1784762040,96.285,96.285,96.285,96.285,300
1784762400,96.285,96.285,96.285,96.285,200
1784763300,96.28,96.28,96.28,96.28,1
1784763900,96.28,96.28,96.28,96.28,1457
1784763960,96.28,96.285,96.28,96.28,1076
1784764020,96.28,96.28,96.28,96.28,1063
1784764140,96.28,96.28,96.28,96.28,1417
1784764200,96.275,96.275,96.275,96.275,83
1784764380,96.28,96.28,96.28,96.28,50
1784764500,96.275,96.275,96.275,96.275,1080
1784765400,96.275,96.275,96.275,96.275,874
1784765460,96.275,96.275,96.275,96.275,60
1784765520,96.275,96.275,96.275,96.275,15
1784765640,96.275,96.275,96.275,96.275,543
1784766840,96.28,96.28,96.28,96.28,1529
1784767020,96.28,96.28,96.28,96.28,963
1784767080,96.28,96.28,96.28,96.28,56
1784769540,96.28,96.28,96.28,96.28,3
1784770980,96.28,96.28,96.28,96.28,450
1784771040,96.285,96.285,96.285,96.285,10
1784771160,96.285,96.285,96.285,96.285,50
1784771700,96.285,96.285,96.285,96.285,300
1784771820,96.285,96.285,96.285,96.285,10
1784772240,96.285,96.285,96.285,96.285,1
1784772540,96.285,96.285,96.285,96.285,9
1784772660,96.28,96.28,96.28,96.28,101
1784773020,96.285,96.285,96.285,96.285,1
1784773080,96.285,96.285,96.285,96.285,3
1784773140,96.285,96.285,96.285,96.285,3
1784773200,96.285,96.285,96.285,96.285,2
1784774280,96.28,96.28,96.28,96.28,100
1784774460,96.285,96.285,96.285,96.285,1
1784775300,96.285,96.285,96.285,96.285,1
1784775420,96.285,96.285,96.285,96.285,5
1784775480,96.285,96.285,96.285,96.285,927
1784775540,96.285,96.285,96.285,96.285,3
1784775660,96.285,96.285,96.285,96.285,313
1784775780,96.285,96.285,96.285,96.285,23
1784775840,96.285,96.285,96.285,96.285,311
1784775900,96.285,96.285,96.285,96.285,600
1784776080,96.285,96.285,96.285,96.285,170
1784776200,96.285,96.285,96.285,96.285,225
1784776260,96.285,96.285,96.285,96.285,39
1784776440,96.285,96.285,96.285,96.285,11
1784777640,96.285,96.285,96.285,96.285,1
1784777820,96.285,96.285,96.285,96.285,227
1784777880,96.285,96.285,96.285,96.285,773
1784778060,96.285,96.285,96.285,96.285,201
1784778120,96.285,96.285,96.285,96.285,51
1784778180,96.285,96.285,96.285,96.285,1
1784778240,96.285,96.285,96.285,96.285,4
1784778360,96.285,96.285,96.285,96.285,2
1784778480,96.285,96.285,96.285,96.285,1
1784778600,96.285,96.285,96.285,96.285,1
1784778960,96.285,96.285,96.285,96.285,1
1784779140,96.285,96.285,96.285,96.285,1
1784779200,96.285,96.285,96.285,96.285,2
1784779320,96.285,96.285,96.285,96.285,1
1784779680,96.285,96.285,96.285,96.285,5
1784779800,96.285,96.285,96.285,96.285,20
1784780700,96.285,96.285,96.285,96.285,300
1784780760,96.285,96.285,96.285,96.285,906
1784780820,96.285,96.285,96.285,96.285,5
1784781660,96.285,96.285,96.285,96.285,3
1784782380,96.285,96.285,96.285,96.285,100
1784782620,96.29,96.29,96.29,96.29,150
1784782980,96.285,96.285,96.285,96.285,100
1784783040,96.29,96.29,96.29,96.29,1
1784784060,96.285,96.285,96.285,96.285,120
1784784420,96.285,96.285,96.285,96.285,50
1784785500,96.285,96.285,96.285,96.285,2
1784785920,96.285,96.285,96.285,96.285,4
1784788860,96.285,96.285,96.285,96.285,57
1784789580,96.285,96.285,96.285,96.285,100
1784790240,96.285,96.285,96.285,96.285,400
1784790540,96.285,96.285,96.285,96.285,1
1784790600,96.285,96.285,96.285,96.285,195
1784791800,96.285,96.285,96.285,96.285,200
1784791920,96.285,96.285,96.285,96.285,31
1784792040,96.285,96.285,96.285,96.285,59
1784792100,96.285,96.285,96.285,96.285,21
1784792460,96.285,96.285,96.285,96.285,734
1784792520,96.285,96.285,96.28,96.285,5072
1784792580,96.28,96.28,96.28,96.28,4
1784792880,96.285,96.285,96.285,96.285,25
1784793360,96.285,96.285,96.285,96.285,930
1784793420,96.285,96.285,96.285,96.285,2173
1784793480,96.285,96.285,96.285,96.285,200
1784793600,96.285,96.285,96.285,96.285,1404
1784793720,96.285,96.285,96.285,96.285,2914
1784794080,96.28,96.285,96.28,96.285,250
1784794920,96.285,96.285,96.285,96.285,2
1784794980,96.285,96.285,96.285,96.285,604
1784795040,96.285,96.285,96.285,96.285,249
1784795160,96.29,96.29,96.29,96.29,75
1784795220,96.29,96.29,96.29,96.29,70
1784795280,96.29,96.29,96.29,96.29,75
1784795340,96.29,96.29,96.29,96.29,75
1784795400,96.29,96.29,96.29,96.29,90
1784795460,96.29,96.29,96.29,96.29,105
1784795520,96.29,96.29,96.285,96.29,651
1784795580,96.29,96.29,96.29,96.29,175
1784795640,96.29,96.29,96.29,96.29,60
1784796240,96.29,96.29,96.29,96.29,11
1784796420,96.29,96.29,96.29,96.29,10
1784796480,96.29,96.29,96.29,96.29,3
1784796720,96.29,96.29,96.29,96.29,2
1784797440,96.285,96.285,96.285,96.285,500
1784797920,96.29,96.29,96.29,96.29,35
1784797980,96.29,96.29,96.29,96.29,175
1784798220,96.29,96.29,96.29,96.29,60
1784799060,96.29,96.29,96.29,96.29,400
1784799480,96.285,96.285,96.285,96.285,29
1784799600,96.285,96.285,96.285,96.285,78
1784800560,96.285,96.285,96.285,96.285,417
1784800620,96.29,96.29,96.29,96.29,4
1784801820,96.285,96.285,96.285,96.285,70
1784802240,96.285,96.285,96.285,96.285,10
1784802360,96.285,96.285,96.285,96.285,5
1784802480,96.285,96.285,96.285,96.285,300
1784802720,96.285,96.285,96.285,96.285,150
1784802960,96.285,96.285,96.285,96.285,5
1784803200,96.29,96.29,96.285,96.285,27
1784803320,96.285,96.285,96.285,96.285,300
1784803920,96.285,96.285,96.285,96.285,899
1784804400,96.285,96.285,96.285,96.285,400
1784804520,96.285,96.285,96.285,96.285,5
1784804820,96.285,96.285,96.285,96.285,257
1784804880,96.285,96.285,96.28,96.28,2546
1784804940,96.285,96.285,96.285,96.285,369
1784805000,96.285,96.285,96.285,96.285,20
1784805060,96.285,96.285,96.285,96.285,1
1784805120,96.285,96.285,96.285,96.285,793
1784805180,96.285,96.285,96.285,96.285,414
1784805420,96.285,96.285,96.285,96.285,472
1784805720,96.28,96.28,96.28,96.28,6
1784806020,96.28,96.28,96.28,96.28,2
1784806080,96.28,96.285,96.28,96.28,750
1784806140,96.28,96.28,96.28,96.28,4211
1784806200,96.28,96.28,96.28,96.28,379
1784806260,96.28,96.28,96.28,96.28,810
1784806320,96.28,96.28,96.28,96.28,3
1784806500,96.28,96.28,96.28,96.28,63
1784806800,96.28,96.28,96.28,96.28,7
1784807340,96.28,96.28,96.28,96.28,4528
1784807400,96.28,96.28,96.28,96.28,1237
1784807460,96.28,96.28,96.28,96.28,225
1784807520,96.28,96.28,96.28,96.28,1904
1784807580,96.28,96.28,96.28,96.28,20
1784807880,96.28,96.28,96.28,96.28,300
1784807940,96.28,96.28,96.28,96.28,4703
1784808000,96.28,96.28,96.28,96.28,1348
1784808060,96.28,96.28,96.28,96.28,147
1784808120,96.28,96.28,96.28,96.28,150
1784808180,96.28,96.28,96.28,96.28,621
1784808240,96.28,96.28,96.28,96.28,300
1784808420,96.28,96.28,96.28,96.28,5488
1784808480,96.28,96.28,96.28,96.28,1158
1784808600,96.28,96.28,96.28,96.28,175
1784808660,96.28,96.28,96.28,96.28,744
1784808720,96.28,96.28,96.28,96.28,9
1784808780,96.28,96.28,96.28,96.28,2010
1784808840,96.28,96.28,96.28,96.28,120
1784808900,96.28,96.28,96.28,96.28,401
1784808960,96.28,96.28,96.28,96.28,295
1784809080,96.28,96.28,96.28,96.28,2
1784809200,96.285,96.285,96.285,96.285,119
1784809380,96.285,96.285,96.285,96.285,100
1784809440,96.28,96.28,96.28,96.28,240
1784809500,96.28,96.28,96.28,96.28,1798
1784809620,96.28,96.28,96.28,96.28,133
1784809680,96.28,96.28,96.28,96.28,450
1784809740,96.28,96.28,96.28,96.28,3
1784809800,96.28,96.28,96.28,96.28,8652
1784809860,96.28,96.28,96.28,96.28,701
1784809920,96.28,96.28,96.28,96.28,885
1784809980,96.28,96.28,96.275,96.28,359
1784810280,96.275,96.275,96.275,96.275,103
1784810460,96.275,96.275,96.275,96.275,1
1784810520,96.275,96.275,96.275,96.275,4
1784810580,96.275,96.275,96.275,96.275,8
1784810640,96.275,96.275,96.275,96.275,7
1784810700,96.28,96.28,96.28,96.28,2
1784810820,96.275,96.275,96.275,96.275,6
1784811060,96.28,96.28,96.28,96.28,500
1784811180,96.28,96.28,96.28,96.28,222
1784811360,96.28,96.28,96.28,96.28,60
1784811420,96.28,96.28,96.28,96.28,1
1784811480,96.28,96.28,96.28,96.28,238
1784811540,96.28,96.28,96.28,96.28,25
1784811600,96.28,96.28,96.28,96.28,2894
1784811660,96.28,96.28,96.28,96.28,200
1784811720,96.28,96.28,96.28,96.28,680
1784811840,96.28,96.28,96.28,96.28,36
1784811960,96.28,96.28,96.28,96.28,8076
1784812020,96.28,96.28,96.28,96.28,35
1784812080,96.28,96.28,96.28,96.28,2214
1784812200,96.28,96.28,96.28,96.28,1000
1784812320,96.28,96.28,96.28,96.28,20
1784812500,96.28,96.28,96.28,96.28,38
1784812560,96.28,96.28,96.28,96.28,5
1784812620,96.285,96.285,96.28,96.28,764
1784812740,96.28,96.28,96.28,96.28,15
1784812800,96.28,96.285,96.28,96.285,14
1784812860,96.28,96.285,96.28,96.285,211
1784813100,96.28,96.285,96.28,96.285,241
1784813760,96.285,96.285,96.285,96.285,100
1784814120,96.285,96.285,96.28,96.28,24
1784814240,96.285,96.285,96.285,96.285,50
1784814480,96.28,96.28,96.28,96.28,997
1784814660,96.28,96.28,96.28,96.28,59
1784814780,96.28,96.28,96.28,96.28,60
1784814840,96.28,96.28,96.28,96.28,3594
1784814900,96.28,96.28,96.28,96.28,1
1784814960,96.28,96.28,96.28,96.28,396
1784815020,96.28,96.28,96.28,96.28,1
1784815080,96.28,96.28,96.28,96.28,50
1784815140,96.275,96.275,96.275,96.275,145
1784815500,96.28,96.28,96.28,96.28,252
1784815560,96.28,96.28,96.28,96.28,3911
1784815740,96.275,96.28,96.275,96.275,176
1784815980,96.28,96.28,96.28,96.28,200
1784816220,96.28,96.28,96.28,96.28,275
1784816280,96.28,96.28,96.28,96.28,250
1784816580,96.28,96.28,96.28,96.28,700
1784816760,96.28,96.28,96.28,96.28,3
1784816820,96.28,96.28,96.28,96.28,200
1784817240,96.28,96.28,96.28,96.28,259
1784817300,96.275,96.275,96.275,96.275,92
1784817420,96.28,96.28,96.28,96.28,50
1784817480,96.28,96.28,96.28,96.28,300
1784817600,96.28,96.28,96.28,96.28,50
1784817780,96.28,96.28,96.28,96.28,500
1784818020,96.28,96.28,96.28,96.28,40
1784818080,96.28,96.28,96.28,96.28,865
1784818440,96.28,96.28,96.28,96.28,2
1784818500,96.28,96.28,96.28,96.28,492
1784818560,96.28,96.28,96.28,96.28,407
1784818680,96.28,96.28,96.28,96.28,19
1784819040,96.28,96.28,96.28,96.28,6257
1784819160,96.28,96.28,96.28,96.28,3594
1784819220,96.28,96.28,96.28,96.28,43
1784819280,96.28,96.28,96.28,96.28,92
1784819340,96.28,96.28,96.28,96.28,1965
1784819400,96.28,96.28,96.28,96.28,408
1784819460,96.28,96.28,96.28,96.28,1335
1784819520,96.28,96.28,96.28,96.28,34
1784819580,96.28,96.28,96.28,96.28,10
1784819640,96.28,96.28,96.28,96.28,77
1784819700,96.28,96.28,96.28,96.28,680
1784819760,96.28,96.28,96.28,96.28,60
1784819880,96.28,96.28,96.28,96.28,126
1784819940,96.28,96.28,96.28,96.28,302
1784820120,96.28,96.28,96.28,96.28,868
1784820180,96.28,96.28,96.28,96.28,120
1784820420,96.28,96.28,96.28,96.28,296
1784820480,96.28,96.28,96.28,96.28,861
1784820540,96.28,96.28,96.28,96.28,53
1784820600,96.28,96.28,96.28,96.28,1866
1784820660,96.28,96.28,96.28,96.28,311
1784820840,96.28,96.28,96.28,96.28,23
1784821020,96.28,96.28,96.28,96.28,451
1784821080,96.28,96.28,96.28,96.28,120
1784821140,96.28,96.28,96.28,96.28,17
1784821200,96.28,96.28,96.28,96.28,406
1784821320,96.28,96.28,96.28,96.28,5
1784821380,96.28,96.28,96.28,96.28,207
1784821500,96.28,96.28,96.28,96.28,2
1784821680,96.28,96.28,96.28,96.28,200
1784821740,96.28,96.28,96.28,96.28,250
1784821800,96.28,96.28,96.28,96.28,21
1784821860,96.275,96.28,96.275,96.28,35
1784822280,96.28,96.28,96.28,96.28,99
1784822340,96.28,96.28,96.28,96.28,75
1784822820,96.275,96.275,96.275,96.275,4
1784822940,96.28,96.28,96.28,96.28,100
1784823060,96.28,96.28,96.28,96.28,25
1784823180,96.275,96.275,96.275,96.275,14
1784823240,96.28,96.28,96.28,96.28,50
1784823480,96.275,96.275,96.275,96.275,14
1784823600,96.28,96.28,96.28,96.28,3
1784823660,96.28,96.28,96.28,96.28,6
1784823900,96.28,96.28,96.28,96.28,6
1784823960,96.28,96.28,96.275,96.275,123
1784824080,96.28,96.28,96.28,96.28,150
1784824260,96.28,96.28,96.28,96.28,49
1784824500,96.28,96.28,96.28,96.28,1
1784824680,96.28,96.28,96.28,96.28,1000
1784825100,96.275,96.275,96.275,96.275,51
1784825280,96.28,96.28,96.28,96.28,250
1784825400,96.28,96.285,96.28,96.28,6562
1784825520,96.28,96.28,96.28,96.28,250
1784826060,96.285,96.285,96.285,96.285,250
1784826240,96.285,96.285,96.285,96.285,22
1784826420,96.28,96.28,96.28,96.28,8013
1784826480,96.28,96.285,96.28,96.285,290
1784826540,96.28,96.28,96.28,96.28,1038
1784826600,96.28,96.28,96.28,96.28,60
1784826840,96.28,96.28,96.28,96.28,3
1784827440,96.28,96.28,96.28,96.28,2125
1784827500,96.28,96.28,96.28,96.28,300
1784827620,96.28,96.28,96.28,96.28,3
1784827680,96.28,96.28,96.28,96.28,1
1784828460,96.28,96.28,96.28,96.28,49
1784828580,96.28,96.28,96.28,96.28,1
1784828640,96.28,96.28,96.28,96.28,4
1784828820,96.28,96.28,96.28,96.28,1604
1784829120,96.28,96.28,96.28,96.28,113
1784829180,96.28,96.28,96.28,96.28,1138
1784829300,96.28,96.28,96.28,96.28,989
1784829360,96.28,96.28,96.28,96.28,238
1784829420,96.28,96.28,96.28,96.28,389
1784829540,96.28,96.28,96.28,96.28,13
1784829600,96.28,96.28,96.28,96.28,4997
1784829840,96.285,96.285,96.285,96.285,1
1784830080,96.285,96.285,96.28,96.28,89
1784830260,96.285,96.285,96.285,96.285,1
1784830620,96.285,96.285,96.285,96.285,240
1784830800,96.285,96.285,96.285,96.285,300
1784831400,96.285,96.285,96.285,96.285,30
1784831460,96.285,96.285,96.285,96.285,300
1784831580,96.285,96.285,96.285,96.285,81
1784831640,96.285,96.285,96.285,96.285,3
1784831760,96.285,96.285,96.285,96.285,15
1784831820,96.285,96.285,96.285,96.285,34
1784831940,96.285,96.285,96.285,96.285,30
1784832300,96.285,96.285,96.285,96.285,141
1784832540,96.285,96.285,96.285,96.285,100
1784833140,96.285,96.285,96.285,96.285,5
1784833320,96.285,96.285,96.285,96.285,100
1784833380,96.28,96.28,96.28,96.28,400
1784834460,96.285,96.285,96.285,96.285,12
1784834820,96.28,96.28,96.28,96.28,1
1784834940,96.28,96.28,96.28,96.28,1
1784835000,96.28,96.285,96.28,96.285,1001
1784835240,96.285,96.285,96.285,96.285,3
1784835360,96.285,96.285,96.285,96.285,391
1784835480,96.285,96.285,96.285,96.285,300
1784835540,96.285,96.285,96.285,96.285,153
1784835720,96.285,96.285,96.28,96.285,912
1784835780,96.285,96.285,96.285,96.285,50
1784835840,96.285,96.285,96.285,96.285,43
1784835960,96.285,96.285,96.285,96.285,2
1784836080,96.28,96.285,96.28,96.285,350
1784836260,96.285,96.285,96.285,96.285,250
1784836500,96.285,96.285,96.285,96.285,600
1784836620,96.285,96.285,96.285,96.285,512
1784836680,96.285,96.285,96.285,96.285,16
1784836800,96.285,96.285,96.285,96.285,4
1784836860,96.28,96.28,96.28,96.28,1
1784836920,96.285,96.285,96.285,96.285,15
1784837160,96.285,96.285,96.285,96.285,301
1784837400,96.285,96.285,96.285,96.285,7
1784837460,96.28,96.28,96.28,96.28,50
1784837520,96.285,96.285,96.285,96.285,10
1784837580,96.285,96.285,96.285,96.285,25
1784837640,96.28,96.285,96.28,96.285,54
1784837760,96.285,96.285,96.285,96.285,3
1784837880,96.28,96.28,96.28,96.28,13
1784837940,96.285,96.285,96.285,96.285,6
1784838240,96.285,96.285,96.285,96.285,50
1784838300,96.285,96.285,96.285,96.285,15
1784838420,96.285,96.285,96.285,96.285,1783
1784838540,96.285,96.29,96.285,96.285,4521
1784838600,96.285,96.285,96.285,96.285,119
1784838900,96.285,96.285,96.285,96.285,212
1784839020,96.285,96.285,96.285,96.285,126
1784839380,96.285,96.285,96.285,96.285,100
1784839620,96.285,96.285,96.285,96.285,28
1784839800,96.29,96.29,96.29,96.29,75
1784839860,96.285,96.285,96.285,96.285,10
1784839980,96.285,96.285,96.285,96.285,50
1784840160,96.285,96.285,96.285,96.285,3
1784840280,96.285,96.29,96.285,96.29,52
1784840340,96.29,96.29,96.285,96.285,1013
1784844000,96.285,96.285,96.285,96.285,1
1784844540,96.285,96.285,96.285,96.285,8
1784846040,96.285,96.285,96.285,96.285,1404
1784849340,96.285,96.285,96.285,96.285,11
1784853600,96.285,96.285,96.285,96.285,540
1784854140,96.285,96.285,96.285,96.285,6
1784854800,96.285,96.285,96.285,96.285,4
1784855160,96.285,96.29,96.285,96.29,709
1784855220,96.285,96.285,96.285,96.285,18
1784856000,96.285,96.285,96.285,96.285,7
1784857200,96.285,96.285,96.285,96.285,100
1784858460,96.28,96.28,96.28,96.28,1
1784858580,96.285,96.285,96.285,96.285,18
1784858640,96.28,96.28,96.28,96.28,1
1784858700,96.28,96.28,96.28,96.28,1
1784859600,96.28,96.28,96.28,96.28,3
1784859960,96.28,96.28,96.28,96.28,19
1784862960,96.285,96.285,96.285,96.285,2576
1784863080,96.285,96.285,96.285,96.285,360
1784863140,96.285,96.285,96.285,96.285,100
1784863380,96.285,96.285,96.285,96.285,104
1784863920,96.285,96.285,96.285,96.285,525
1784863980,96.285,96.285,96.285,96.285,1
1784864040,96.285,96.285,96.285,96.285,211
1784864220,96.285,96.285,96.285,96.285,22
1784865720,96.285,96.285,96.285,96.285,1
1784866860,96.285,96.285,96.285,96.285,10
1784868480,96.29,96.29,96.29,96.29,15
1784868720,96.285,96.285,96.285,96.285,400
1784869680,96.285,96.285,96.285,96.285,225
1784869920,96.285,96.285,96.285,96.285,85
1784870820,96.285,96.285,96.285,96.285,3
1784871180,96.285,96.285,96.285,96.285,305
1784871240,96.285,96.285,96.285,96.285,305
1784871660,96.285,96.285,96.285,96.285,6
1784871780,96.29,96.29,96.29,96.29,1002
1784872140,96.29,96.29,96.29,96.29,18
1784873940,96.29,96.29,96.29,96.29,29
1784874060,96.29,96.29,96.29,96.29,400
1784874300,96.29,96.29,96.29,96.29,1298
1784874600,96.29,96.29,96.29,96.29,50
1784874660,96.29,96.29,96.29,96.29,100
1784874780,96.29,96.29,96.29,96.29,250
1784875200,96.29,96.29,96.29,96.29,2
1784876580,96.29,96.29,96.29,96.29,25
1784876700,96.29,96.29,96.29,96.29,100
1784876820,96.29,96.29,96.29,96.29,189
1784877180,96.29,96.29,96.29,96.29,250
1784877240,96.29,96.29,96.29,96.29,751
1784877420,96.29,96.29,96.29,96.29,1
1784877540,96.29,96.29,96.29,96.29,1362
1784877600,96.29,96.295,96.29,96.295,3139
1784877720,96.295,96.295,96.295,96.295,1200
1784877780,96.295,96.295,96.295,96.295,160
1784877840,96.295,96.295,96.295,96.295,531
1784877900,96.295,96.295,96.295,96.295,100
1784877960,96.295,96.3,96.295,96.295,731
1784878020,96.3,96.3,96.3,96.3,50
1784878080,96.3,96.3,96.3,96.3,300
1784878140,96.3,96.3,96.3,96.3,120
1784878200,96.3,96.3,96.3,96.3,135
1784878260,96.3,96.3,96.3,96.3,804
1784878320,96.3,96.3,96.3,96.3,294
1784878560,96.3,96.3,96.3,96.3,150
1784878680,96.3,96.3,96.3,96.3,8
1784878800,96.295,96.295,96.295,96.295,3
1784878860,96.295,96.295,96.295,96.295,100
1784878980,96.295,96.295,96.295,96.295,2200
1784879100,96.295,96.295,96.295,96.295,3
1784879160,96.295,96.295,96.295,96.295,1
1784879340,96.295,96.295,96.295,96.295,560
1784879400,96.295,96.295,96.295,96.295,640
1784879520,96.295,96.295,96.295,96.295,100
1784879580,96.295,96.295,96.295,96.295,300
1784879700,96.295,96.295,96.295,96.295,1
1784879760,96.295,96.295,96.295,96.295,2950
1784880240,96.295,96.295,96.295,96.295,250
1784881200,96.295,96.295,96.295,96.295,400
1784881260,96.295,96.295,96.295,96.295,6
1784881320,96.295,96.295,96.295,96.295,73
1784881560,96.295,96.295,96.295,96.295,50
1784882220,96.3,96.3,96.3,96.3,3
1784882280,96.3,96.3,96.3,96.3,100
1784883180,96.3,96.3,96.3,96.3,500
1784883600,96.3,96.3,96.3,96.3,51
1784883660,96.3,96.3,96.3,96.3,1
1784883720,96.3,96.3,96.3,96.3,1
1784883780,96.3,96.3,96.3,96.3,1464
1784883840,96.3,96.3,96.3,96.3,501
1784883900,96.3,96.3,96.3,96.3,255
1784883960,96.3,96.3,96.3,96.3,330
1784884020,96.3,96.3,96.3,96.3,100
1784884080,96.3,96.3,96.3,96.3,1
1784884500,96.3,96.3,96.3,96.3,1
1784884620,96.3,96.3,96.3,96.3,200
1784885280,96.3,96.3,96.3,96.3,1
1784885460,96.3,96.3,96.3,96.3,101
1784886420,96.3,96.3,96.3,96.3,500
1784887320,96.3,96.3,96.3,96.3,258
1784887440,96.3,96.3,96.3,96.3,1
1784888100,96.3,96.3,96.3,96.3,9749
1784888160,96.3,96.3,96.3,96.3,1558
1784888220,96.3,96.3,96.3,96.3,150
1784888280,96.3,96.3,96.3,96.3,537
1784888340,96.3,96.3,96.3,96.3,120
1784888460,96.3,96.3,96.3,96.3,653
1784888520,96.3,96.3,96.3,96.3,10
1784888640,96.3,96.3,96.3,96.3,967
1784889300,96.3,96.3,96.3,96.3,200
1784889540,96.295,96.295,96.295,96.295,3
1784889960,96.295,96.295,96.295,96.295,20
1784890020,96.295,96.295,96.295,96.295,88
1784890080,96.295,96.295,96.29,96.29,3333
1784890140,96.29,96.29,96.29,96.29,3554
1784890200,96.29,96.29,96.29,96.29,250
1784890260,96.29,96.29,96.29,96.29,500
1784891040,96.29,96.29,96.29,96.29,32
1784891100,96.29,96.29,96.29,96.29,60
1784892180,96.29,96.29,96.29,96.29,8086
1784892240,96.29,96.29,96.29,96.29,397
1784892300,96.29,96.29,96.29,96.29,1080
1784892420,96.29,96.29,96.29,96.29,30
1784892660,96.29,96.29,96.29,96.29,99
1784892720,96.29,96.29,96.29,96.29,1375
1784892780,96.29,96.29,96.29,96.29,172
1784892840,96.285,96.285,96.285,96.285,1
1784892900,96.29,96.29,96.29,96.29,20
1784892960,96.29,96.29,96.29,96.29,600
1784893020,96.29,96.29,96.29,96.29,1829
1784893080,96.29,96.29,96.29,96.29,189
1784893140,96.29,96.29,96.29,96.29,1
1784893320,96.29,96.29,96.29,96.29,631
1784893440,96.29,96.29,96.29,96.29,16
1784893620,96.29,96.29,96.29,96.29,100
1784893680,96.29,96.29,96.29,96.29,7
1784893740,96.29,96.29,96.29,96.29,423
1784893800,96.29,96.29,96.29,96.29,763
1784894280,96.285,96.29,96.285,96.29,6136
1784894340,96.29,96.29,96.29,96.29,3596
1784894400,96.285,96.285,96.285,96.285,1
1784894460,96.29,96.29,96.29,96.29,3
1784894580,96.29,96.29,96.29,96.29,13
1784894640,96.29,96.29,96.29,96.29,4
1784894700,96.29,96.29,96.285,96.285,8049
1784894760,96.285,96.285,96.285,96.285,1340
1784894820,96.285,96.285,96.285,96.285,373
1784894880,96.285,96.285,96.285,96.285,120
1784894940,96.285,96.285,96.285,96.285,775
1784895000,96.285,96.285,96.285,96.285,32
1784895060,96.285,96.285,96.285,96.285,1655
1784895120,96.29,96.29,96.29,96.29,34
1784895180,96.285,96.29,96.285,96.29,3259
1784895240,96.285,96.285,96.285,96.285,2200
1784895300,96.285,96.29,96.285,96.29,11588
1784895360,96.29,96.295,96.29,96.295,1204
1784895420,96.295,96.295,96.29,96.29,3164
1784895480,96.285,96.285,96.285,96.285,200
1784895540,96.285,96.285,96.285,96.285,1400
1784895600,96.285,96.29,96.285,96.285,1311
1784895660,96.285,96.29,96.285,96.29,352
1784895720,96.29,96.29,96.29,96.29,4
1784895780,96.29,96.29,96.29,96.29,4
1784895900,96.285,96.285,96.285,96.285,3737
1784895960,96.285,96.285,96.285,96.285,299
1784896020,96.285,96.285,96.285,96.285,1487
1784896080,96.285,96.285,96.285,96.285,1121
1784896140,96.285,96.285,96.285,96.285,1301
1784896260,96.29,96.29,96.29,96.29,1
1784896560,96.29,96.29,96.29,96.29,2
1784896620,96.285,96.285,96.285,96.285,30
1784896680,96.285,96.285,96.285,96.285,25
1784896980,96.285,96.285,96.285,96.285,25
1784897040,96.29,96.29,96.29,96.29,4
1784897220,96.285,96.285,96.285,96.285,3
1784897340,96.29,96.29,96.29,96.29,2
1784897460,96.285,96.285,96.285,96.285,125
1784897640,96.285,96.285,96.285,96.285,2
1784897940,96.29,96.29,96.29,96.29,5081
1784898000,96.29,96.29,96.29,96.29,5221
1784898060,96.29,96.29,96.29,96.29,857
1784898120,96.29,96.29,96.29,96.29,120
1784898240,96.29,96.29,96.29,96.29,3
1784898300,96.29,96.29,96.29,96.29,409
1784898420,96.29,96.29,96.29,96.29,900
1784898480,96.29,96.29,96.29,96.29,479
1784898600,96.29,96.29,96.29,96.29,1225
1784898660,96.29,96.29,96.29,96.29,500
1784898720,96.29,96.29,96.29,96.29,3
1784898780,96.29,96.29,96.29,96.29,4
1784899440,96.285,96.285,96.285,96.285,24
1784899500,96.29,96.29,96.29,96.29,245
1784900040,96.29,96.29,96.29,96.29,43
1784900100,96.285,96.285,96.285,96.285,1
1784900160,96.29,96.29,96.29,96.29,500
1784900400,96.29,96.29,96.29,96.29,13
1784900520,96.29,96.29,96.29,96.29,3
1784900580,96.29,96.29,96.29,96.29,96
1784900640,96.29,96.29,96.29,96.29,4
1784900700,96.285,96.285,96.285,96.285,3619
1784900760,96.285,96.285,96.285,96.285,503
1784900820,96.285,96.285,96.285,96.285,5
1784900880,96.285,96.285,96.285,96.285,750
1784900940,96.285,96.285,96.285,96.285,300
1784901000,96.285,96.285,96.285,96.285,1224
1784901060,96.285,96.285,96.28,96.285,432
1784901120,96.285,96.29,96.285,96.29,226
1784901540,96.29,96.29,96.29,96.29,77
1784901780,96.29,96.29,96.29,96.29,100
1784902020,96.29,96.29,96.29,96.29,100
1784902080,96.29,96.29,96.29,96.29,300
1784902140,96.29,96.29,96.29,96.29,4
1784902440,96.285,96.285,96.285,96.285,1
1784902560,96.29,96.29,96.29,96.29,602
1784902980,96.29,96.29,96.29,96.29,400
1784903040,96.285,96.285,96.285,96.285,1
1784903100,96.29,96.29,96.29,96.29,600
1784903160,96.285,96.285,96.285,96.285,3
1784903220,96.285,96.29,96.285,96.29,2
1784903280,96.285,96.285,96.285,96.285,1
1784903340,96.285,96.285,96.285,96.285,3
1784903460,96.285,96.285,96.285,96.285,136
1784903820,96.29,96.29,96.29,96.29,7
1784903880,96.285,96.285,96.285,96.285,7
1784903940,96.29,96.29,96.285,96.285,51
1784904000,96.29,96.29,96.29,96.29,500
1784904240,96.285,96.285,96.285,96.285,410
1784904540,96.285,96.285,96.285,96.285,36
1784904720,96.285,96.285,96.285,96.285,56
1784904780,96.285,96.285,96.285,96.285,3
1784904840,96.285,96.285,96.285,96.285,6031
1784904900,96.285,96.285,96.285,96.285,351
1784904960,96.285,96.285,96.285,96.285,169
1784905020,96.285,96.285,96.285,96.285,1280
1784905080,96.285,96.285,96.285,96.285,150
1784905140,96.285,96.285,96.285,96.285,2
1784905200,96.285,96.285,96.285,96.285,200
1784905380,96.28,96.285,96.28,96.285,157
1784905500,96.285,96.285,96.285,96.285,200
1784905620,96.285,96.285,96.285,96.285,170
1784905680,96.285,96.285,96.285,96.285,370
1784905740,96.285,96.285,96.285,96.285,1250
1784905800,96.285,96.285,96.285,96.285,500
1784905860,96.29,96.29,96.29,96.29,90
1784905920,96.285,96.285,96.285,96.285,4480
1784906040,96.285,96.285,96.285,96.285,1649
1784906100,96.285,96.285,96.285,96.285,93
1784906160,96.29,96.29,96.29,96.29,10910
1784906220,96.29,96.29,96.29,96.29,6347
1784906280,96.29,96.29,96.29,96.29,89
1784906340,96.29,96.29,96.29,96.29,4069
1784906400,96.29,96.29,96.29,96.29,1196
1784906460,96.295,96.295,96.295,96.295,50
1784906520,96.295,96.295,96.295,96.295,24
1784906760,96.29,96.295,96.29,96.295,3
1784906820,96.29,96.29,96.29,96.29,17
1784906880,96.29,96.29,96.29,96.29,2
1784906940,96.29,96.29,96.29,96.29,1000
1784907000,96.295,96.295,96.29,96.29,51
1784907060,96.29,96.29,96.29,96.29,100
1784907120,96.29,96.29,96.29,96.29,16
1784907240,96.29,96.29,96.29,96.29,4
1784907360,96.295,96.295,96.295,96.295,500
1784907420,96.295,96.295,96.295,96.295,100
1784907540,96.295,96.295,96.295,96.295,90
1784907600,96.295,96.295,96.295,96.295,43
1784907960,96.295,96.295,96.295,96.295,50
1784908140,96.29,96.29,96.29,96.29,98
1784908380,96.295,96.295,96.295,96.295,50
1784908560,96.295,96.295,96.295,96.295,490
1784908800,96.29,96.29,96.29,96.29,100
1784908980,96.29,96.29,96.29,96.29,100
1784909040,96.29,96.29,96.285,96.29,4537
1784909100,96.29,96.29,96.29,96.29,224
1784909160,96.29,96.29,96.29,96.29,123
1784909220,96.29,96.29,96.29,96.29,778
1784909280,96.29,96.29,96.29,96.29,251
1784909340,96.29,96.29,96.29,96.29,43
1784909400,96.29,96.29,96.29,96.29,12
1784909760,96.29,96.29,96.29,96.29,200
1784909820,96.29,96.29,96.29,96.29,1220
1784909880,96.29,96.29,96.29,96.29,725
1784909940,96.29,96.29,96.29,96.29,2
1784910060,96.29,96.29,96.29,96.29,555
1784910120,96.29,96.29,96.29,96.29,43
1784910240,96.29,96.29,96.29,96.29,600
1784910420,96.29,96.29,96.29,96.29,304
1784910480,96.29,96.29,96.29,96.29,10
1784910600,96.29,96.29,96.29,96.29,1
1784910660,96.29,96.29,96.29,96.29,5
1784911380,96.29,96.29,96.29,96.29,1
1784911860,96.29,96.29,96.29,96.29,35
1784912160,96.285,96.285,96.285,96.285,100
1784912640,96.29,96.29,96.285,96.285,255
1784912700,96.285,96.285,96.285,96.285,1
1784912880,96.285,96.285,96.285,96.285,181
1784913000,96.285,96.285,96.28,96.28,6849
1784913060,96.285,96.285,96.285,96.285,720
1784913360,96.285,96.285,96.285,96.285,50
1784913540,96.28,96.28,96.28,96.28,101
1784913600,96.28,96.28,96.28,96.28,52
1784913660,96.28,96.28,96.28,96.28,512
1784914140,96.285,96.285,96.285,96.285,9531
1784914260,96.285,96.285,96.285,96.285,1568
1784914380,96.285,96.285,96.285,96.285,2042
1784914440,96.285,96.285,96.285,96.285,252
1784914500,96.28,96.28,96.275,96.275,26801
1784914740,96.28,96.28,96.28,96.28,50
1784914800,96.275,96.275,96.275,96.275,200
1784915100,96.28,96.28,96.28,96.28,100
1784915160,96.28,96.28,96.28,96.28,200
1784915220,96.28,96.28,96.28,96.28,259
1784915280,96.28,96.285,96.28,96.28,6333
1784915340,96.28,96.28,96.28,96.28,170
1784915460,96.28,96.28,96.28,96.28,31
1784915520,96.28,96.28,96.28,96.28,75
1784915580,96.28,96.28,96.28,96.28,5
1784915640,96.28,96.28,96.28,96.28,240
1784915700,96.28,96.28,96.28,96.28,50
1784915760,96.28,96.28,96.28,96.28,28
1784915940,96.28,96.28,96.28,96.28,22
1784916000,96.28,96.28,96.28,96.28,7
1784916240,96.28,96.28,96.28,96.28,338
1784916300,96.28,96.28,96.28,96.28,72
1784916360,96.28,96.28,96.28,96.28,564
1784916420,96.28,96.28,96.28,96.28,75
1784916480,96.28,96.28,96.28,96.28,129
1784916540,96.28,96.28,96.28,96.28,1350
1784916600,96.28,96.28,96.28,96.28,493
1784916720,96.28,96.28,96.28,96.28,955
1784916780,96.28,96.28,96.28,96.28,1
1784916900,96.28,96.28,96.28,96.28,30
1784916960,96.28,96.28,96.28,96.28,5
1784917020,96.28,96.28,96.28,96.28,50
1784917080,96.28,96.28,96.28,96.28,65
1784917620,96.28,96.28,96.28,96.28,20
1784917800,96.28,96.28,96.28,96.28,2
1784918160,96.275,96.275,96.275,96.275,50
1784918880,96.28,96.28,96.28,96.28,150
1784919240,96.275,96.275,96.275,96.275,1
1784919300,96.28,96.28,96.28,96.28,1
1784919540,96.275,96.28,96.275,96.275,18
1784919660,96.28,96.28,96.28,96.28,2
1784919960,96.28,96.28,96.28,96.28,2000
1784920620,96.275,96.275,96.275,96.275,14
1784921340,96.275,96.275,96.275,96.275,23
1784921700,96.28,96.28,96.28,96.28,200
1784921760,96.28,96.28,96.28,96.28,150
1784921820,96.28,96.28,96.28,96.28,10
1784922000,96.275,96.275,96.275,96.275,2
1784922060,96.28,96.28,96.275,96.275,661
1784922240,96.28,96.28,96.28,96.28,5
1784922360,96.28,96.28,96.28,96.28,20
1784922420,96.28,96.28,96.28,96.28,2
1784922960,96.28,96.28,96.28,96.28,35
1784923020,96.28,96.28,96.28,96.28,10
1784923080,96.28,96.28,96.28,96.28,35
1784923200,96.28,96.28,96.28,96.28,5
1784923260,96.275,96.275,96.275,96.275,3
1784923740,96.275,96.275,96.275,96.275,128
1784924940,96.28,96.28,96.28,96.28,1
1784925000,96.275,96.275,96.275,96.275,99
1784925120,96.275,96.275,96.275,96.275,5
1784925240,96.275,96.275,96.275,96.275,1
1784925300,96.28,96.28,96.28,96.28,5
1784925900,96.275,96.275,96.275,96.275,8
1784925960,96.275,96.275,96.275,96.275,806
1784926020,96.28,96.28,96.28,96.28,50
1784926260,96.275,96.275,96.275,96.275,351
1784926380,96.275,96.275,96.275,96.275,26
1784926440,96.275,96.275,96.275,96.275,95
1784926500,96.275,96.275,96.275,96.275,448
1784926560,96.275,96.275,96.275,96.275,6
1784926620,96.275,96.275,96.275,96.275,297
1784926680,96.275,96.28,96.275,96.28,239
1784926740,96.275,96.28,96.275,96.275,1080
1785103200,96.295,96.3,96.29,96.29,7242
1785103260,96.295,96.295,96.295,96.295,657
1785103320,96.295,96.295,96.295,96.295,1175
1785103380,96.295,96.295,96.295,96.295,98
1785103440,96.295,96.295,96.29,96.295,1124
1785103500,96.295,96.295,96.295,96.295,219
1785103560,96.29,96.29,96.29,96.29,8426
1785103620,96.29,96.29,96.285,96.29,6382
1785103680,96.29,96.29,96.29,96.29,73
1785103740,96.29,96.29,96.285,96.285,526
1785103800,96.29,96.29,96.285,96.29,218
1785103860,96.285,96.285,96.285,96.285,5
1785103920,96.285,96.285,96.285,96.285,125
1785103980,96.285,96.285,96.285,96.285,2966
1785104040,96.285,96.285,96.285,96.285,1409
1785104100,96.285,96.285,96.285,96.285,130
1785104160,96.285,96.285,96.285,96.285,5
1785104220,96.29,96.29,96.29,96.29,200
1785104280,96.285,96.285,96.285,96.285,6
1785104340,96.285,96.285,96.285,96.285,5
1785104400,96.285,96.285,96.285,96.285,6
1785104460,96.285,96.285,96.285,96.285,131
1785104520,96.285,96.285,96.285,96.285,5
1785104580,96.285,96.29,96.285,96.29,1006
1785104640,96.285,96.285,96.285,96.285,3
1785104700,96.285,96.285,96.285,96.285,6
1785104760,96.285,96.285,96.285,96.285,5
1785104820,96.285,96.285,96.285,96.285,6
1785104880,96.285,96.285,96.285,96.285,6
1785104940,96.285,96.285,96.285,96.285,5
1785105000,96.285,96.285,96.285,96.285,6
1785105060,96.285,96.285,96.285,96.285,5
1785105120,96.285,96.285,96.285,96.285,6
1785105180,96.285,96.285,96.285,96.285,6
1785105240,96.285,96.285,96.285,96.285,5
1785105300,96.285,96.285,96.285,96.285,6
1785105360,96.285,96.285,96.285,96.285,5
1785105420,96.285,96.285,96.285,96.285,6
1785105480,96.285,96.285,96.285,96.285,6
1785105540,96.285,96.285,96.285,96.285,5
1785105600,96.285,96.285,96.285,96.285,6
1785105660,96.285,96.285,96.285,96.285,1257
1785105720,96.285,96.285,96.285,96.285,6
1785105780,96.285,96.285,96.285,96.285,5
1785105840,96.285,96.285,96.285,96.285,6
1785105900,96.285,96.29,96.285,96.29,206
1785105960,96.285,96.285,96.285,96.285,5
1785106020,96.285,96.285,96.285,96.285,6
1785106080,96.285,96.285,96.285,96.285,5
1785106140,96.285,96.285,96.285,96.285,6
1785106200,96.285,96.285,96.285,96.285,6
1785106260,96.285,96.285,96.285,96.285,5
1785106320,96.285,96.285,96.285,96.285,6
1785106380,96.29,96.29,96.285,96.285,6
1785106440,96.285,96.29,96.285,96.29,206
1785106500,96.285,96.285,96.285,96.285,5
1785106560,96.29,96.29,96.285,96.285,106
1785106620,96.285,96.285,96.285,96.285,6
1785106680,96.285,96.285,96.285,96.285,5
1785106740,96.285,96.285,96.285,96.285,6
1785106800,96.285,96.285,96.285,96.285,5
1785106860,96.285,96.285,96.285,96.285,6
1785106920,96.285,96.285,96.285,96.285,6
1785106980,96.285,96.285,96.285,96.285,5
1785107040,96.285,96.285,96.285,96.285,6
1785107100,96.285,96.285,96.285,96.285,5
1785107160,96.285,96.285,96.285,96.285,6
1785107220,96.285,96.285,96.285,96.285,6
1785107280,96.285,96.285,96.285,96.285,5
1785107340,96.285,96.285,96.285,96.285,6
1785107400,96.285,96.285,96.285,96.285,5
1785107460,96.285,96.285,96.285,96.285,56
1785107520,96.285,96.285,96.285,96.285,5
1785107580,96.285,96.285,96.285,96.285,6
1785107640,96.285,96.285,96.285,96.285,6
1785107700,96.285,96.285,96.285,96.285,5
1785107760,96.285,96.285,96.285,96.285,6
1785107820,96.285,96.285,96.285,96.285,5
1785107880,96.285,96.285,96.285,96.285,6
1785107940,96.285,96.285,96.285,96.285,6
1785108000,96.285,96.285,96.285,96.285,5
1785108060,96.285,96.285,96.285,96.285,7
1785108120,96.285,96.285,96.285,96.285,5
1785108180,96.285,96.285,96.285,96.285,6
1785108240,96.285,96.285,96.285,96.285,6
1785108300,96.285,96.285,96.285,96.285,6
1785108360,96.285,96.285,96.285,96.285,6
1785108420,96.285,96.29,96.285,96.29,11
1785108480,96.285,96.285,96.285,96.285,6
1785108540,96.285,96.285,96.285,96.285,5
1785108600,96.285,96.285,96.285,96.285,6
1785108660,96.285,96.285,96.285,96.285,6
1785108720,96.285,96.285,96.285,96.285,5
1785108780,96.285,96.285,96.285,96.285,6
1785108840,96.285,96.285,96.285,96.285,5
1785108900,96.285,96.285,96.285,96.285,6
1785108960,96.285,96.285,96.285,96.285,6
1785109020,96.285,96.285,96.285,96.285,5
1785109080,96.285,96.285,96.285,96.285,6
1785109140,96.285,96.285,96.285,96.285,5
1785109200,96.285,96.285,96.285,96.285,6
1785109260,96.29,96.29,96.285,96.285,10
1785109320,96.285,96.285,96.285,96.285,6
1785109380,96.285,96.285,96.285,96.285,6
1785109440,96.285,96.285,96.285,96.285,5
1785109500,96.285,96.285,96.285,96.285,6
1785109560,96.285,96.29,96.285,96.29,8
1785109620,96.285,96.285,96.285,96.285,6
1785109680,96.29,96.29,96.285,96.285,10
1785109740,96.285,96.285,96.285,96.285,5
1785109800,96.285,96.285,96.285,96.285,6
1785109860,96.285,96.285,96.285,96.285,5
1785109920,96.285,96.285,96.285,96.285,6
1785109980,96.285,96.285,96.285,96.285,6
1785110040,96.285,96.285,96.285,96.285,5
1785110100,96.285,96.285,96.285,96.285,6
1785110160,96.285,96.285,96.285,96.285,5
1785110220,96.285,96.285,96.285,96.285,6
1785110280,96.285,96.285,96.285,96.285,5
1785110340,96.285,96.29,96.285,96.29,16
1785110400,96.285,96.285,96.285,96.285,6
1785110460,96.29,96.29,96.285,96.285,10
1785110520,96.285,96.285,96.285,96.285,6
1785110580,96.285,96.285,96.285,96.285,5
1785110640,96.285,96.285,96.285,96.285,6
1785110700,96.285,96.285,96.285,96.285,6
1785110760,96.285,96.29,96.285,96.29,10
1785110820,96.285,96.285,96.285,96.285,6
1785110880,96.285,96.285,96.285,96.285,5
1785110940,96.285,96.285,96.285,96.285,6
1785111000,96.285,96.285,96.285,96.285,5
1785111060,96.29,96.29,96.285,96.285,56
1785111120,96.285,96.285,96.285,96.285,6
1785111180,96.285,96.285,96.285,96.285,5
1785111240,96.285,96.285,96.285,96.285,6
1785111300,96.285,96.285,96.285,96.285,5
1785111360,96.285,96.29,96.285,96.29,506
1785111420,96.285,96.285,96.285,96.285,4
1785111480,96.285,96.285,96.285,96.285,5
1785111540,96.285,96.285,96.285,96.285,6
1785111600,96.285,96.29,96.285,96.29,7
1785111660,96.29,96.29,96.285,96.29,8
1785111720,96.285,96.285,96.285,96.285,6
1785111780,96.285,96.285,96.285,96.285,5
1785111840,96.29,96.29,96.285,96.285,16
1785111900,96.285,96.285,96.285,96.285,5
1785111960,96.285,96.285,96.285,96.285,6
1785112020,96.285,96.285,96.285,96.285,5
1785112080,96.285,96.29,96.285,96.29,33
1785112140,96.285,96.29,96.285,96.29,64
1785112200,96.285,96.285,96.285,96.285,5
1785112260,96.285,96.285,96.285,96.285,6
1785112320,96.285,96.285,96.285,96.285,5
1785112380,96.285,96.285,96.285,96.285,6
1785112440,96.285,96.285,96.285,96.285,6
1785112500,96.285,96.285,96.285,96.285,5
1785112560,96.285,96.285,96.285,96.285,6
1785112620,96.285,96.285,96.285,96.285,5
1785112680,96.285,96.285,96.285,96.285,6
1785112740,96.285,96.285,96.285,96.285,5
1785112800,96.285,96.285,96.285,96.285,6
1785112860,96.285,96.285,96.285,96.285,6
1785112920,96.285,96.285,96.285,96.285,5
1785112980,96.285,96.285,96.285,96.285,6
1785113040,96.285,96.285,96.285,96.285,5
1785113100,96.285,96.285,96.285,96.285,6
1785113160,96.285,96.285,96.285,96.285,386
1785113220,96.285,96.285,96.285,96.285,368
1785113280,96.285,96.285,96.285,96.285,6
1785113340,96.285,96.285,96.285,96.285,5
1785113400,96.285,96.285,96.285,96.285,6
1785113460,96.285,96.285,96.285,96.285,6
1785113520,96.285,96.285,96.285,96.285,5
1785113580,96.285,96.285,96.285,96.285,206
1785113640,96.285,96.285,96.285,96.285,205
1785113700,96.285,96.285,96.285,96.285,6
1785113760,96.285,96.285,96.285,96.285,5
1785113820,96.285,96.285,96.285,96.285,206
1785113880,96.285,96.285,96.285,96.285,106
1785113940,96.285,96.285,96.285,96.285,5
1785114000,96.285,96.285,96.285,96.285,6
1785114060,96.285,96.285,96.285,96.285,105
1785114120,96.285,96.285,96.285,96.285,6
1785114180,96.285,96.285,96.285,96.285,6
1785114240,96.285,96.285,96.285,96.285,5
1785114300,96.285,96.285,96.285,96.285,6
1785114360,96.285,96.285,96.285,96.285,5
1785114420,96.285,96.285,96.285,96.285,6
1785114480,96.285,96.285,96.285,96.285,5
1785114900,96.285,96.285,96.285,96.285,55
1785115200,96.285,96.285,96.285,96.285,100
1785115800,96.285,96.285,96.285,96.285,26
1785117660,96.285,96.285,96.285,96.285,26
1785117840,96.29,96.29,96.29,96.29,2
1785118260,96.29,96.29,96.29,96.29,50
1785118980,96.29,96.29,96.29,96.29,170
1785119460,96.285,96.285,96.285,96.285,26
1785121260,96.285,96.285,96.285,96.285,26
1785123060,96.285,96.285,96.285,96.285,26
1785124860,96.285,96.285,96.285,96.285,26
1785126000,96.29,96.29,96.29,96.29,1
1785126240,96.29,96.29,96.29,96.29,365
1785126900,96.29,96.29,96.285,96.29,235
1785127020,96.29,96.29,96.29,96.29,3
1785127320,96.29,96.29,96.285,96.285,132
1785127380,96.29,96.29,96.29,96.29,66
1785127500,96.29,96.29,96.29,96.29,14
1785127800,96.29,96.29,96.285,96.285,110
1785128040,96.29,96.29,96.29,96.29,16
1785128160,96.29,96.29,96.285,96.285,275
1785128220,96.29,96.29,96.285,96.285,353
1785128820,96.29,96.29,96.29,96.29,7928
1785129540,96.29,96.29,96.29,96.29,1000
1785129720,96.29,96.29,96.29,96.29,25
1785129780,96.29,96.29,96.29,96.29,25
1785130620,96.29,96.29,96.29,96.29,26
1785131220,96.295,96.295,96.295,96.295,5
1785131880,96.29,96.29,96.29,96.29,75
1785132480,96.29,96.29,96.29,96.29,26
1785133200,96.29,96.29,96.29,96.29,1250
1785133620,96.295,96.295,96.29,96.295,5355
1785133680,96.295,96.295,96.295,96.295,50
1785133920,96.295,96.295,96.295,96.295,159
1785134160,96.295,96.295,96.295,96.295,36
1785134340,96.295,96.3,96.295,96.295,3053
1785134400,96.295,96.295,96.295,96.295,186
1785134460,96.295,96.295,96.295,96.295,20
1785134580,96.295,96.295,96.295,96.295,2
1785134640,96.295,96.295,96.295,96.295,60
1785134760,96.295,96.295,96.295,96.295,3
1785134880,96.295,96.295,96.295,96.295,906
1785135060,96.295,96.295,96.295,96.295,35
1785135480,96.295,96.295,96.295,96.295,3613
1785135540,96.295,96.295,96.295,96.295,174
1785135600,96.295,96.295,96.295,96.295,1
1785135660,96.295,96.295,96.295,96.295,1135
1785135780,96.295,96.295,96.295,96.295,500
1785135900,96.295,96.295,96.295,96.295,150
1785136260,96.3,96.3,96.3,96.3,104
1785136440,96.295,96.295,96.295,96.295,7760
1785136500,96.295,96.295,96.295,96.295,214
1785136560,96.295,96.295,96.295,96.295,1030
1785136620,96.295,96.295,96.295,96.295,145
1785136680,96.295,96.295,96.295,96.295,750
1785136740,96.295,96.295,96.295,96.295,200
1785136800,96.295,96.295,96.295,96.295,240
1785136860,96.295,96.295,96.295,96.295,10
1785136920,96.295,96.295,96.295,96.295,556
1785136980,96.295,96.295,96.295,96.295,9
1785137100,96.295,96.295,96.295,96.295,214
1785137220,96.295,96.295,96.295,96.295,201
1785137280,96.295,96.295,96.295,96.295,300
1785137340,96.295,96.295,96.295,96.295,208
1785137400,96.295,96.3,96.295,96.295,750
1785137520,96.295,96.295,96.29,96.29,229
1785137580,96.295,96.295,96.295,96.295,697
1785137640,96.295,96.295,96.295,96.295,6
1785137760,96.295,96.295,96.295,96.295,50
1785137820,96.295,96.295,96.29,96.29,376
1785137880,96.295,96.295,96.295,96.295,25
1785137940,96.29,96.29,96.29,96.29,626
1785138000,96.29,96.29,96.29,96.29,447
1785138180,96.295,96.295,96.295,96.295,50
1785138300,96.29,96.295,96.29,96.295,63
1785138540,96.29,96.29,96.29,96.29,17
1785138600,96.295,96.295,96.295,96.295,500
1785138720,96.295,96.295,96.295,96.295,1859
1785138780,96.295,96.295,96.295,96.295,405
1785138840,96.295,96.295,96.295,96.295,22
1785138960,96.295,96.295,96.295,96.295,1
1785139140,96.295,96.295,96.295,96.295,85
1785139320,96.295,96.295,96.295,96.295,12
1785139380,96.29,96.29,96.29,96.29,480
1785139440,96.29,96.29,96.29,96.29,1440
1785139620,96.29,96.29,96.29,96.29,300
1785139800,96.29,96.29,96.29,96.29,7666
1785139920,96.29,96.29,96.29,96.29,505
1785139980,96.29,96.29,96.29,96.29,116
1785140040,96.29,96.29,96.29,96.29,5
1785140100,96.29,96.29,96.29,96.29,1
1785140160,96.29,96.29,96.29,96.29,268
1785140220,96.29,96.29,96.29,96.29,5
1785140400,96.29,96.29,96.29,96.29,1325
1785140460,96.29,96.29,96.29,96.29,493
1785140520,96.29,96.29,96.29,96.29,372
1785140640,96.29,96.29,96.29,96.29,2
1785140880,96.29,96.29,96.29,96.29,1643
1785141060,96.29,96.29,96.29,96.29,352
1785141180,96.29,96.29,96.29,96.29,181
1785141300,96.29,96.29,96.29,96.29,24
1785141540,96.29,96.29,96.29,96.29,3
1785141600,96.29,96.29,96.29,96.29,4
1785141720,96.29,96.29,96.29,96.29,300
1785141900,96.29,96.29,96.29,96.29,72
1785142020,96.29,96.29,96.29,96.29,17
1785142080,96.29,96.29,96.29,96.29,31
1785142140,96.29,96.29,96.29,96.29,10
1785142200,96.29,96.29,96.29,96.29,609
1785142260,96.29,96.29,96.29,96.29,16
1785142320,96.29,96.29,96.29,96.29,3
1785142380,96.29,96.29,96.29,96.29,20
1785142440,96.29,96.29,96.29,96.29,12
1785142500,96.29,96.29,96.29,96.29,27
1785142740,96.29,96.29,96.29,96.29,359
1785142800,96.29,96.29,96.29,96.29,200
1785142860,96.285,96.285,96.285,96.285,70
1785142980,96.29,96.29,96.29,96.29,18
1785143220,96.29,96.29,96.29,96.29,625
1785143280,96.29,96.29,96.29,96.29,241
1785143340,96.29,96.29,96.29,96.29,613
1785143400,96.29,96.29,96.29,96.29,49
1785143520,96.29,96.29,96.29,96.29,507
1785143640,96.29,96.29,96.29,96.29,564
1785143700,96.29,96.29,96.29,96.29,799
1785143760,96.29,96.29,96.29,96.29,1
1785144060,96.29,96.29,96.29,96.29,50
1785144120,96.29,96.29,96.29,96.29,6
1785145680,96.29,96.29,96.29,96.29,1008
1785146580,96.29,96.29,96.29,96.29,105
1785146760,96.29,96.29,96.29,96.29,34
1785146940,96.29,96.29,96.29,96.29,222
1785147000,96.29,96.29,96.29,96.29,3724
1785147120,96.29,96.29,96.29,96.29,12
1785147180,96.29,96.29,96.29,96.29,714
1785147240,96.29,96.29,96.29,96.29,17
1785147300,96.29,96.29,96.29,96.29,2
1785147360,96.29,96.29,96.29,96.29,4629
1785147420,96.29,96.29,96.29,96.29,20
1785147480,96.29,96.29,96.29,96.29,50
1785147600,96.285,96.285,96.285,96.285,95
1785147720,96.29,96.29,96.29,96.29,27
1785147780,96.285,96.29,96.285,96.29,25
1785148020,96.285,96.285,96.285,96.285,2000
1785148200,96.285,96.285,96.285,96.285,50
1785148260,96.29,96.29,96.29,96.29,9
1785148440,96.29,96.29,96.29,96.29,100
1785148560,96.29,96.29,96.29,96.29,1
1785149160,96.29,96.29,96.29,96.29,600
1785149340,96.29,96.29,96.29,96.29,5
1785149640,96.285,96.285,96.285,96.285,500
1785149820,96.285,96.285,96.285,96.285,1200
1785149880,96.285,96.285,96.285,96.285,185
1785150060,96.285,96.285,96.285,96.285,50
1785150420,96.29,96.29,96.29,96.29,301
1785150600,96.285,96.285,96.285,96.285,3197
1785150660,96.285,96.285,96.285,96.285,50
1785150720,96.285,96.285,96.285,96.285,4599
1785150780,96.285,96.285,96.285,96.285,25
1785150840,96.285,96.285,96.285,96.285,143
1785150900,96.285,96.285,96.285,96.285,26
1785150960,96.285,96.285,96.285,96.285,194
1785151020,96.285,96.285,96.285,96.285,5
1785151080,96.285,96.285,96.285,96.285,2031
1785151140,96.285,96.285,96.285,96.285,260
1785151200,96.285,96.285,96.285,96.285,267
1785151260,96.285,96.285,96.285,96.285,20
1785151380,96.285,96.285,96.285,96.285,270
1785151440,96.285,96.285,96.285,96.285,200
1785151500,96.285,96.285,96.285,96.285,760
1785151560,96.285,96.285,96.285,96.285,408
1785151620,96.285,96.285,96.285,96.285,181
1785151680,96.285,96.285,96.285,96.285,270
1785151740,96.285,96.285,96.285,96.285,501
1785151860,96.285,96.285,96.285,96.285,31
1785151920,96.285,96.285,96.285,96.285,43
1785151980,96.285,96.285,96.285,96.285,25
1785152040,96.285,96.285,96.285,96.285,48
1785152100,96.285,96.285,96.285,96.285,1605
1785152160,96.29,96.29,96.285,96.285,200
1785152400,96.285,96.285,96.285,96.285,300
1785152460,96.285,96.285,96.285,96.285,200
1785152520,96.285,96.285,96.285,96.285,120
1785152820,96.285,96.29,96.285,96.29,800
1785152880,96.29,96.29,96.29,96.29,25
1785153000,96.285,96.285,96.285,96.285,200
1785153360,96.285,96.285,96.285,96.285,202
1785153420,96.285,96.285,96.285,96.285,4
1785153540,96.285,96.285,96.285,96.285,648
1785153600,96.285,96.285,96.285,96.285,100
1785153720,96.285,96.285,96.285,96.285,305
1785154140,96.29,96.29,96.29,96.29,7871
1785154260,96.29,96.29,96.29,96.29,3170
1785154320,96.285,96.285,96.285,96.285,200
1785154380,96.29,96.29,96.29,96.29,3
1785154500,96.29,96.29,96.29,96.29,5
1785154620,96.29,96.29,96.29,96.29,10
1785154800,96.285,96.285,96.285,96.285,2
1785154920,96.285,96.285,96.285,96.285,1929
1785155040,96.29,96.29,96.29,96.29,113
1785155340,96.29,96.29,96.29,96.29,50
1785155400,96.29,96.29,96.29,96.29,48
1785155520,96.29,96.29,96.29,96.29,70
1785156000,96.285,96.285,96.285,96.285,25
1785156120,96.29,96.29,96.29,96.29,2400
1785156180,96.29,96.29,96.29,96.29,2623
1785156300,96.285,96.285,96.285,96.285,200
1785156360,96.29,96.29,96.29,96.29,4
1785156480,96.29,96.29,96.29,96.29,100
1785156900,96.285,96.285,96.285,96.285,242
1785157140,96.285,96.285,96.285,96.285,75
1785157200,96.285,96.285,96.285,96.285,75
1785158220,96.285,96.285,96.285,96.285,100
1785158340,96.285,96.285,96.285,96.285,49
1785158700,96.285,96.285,96.285,96.285,10
1785158760,96.29,96.29,96.285,96.285,738
1785158880,96.285,96.285,96.285,96.285,100
1785158940,96.285,96.285,96.285,96.285,59
1785159060,96.285,96.285,96.285,96.285,2
1785159120,96.285,96.285,96.285,96.285,16704
1785159180,96.285,96.285,96.285,96.285,420
1785159240,96.285,96.285,96.285,96.285,5
1785159360,96.285,96.285,96.285,96.285,5
1785159480,96.285,96.285,96.285,96.285,2
1785159600,96.285,96.285,96.285,96.285,25
1785159840,96.285,96.285,96.285,96.285,240
1785160140,96.28,96.28,96.28,96.28,2
1785160200,96.285,96.285,96.285,96.285,15
1785160380,96.285,96.285,96.285,96.285,1
1785160440,96.28,96.28,96.28,96.28,7908
1785160500,96.28,96.28,96.275,96.275,20
1785160560,96.275,96.275,96.275,96.275,1845
1785160620,96.275,96.275,96.27,96.27,4797
1785160680,96.275,96.275,96.275,96.275,1577
1785160800,96.275,96.275,96.27,96.275,12609
1785160860,96.275,96.275,96.275,96.275,898
1785161040,96.28,96.28,96.28,96.28,200
1785161100,96.28,96.28,96.28,96.28,50
1785161160,96.28,96.28,96.28,96.28,500
1785161280,96.28,96.28,96.28,96.28,50
1785161340,96.28,96.28,96.28,96.28,3186
1785161400,96.28,96.28,96.28,96.28,250
1785161460,96.28,96.28,96.28,96.28,258
1785161520,96.28,96.28,96.28,96.28,25
1785161580,96.28,96.28,96.28,96.28,276
1785161640,96.28,96.28,96.28,96.28,920
1785161820,96.28,96.28,96.28,96.28,746
1785161880,96.28,96.28,96.28,96.28,1
1785161940,96.28,96.28,96.28,96.28,250
1785162000,96.28,96.28,96.28,96.28,5
1785162060,96.28,96.28,96.28,96.28,1361
1785162120,96.28,96.28,96.28,96.28,766
1785162180,96.28,96.28,96.28,96.28,744
1785162240,96.28,96.28,96.28,96.28,614
1785162300,96.28,96.28,96.28,96.28,454
1785162360,96.28,96.28,96.28,96.28,273
1785162420,96.28,96.28,96.28,96.28,552
1785162480,96.28,96.28,96.28,96.28,421
1785162540,96.28,96.28,96.28,96.28,423
1785162600,96.28,96.28,96.28,96.28,212
1785162660,96.28,96.28,96.28,96.28,60
1785162840,96.28,96.28,96.28,96.28,6
1785162960,96.28,96.28,96.28,96.28,763
1785163080,96.28,96.28,96.28,96.28,530
1785163140,96.28,96.28,96.28,96.28,3290
1785163200,96.28,96.28,96.28,96.28,144
1785163260,96.285,96.285,96.28,96.28,605
1785163920,96.28,96.28,96.28,96.28,2
1785163980,96.28,96.28,96.28,96.28,31
1785164040,96.285,96.285,96.28,96.28,293
1785164100,96.28,96.28,96.28,96.28,4912
1785164160,96.28,96.28,96.28,96.28,11
1785164220,96.28,96.28,96.28,96.28,500
1785164340,96.28,96.28,96.28,96.28,1474
1785164400,96.28,96.28,96.28,96.28,639
1785164460,96.28,96.28,96.28,96.28,1109
1785164520,96.28,96.28,96.28,96.28,28
1785164700,96.28,96.28,96.28,96.28,8
1785164820,96.28,96.28,96.28,96.28,100
1785164880,96.285,96.285,96.28,96.28,156
1785165060,96.28,96.28,96.28,96.28,1981
1785165120,96.28,96.28,96.28,96.28,576
1785165180,96.28,96.28,96.28,96.28,1635
1785165240,96.28,96.28,96.28,96.28,500
1785165300,96.28,96.285,96.28,96.285,1198
1785165360,96.285,96.285,96.285,96.285,1401
1785165420,96.285,96.285,96.28,96.28,175
1785165540,96.28,96.28,96.28,96.28,350
1785165660,96.28,96.28,96.28,96.28,564
1785165720,96.285,96.285,96.285,96.285,2
1785165780,96.28,96.28,96.28,96.28,326
1785165900,96.285,96.285,96.28,96.28,666
1785165960,96.28,96.28,96.28,96.28,892
1785166020,96.28,96.28,96.28,96.28,103
1785166080,96.28,96.28,96.28,96.28,2
1785166140,96.28,96.28,96.28,96.28,2
1785166200,96.28,96.28,96.28,96.28,105
1785166260,96.28,96.28,96.28,96.28,5
1785166320,96.28,96.28,96.28,96.28,18
1785166380,96.28,96.28,96.28,96.28,1981
1785166440,96.28,96.28,96.28,96.28,691
1785166500,96.28,96.28,96.28,96.28,443
1785166560,96.28,96.28,96.28,96.28,9
1785166620,96.28,96.28,96.28,96.28,340
1785166740,96.28,96.28,96.28,96.28,1043
1785166860,96.28,96.28,96.28,96.28,1
1785166980,96.28,96.28,96.28,96.28,173
1785167040,96.28,96.28,96.28,96.28,588
1785167100,96.28,96.28,96.28,96.28,152
1785167340,96.28,96.28,96.28,96.28,22
1785167400,96.28,96.28,96.28,96.28,255
1785167520,96.28,96.28,96.275,96.275,631
1785167580,96.28,96.28,96.28,96.28,974
1785167940,96.28,96.28,96.28,96.28,2
1785168060,96.28,96.28,96.28,96.28,12
1785168120,96.28,96.28,96.28,96.28,27
1785168300,96.28,96.28,96.28,96.28,136
1785168360,96.28,96.28,96.28,96.28,4
1785168480,96.28,96.285,96.28,96.285,300
1785168540,96.28,96.28,96.28,96.28,93
1785168600,96.28,96.28,96.28,96.28,65
1785168660,96.28,96.28,96.28,96.28,2
1785168720,96.28,96.28,96.28,96.28,6
1785168780,96.28,96.28,96.28,96.28,9
1785168840,96.28,96.28,96.28,96.28,8
1785168900,96.28,96.28,96.28,96.28,2456
1785168960,96.28,96.28,96.28,96.28,1200
1785169080,96.28,96.28,96.28,96.28,153
1785169140,96.28,96.28,96.28,96.28,100
1785169200,96.28,96.285,96.28,96.28,34
1785169260,96.28,96.28,96.28,96.28,19
1785169320,96.28,96.28,96.28,96.28,20
1785169380,96.28,96.28,96.275,96.275,3927
1785169440,96.28,96.28,96.28,96.28,46
1785169500,96.28,96.285,96.28,96.28,3470
1785169740,96.285,96.285,96.285,96.285,2
1785169800,96.28,96.28,96.28,96.28,26
1785169860,96.28,96.285,96.28,96.285,294
1785169920,96.28,96.28,96.28,96.28,1
1785170040,96.28,96.28,96.28,96.28,1
1785170160,96.285,96.285,96.285,96.285,211
1785170280,96.28,96.28,96.28,96.28,1
1785170460,96.28,96.28,96.28,96.28,19
1785170520,96.285,96.285,96.285,96.285,10
1785170580,96.285,96.285,96.285,96.285,50
1785170640,96.28,96.28,96.28,96.28,1
1785170700,96.28,96.28,96.28,96.28,14
1785170880,96.28,96.28,96.28,96.28,122
1785170940,96.28,96.28,96.28,96.28,67
1785171000,96.28,96.285,96.28,96.28,471
1785171060,96.285,96.285,96.28,96.28,6599
1785171300,96.28,96.28,96.28,96.28,130
1785171420,96.28,96.28,96.28,96.28,3
1785171480,96.28,96.28,96.28,96.28,2
1785171660,96.28,96.28,96.28,96.28,3
1785171780,96.28,96.28,96.28,96.28,30
1785171900,96.275,96.275,96.275,96.275,10
1785172020,96.275,96.275,96.275,96.275,10
1785172320,96.275,96.275,96.275,96.275,2
1785172380,96.275,96.275,96.275,96.275,10
1785172620,96.28,96.28,96.28,96.28,1
1785172920,96.28,96.28,96.28,96.28,253
1785172980,96.28,96.28,96.28,96.28,250
1785173400,96.275,96.275,96.275,96.275,9
1785173460,96.28,96.28,96.275,96.275,6
1785173700,96.275,96.275,96.275,96.275,100
1785173760,96.275,96.275,96.275,96.275,10
1785173820,96.275,96.275,96.275,96.275,59
1785173880,96.275,96.275,96.275,96.275,5
1785173940,96.275,96.275,96.275,96.275,11
1785174060,96.28,96.28,96.28,96.28,5
1785174300,96.275,96.275,96.275,96.275,40
1785174360,96.275,96.275,96.275,96.275,1
1785174480,96.28,96.28,96.28,96.28,1504
1785174960,96.28,96.28,96.28,96.28,192
1785175080,96.275,96.275,96.275,96.275,65
1785175680,96.28,96.28,96.28,96.28,50
1785175860,96.28,96.28,96.28,96.28,600
1785175920,96.28,96.28,96.28,96.28,43
1785176220,96.28,96.28,96.28,96.28,600
1785176280,96.28,96.28,96.28,96.28,1
1785176400,96.28,96.28,96.28,96.28,240
1785176520,96.28,96.28,96.28,96.28,1
1785176880,96.28,96.28,96.28,96.28,11
1785176940,96.28,96.28,96.28,96.28,11
1785177000,96.28,96.28,96.28,96.28,22
1785177060,96.28,96.28,96.28,96.28,191
1785177120,96.28,96.28,96.28,96.28,5
1785177180,96.28,96.28,96.275,96.28,209
1785177300,96.28,96.28,96.28,96.28,12
1785177420,96.28,96.28,96.28,96.28,15
1785177600,96.28,96.28,96.28,96.28,18
1785177780,96.28,96.28,96.28,96.28,376
1785177840,96.28,96.28,96.28,96.28,74
1785177900,96.28,96.28,96.28,96.28,500
1785178020,96.28,96.28,96.28,96.28,36
1785178260,96.28,96.28,96.28,96.28,29
1785178440,96.28,96.28,96.28,96.28,40
1785178680,96.28,96.28,96.28,96.28,25
1785178740,96.28,96.28,96.28,96.28,2
1785178800,96.28,96.28,96.275,96.28,230
1785178920,96.275,96.275,96.275,96.275,2
1785178980,96.28,96.28,96.28,96.28,21
1785179160,96.28,96.28,96.28,96.28,33
1785179280,96.28,96.28,96.28,96.28,400
1785179340,96.28,96.28,96.28,96.28,31
1785179400,96.275,96.275,96.275,96.275,11
1785179520,96.28,96.28,96.28,96.28,37
1785179580,96.275,96.275,96.275,96.275,2
1785179760,96.275,96.28,96.275,96.28,38
1785179820,96.275,96.275,96.275,96.275,15
1785179880,96.275,96.275,96.275,96.275,4
1785180000,96.28,96.28,96.28,96.28,32
1785180060,96.28,96.28,96.28,96.28,45
1785180180,96.28,96.28,96.28,96.28,26
1785180300,96.28,96.28,96.28,96.28,99
1785180360,96.28,96.28,96.28,96.28,20
1785180480,96.28,96.28,96.28,96.28,34
1785180540,96.28,96.28,96.275,96.275,161
1785180600,96.275,96.275,96.275,96.275,23
1785180720,96.275,96.28,96.275,96.28,123
1785180840,96.28,96.28,96.28,96.28,22
1785180900,96.28,96.28,96.28,96.28,14
1785180960,96.28,96.28,96.28,96.28,27
1785181020,96.28,96.28,96.28,96.28,150
1785181140,96.28,96.28,96.28,96.28,40
1785181200,96.28,96.28,96.28,96.28,19
1785181260,96.275,96.28,96.275,96.275,61
1785181380,96.28,96.28,96.28,96.28,28
1785181440,96.28,96.28,96.28,96.28,500
1785181500,96.28,96.28,96.28,96.28,50
1785181560,96.28,96.28,96.28,96.28,30
1785181620,96.28,96.28,96.28,96.28,208
1785181740,96.28,96.28,96.28,96.28,112
1785181800,96.28,96.28,96.28,96.28,278
1785181920,96.28,96.28,96.28,96.28,39
1785182040,96.28,96.28,96.275,96.275,277
1785182100,96.28,96.28,96.28,96.28,110
1785182160,96.28,96.28,96.28,96.28,39
1785182280,96.28,96.28,96.28,96.28,7
1785182340,96.28,96.28,96.28,96.28,140
1785182400,96.28,96.28,96.28,96.28,42
1785182460,96.275,96.275,96.275,96.275,13
1785182520,96.275,96.275,96.275,96.275,4
1785182640,96.28,96.28,96.275,96.275,34
1785182700,96.28,96.28,96.275,96.275,49
1785182760,96.275,96.28,96.275,96.28,58
1785182820,96.275,96.275,96.275,96.275,15
1785182880,96.275,96.275,96.275,96.275,20
1785182940,96.275,96.28,96.275,96.275,32
1785183000,96.28,96.28,96.275,96.275,37
1785183060,96.275,96.275,96.275,96.275,2
1785183120,96.275,96.28,96.275,96.28,102
1785183180,96.28,96.28,96.28,96.28,136
1785183240,96.28,96.28,96.275,96.275,101
1785183300,96.28,96.28,96.28,96.28,100
1785183360,96.28,96.28,96.275,96.275,31
1785183420,96.28,96.28,96.28,96.28,20
1785183480,96.28,96.28,96.28,96.28,1
1785183540,96.28,96.28,96.28,96.28,123
1785183600,96.28,96.28,96.28,96.28,150
1785183660,96.28,96.28,96.28,96.28,116
1785183720,96.28,96.28,96.28,96.28,17
1785183780,96.28,96.28,96.28,96.28,108
1785183840,96.28,96.28,96.28,96.28,113
1785183900,96.28,96.28,96.28,96.28,65
1785183960,96.28,96.28,96.28,96.28,5
1785184020,96.28,96.28,96.28,96.28,16
1785184080,96.28,96.28,96.28,96.28,9
1785184140,96.28,96.28,96.28,96.28,64
1785184200,96.28,96.28,96.28,96.28,8
1785184260,96.275,96.275,96.275,96.275,10
1785184320,96.28,96.28,96.28,96.28,328
1785184560,96.28,96.28,96.28,96.28,100
1785184620,96.275,96.275,96.275,96.275,2
1785184680,96.28,96.28,96.28,96.28,8
1785184740,96.28,96.28,96.28,96.28,5
1785184800,96.28,96.28,96.28,96.28,5
1785184860,96.28,96.28,96.28,96.28,5
1785185280,96.275,96.275,96.275,96.275,1
1785185460,96.275,96.275,96.275,96.275,60
1785185580,96.275,96.275,96.275,96.275,72
1785185700,96.275,96.275,96.275,96.275,2
1785185820,96.28,96.28,96.28,96.28,128
1785185880,96.28,96.28,96.275,96.275,16
1785185940,96.28,96.28,96.275,96.275,16
1785189600,96.275,96.275,96.275,96.275,1164
1785189660,96.275,96.275,96.275,96.275,1
1785190140,96.28,96.28,96.28,96.28,20
1785191700,96.275,96.275,96.275,96.275,100
1785191760,96.28,96.28,96.28,96.28,50
1785192540,96.28,96.28,96.28,96.28,3
1785193140,96.275,96.275,96.275,96.275,1
1785193980,96.28,96.28,96.28,96.28,1
1785194100,96.275,96.28,96.275,96.28,7
1785194460,96.275,96.275,96.275,96.275,1
1785195420,96.275,96.275,96.275,96.275,4050
1785195540,96.275,96.275,96.275,96.275,280
1785195600,96.275,96.275,96.275,96.275,308
1785195900,96.28,96.28,96.28,96.28,1
1785195960,96.275,96.275,96.275,96.275,2
1785196080,96.275,96.275,96.275,96.275,331
1785196200,96.275,96.275,96.275,96.275,434
1785196380,96.275,96.275,96.275,96.275,400
1785198000,96.275,96.275,96.275,96.275,20
1785198360,96.275,96.275,96.275,96.275,1
1785198660,96.275,96.275,96.275,96.275,9
1785199980,96.275,96.275,96.275,96.275,75
1785200040,96.275,96.275,96.275,96.275,50
1785200640,96.275,96.275,96.275,96.275,33
1785202260,96.275,96.275,96.275,96.275,10
1785202380,96.275,96.275,96.275,96.275,15
1785202680,96.275,96.275,96.275,96.275,300
1785203520,96.275,96.275,96.275,96.275,360
1785203640,96.275,96.275,96.275,96.275,1
1785203700,96.275,96.275,96.275,96.275,1
1785203940,96.28,96.28,96.28,96.28,88
1785204660,96.28,96.28,96.28,96.28,1564
1785204780,96.28,96.28,96.28,96.28,1
1785205440,96.28,96.28,96.28,96.28,78
1785205680,96.28,96.28,96.28,96.28,480
1785205860,96.28,96.28,96.28,96.28,100
1785206760,96.275,96.275,96.275,96.275,2
1785207420,96.28,96.28,96.28,96.28,50
1785207900,96.28,96.28,96.28,96.28,200
1785208260,96.28,96.28,96.28,96.28,400
1785208680,96.28,96.28,96.28,96.28,3
1785209220,96.28,96.28,96.28,96.28,25
1785209520,96.28,96.28,96.28,96.28,12
1785211800,96.275,96.275,96.275,96.275,1
1785212760,96.28,96.28,96.28,96.28,2
1785214560,96.275,96.275,96.275,96.275,2582
1785215160,96.275,96.275,96.275,96.275,5
1785215520,96.28,96.28,96.28,96.28,60
1785217920,96.28,96.28,96.28,96.28,29
1785218340,96.28,96.28,96.28,96.28,199
1785218700,96.28,96.28,96.28,96.28,2100
1785218880,96.28,96.28,96.28,96.28,105
1785219000,96.28,96.28,96.28,96.28,20
1785219300,96.28,96.28,96.28,96.28,150
1785219600,96.28,96.28,96.28,96.28,620
1785219720,96.28,96.28,96.28,96.28,1200
1785220020,96.28,96.28,96.28,96.28,355
1785220080,96.28,96.28,96.28,96.28,2818
1785220140,96.28,96.28,96.28,96.28,66
1785220200,96.28,96.28,96.28,96.28,5549
1785220440,96.285,96.285,96.285,96.285,8
1785220560,96.285,96.285,96.285,96.285,2
1785220680,96.285,96.285,96.285,96.285,11
1785220800,96.285,96.285,96.285,96.285,100
1785221340,96.285,96.285,96.285,96.285,300
1785221760,96.285,96.285,96.285,96.285,58
1785221820,96.285,96.285,96.285,96.285,200
1785222360,96.285,96.285,96.285,96.285,1000
1785222540,96.285,96.285,96.285,96.285,200
1785222660,96.285,96.285,96.285,96.285,3270
1785222780,96.285,96.285,96.285,96.285,461
1785222840,96.285,96.285,96.285,96.285,452
1785222900,96.285,96.285,96.285,96.285,142
1785223080,96.285,96.285,96.285,96.285,501
1785224100,96.29,96.29,96.29,96.29,100
1785224400,96.29,96.29,96.29,96.29,1
1785224700,96.29,96.29,96.29,96.29,1
1785224820,96.285,96.285,96.285,96.285,2048
1785225060,96.285,96.285,96.285,96.285,577
1785225120,96.285,96.285,96.285,96.285,1
1785225240,96.285,96.285,96.285,96.285,194
1785225300,96.285,96.285,96.285,96.285,2
1785225360,96.285,96.285,96.285,96.285,854
1785225420,96.285,96.285,96.285,96.285,25
1785225780,96.285,96.285,96.285,96.285,338
1785226320,96.285,96.285,96.285,96.285,591
1785226380,96.285,96.285,96.285,96.285,100
1785226440,96.285,96.285,96.285,96.285,100
1785226500,96.285,96.285,96.285,96.285,300
1785226740,96.285,96.285,96.285,96.285,102
1785226800,96.285,96.285,96.285,96.285,10
1785226860,96.285,96.285,96.285,96.285,50
1785226980,96.285,96.285,96.285,96.285,8
1785227040,96.285,96.285,96.285,96.285,20
1785227280,96.285,96.285,96.285,96.285,8
1785227460,96.285,96.29,96.285,96.285,2199
1785227520,96.285,96.285,96.285,96.285,363
1785227580,96.285,96.285,96.285,96.285,2
1785227640,96.285,96.285,96.285,96.285,100
1785227820,96.285,96.285,96.285,96.285,150
1785227880,96.285,96.285,96.285,96.285,2596
1785227940,96.285,96.285,96.285,96.285,523
1785228120,96.285,96.285,96.285,96.285,25
1785228180,96.285,96.285,96.285,96.285,6
1785228300,96.285,96.285,96.285,96.285,34
1785228360,96.29,96.29,96.285,96.285,8
1785228420,96.285,96.285,96.285,96.285,27
1785228540,96.285,96.285,96.285,96.285,17
1785228600,96.285,96.285,96.285,96.285,2397
1785228660,96.285,96.285,96.285,96.285,9
1785228960,96.29,96.29,96.29,96.29,2100
1785229140,96.29,96.29,96.29,96.29,5481
1785229440,96.29,96.29,96.29,96.29,1003
1785229500,96.29,96.29,96.29,96.29,3
1785229620,96.29,96.29,96.29,96.29,300
1785229680,96.29,96.29,96.29,96.29,2122
1785229740,96.29,96.29,96.29,96.29,126
1785229980,96.29,96.29,96.29,96.29,120
1785230100,96.29,96.29,96.29,96.29,100
1785230160,96.29,96.29,96.29,96.29,651
1785230220,96.29,96.29,96.29,96.29,1
1785230520,96.29,96.29,96.29,96.29,27
1785230640,96.29,96.29,96.29,96.29,972
1785230700,96.29,96.29,96.29,96.29,10
1785231420,96.29,96.29,96.29,96.29,600
1785231660,96.29,96.29,96.29,96.29,150
1785231780,96.29,96.29,96.29,96.29,5
1785231840,96.285,96.285,96.285,96.285,12
1785231960,96.285,96.285,96.285,96.285,457
1785232500,96.285,96.29,96.285,96.29,20
1785232620,96.285,96.285,96.285,96.285,1195
1785232680,96.285,96.285,96.285,96.285,288
1785232740,96.285,96.285,96.285,96.285,6
1785233340,96.285,96.285,96.285,96.285,500
1785233400,96.285,96.285,96.285,96.285,1325
1785233460,96.285,96.285,96.285,96.285,3
1785233520,96.285,96.285,96.285,96.285,1109
1785233580,96.285,96.285,96.285,96.285,462
1785233700,96.285,96.285,96.285,96.285,35
1785233760,96.285,96.285,96.285,96.285,214
1785233820,96.285,96.285,96.285,96.285,4
1785234360,96.285,96.285,96.285,96.285,2725
1785234420,96.285,96.285,96.285,96.285,10
1785234660,96.285,96.285,96.285,96.285,1517
1785234720,96.28,96.285,96.28,96.285,358
1785235380,96.285,96.285,96.285,96.285,1000
1785235500,96.285,96.285,96.285,96.285,1602
1785235920,96.285,96.285,96.285,96.285,2
1785235980,96.28,96.28,96.28,96.28,82
1785236040,96.285,96.285,96.285,96.285,525
1785236160,96.285,96.285,96.285,96.285,65
1785236220,96.285,96.285,96.285,96.285,10
1785236340,96.28,96.28,96.28,96.28,475
1785236700,96.285,96.285,96.285,96.285,2
1785236880,96.285,96.285,96.285,96.285,401
1785236940,96.285,96.285,96.285,96.285,40
1785237000,96.285,96.285,96.285,96.285,34
1785237060,96.285,96.285,96.285,96.285,39
1785237120,96.285,96.285,96.285,96.285,71
1785237180,96.285,96.285,96.285,96.285,51
1785237360,96.285,96.285,96.285,96.285,2388
1785237420,96.285,96.285,96.285,96.285,2183
1785237480,96.285,96.285,96.285,96.285,1
1785237540,96.285,96.285,96.285,96.285,776
1785237600,96.285,96.285,96.285,96.285,76
1785237660,96.285,96.285,96.285,96.285,135
1785237720,96.285,96.285,96.285,96.285,171
1785237780,96.285,96.285,96.285,96.285,787
1785237840,96.285,96.285,96.285,96.285,750
1785237900,96.285,96.285,96.285,96.285,510
1785237960,96.285,96.285,96.285,96.285,248
1785238140,96.285,96.285,96.285,96.285,491
1785238200,96.285,96.285,96.285,96.285,203
1785238260,96.285,96.285,96.285,96.285,292
1785238440,96.285,96.285,96.285,96.285,270
1785238500,96.285,96.285,96.285,96.285,745
1785238560,96.285,96.285,96.285,96.285,334
1785238800,96.285,96.285,96.285,96.285,1507
1785238860,96.285,96.29,96.285,96.285,1102
1785238980,96.285,96.285,96.285,96.285,238
1785239100,96.285,96.285,96.285,96.285,301
1785239160,96.285,96.285,96.285,96.285,120
1785239220,96.285,96.285,96.285,96.285,661
1785239340,96.285,96.285,96.285,96.285,50
1785239400,96.285,96.285,96.285,96.285,467
1785239520,96.285,96.285,96.285,96.285,25
1785239580,96.285,96.285,96.285,96.285,1326
1785239760,96.285,96.285,96.285,96.285,240
1785239880,96.285,96.285,96.285,96.285,365
1785239940,96.285,96.285,96.285,96.285,3367
1785240000,96.285,96.285,96.285,96.285,29
1785240060,96.285,96.285,96.285,96.285,1131
1785240120,96.285,96.285,96.285,96.285,500
1785240180,96.285,96.285,96.285,96.285,200
1785240240,96.285,96.285,96.285,96.285,170
1785240360,96.285,96.285,96.285,96.285,6
1785240420,96.285,96.285,96.285,96.285,491
1785240480,96.285,96.285,96.285,96.285,15
1785240600,96.285,96.285,96.285,96.285,30
1785240660,96.285,96.285,96.285,96.285,250
1785240720,96.285,96.285,96.285,96.285,209
1785240780,96.285,96.285,96.285,96.285,150
1785240840,96.285,96.285,96.285,96.285,550
1785240900,96.285,96.285,96.28,96.28,136
1785240960,96.285,96.285,96.285,96.285,12
1785241020,96.285,96.285,96.285,96.285,100
1785241140,96.285,96.285,96.285,96.285,624
1785241200,96.285,96.285,96.285,96.285,4478
1785241260,96.285,96.285,96.28,96.285,405
1785241320,96.285,96.285,96.285,96.285,2191
1785241380,96.285,96.285,96.285,96.285,2622
1785241680,96.285,96.285,96.285,96.285,39
1785241740,96.285,96.285,96.285,96.285,10
1785241800,96.285,96.29,96.285,96.29,53
1785241860,96.29,96.29,96.29,96.29,291
1785241920,96.29,96.29,96.29,96.29,1
1785242040,96.29,96.29,96.29,96.29,100
1785242100,96.29,96.29,96.29,96.29,100
1785242160,96.29,96.29,96.29,96.29,282
1785242220,96.29,96.29,96.29,96.29,3785
1785242280,96.29,96.29,96.29,96.29,100
1785242340,96.29,96.29,96.29,96.29,3
1785242400,96.29,96.29,96.29,96.29,2984
1785242460,96.29,96.295,96.29,96.295,4537
1785242520,96.29,96.29,96.29,96.29,427
1785242580,96.29,96.29,96.29,96.29,259
1785242640,96.295,96.295,96.295,96.295,4
1785242700,96.295,96.295,96.295,96.295,14
1785242760,96.295,96.295,96.295,96.295,100
1785242820,96.295,96.295,96.295,96.295,4
1785243000,96.295,96.295,96.295,96.295,200
1785243120,96.295,96.295,96.295,96.295,301
1785243180,96.295,96.295,96.295,96.295,209
1785243240,96.295,96.295,96.295,96.295,591
1785243300,96.295,96.295,96.295,96.295,2145
1785243360,96.295,96.295,96.295,96.295,319
1785243420,96.295,96.295,96.295,96.295,1147
1785243480,96.295,96.295,96.295,96.295,1515
1785243540,96.295,96.295,96.295,96.295,1
1785243600,96.295,96.295,96.295,96.295,200
1785243660,96.295,96.295,96.295,96.295,201
1785243720,96.295,96.295,96.295,96.295,2254
1785243780,96.295,96.295,96.295,96.295,105
1785243840,96.295,96.295,96.29,96.29,135
1785243900,96.295,96.295,96.295,96.295,107
1785243960,96.295,96.295,96.295,96.295,130
1785244020,96.295,96.295,96.295,96.295,204
1785244080,96.295,96.295,96.295,96.295,5
1785244140,96.295,96.295,96.295,96.295,10
1785244500,96.295,96.295,96.295,96.295,13
1785244620,96.295,96.295,96.295,96.295,150
1785244740,96.295,96.295,96.295,96.295,85
1785245040,96.295,96.295,96.295,96.295,2
1785245160,96.295,96.295,96.295,96.295,2
1785245220,96.295,96.295,96.29,96.29,66
1785245280,96.295,96.295,96.295,96.295,2
1785245340,96.29,96.295,96.29,96.295,493
1785245400,96.29,96.29,96.29,96.29,74
1785245520,96.295,96.295,96.295,96.295,207
1785245700,96.295,96.295,96.295,96.295,1
1785245760,96.295,96.295,96.295,96.295,24
1785245820,96.295,96.295,96.295,96.295,16
1785245940,96.29,96.29,96.29,96.29,25
1785246000,96.29,96.29,96.29,96.29,539
1785246120,96.295,96.295,96.295,96.295,16
1785246360,96.295,96.295,96.295,96.295,31
1785246420,96.295,96.295,96.29,96.29,44
1785246480,96.295,96.295,96.295,96.295,191
1785246600,96.295,96.295,96.295,96.295,39
1785246660,96.295,96.295,96.295,96.295,271
1785246720,96.295,96.295,96.295,96.295,554
1785246780,96.295,96.295,96.295,96.295,2
1785246840,96.295,96.295,96.295,96.295,60
1785246900,96.295,96.295,96.295,96.295,27
1785247020,96.295,96.295,96.295,96.295,5
1785247080,96.29,96.295,96.29,96.295,202
1785247140,96.295,96.295,96.295,96.295,153
1785247200,96.295,96.295,96.295,96.295,1501
1785247260,96.295,96.295,96.295,96.295,22
1785247440,96.295,96.295,96.295,96.295,201
1785247500,96.29,96.29,96.29,96.29,6424
1785247680,96.295,96.295,96.295,96.295,3
1785247740,96.295,96.295,96.29,96.295,6938
1785247800,96.295,96.295,96.29,96.29,804
1785247860,96.295,96.295,96.295,96.295,783
1785247920,96.295,96.295,96.295,96.295,600
1785247980,96.295,96.295,96.295,96.295,2
1785248040,96.295,96.295,96.295,96.295,2
1785248100,96.295,96.295,96.295,96.295,56
1785248160,96.295,96.295,96.295,96.295,1185
1785248220,96.295,96.295,96.295,96.295,633
1785248280,96.295,96.295,96.295,96.295,1017
1785248340,96.295,96.295,96.295,96.295,701
1785248400,96.295,96.295,96.295,96.295,588
1785248460,96.295,96.295,96.295,96.295,127
1785248520,96.295,96.295,96.295,96.295,103
1785248640,96.29,96.295,96.29,96.295,1604
1785248700,96.295,96.295,96.295,96.295,1706
1785248760,96.295,96.295,96.295,96.295,3391
1785248820,96.295,96.295,96.295,96.295,1276
1785248880,96.295,96.295,96.295,96.295,56
1785248940,96.295,96.295,96.295,96.295,250
1785249000,96.295,96.295,96.295,96.295,4400
1785249060,96.295,96.3,96.295,96.295,644
1785249120,96.295,96.295,96.295,96.295,300
1785249240,96.3,96.3,96.3,96.3,4
1785249300,96.3,96.3,96.3,96.3,51
1785249360,96.295,96.295,96.295,96.295,1200
1785249420,96.295,96.295,96.295,96.295,250
1785249480,96.295,96.295,96.295,96.295,25
1785249540,96.295,96.3,96.295,96.3,42
1785249600,96.3,96.3,96.3,96.3,110
1785249660,96.295,96.295,96.295,96.295,62
1785249900,96.3,96.3,96.3,96.3,14
1785250080,96.3,96.3,96.295,96.295,112
1785250140,96.3,96.3,96.295,96.295,52
1785250200,96.3,96.3,96.3,96.3,1
1785250260,96.3,96.3,96.3,96.3,25
1785250320,96.295,96.295,96.295,96.295,1194
1785250380,96.3,96.3,96.3,96.3,192
1785250440,96.295,96.3,96.295,96.295,56
1785250500,96.3,96.3,96.3,96.3,31
1785250620,96.295,96.295,96.295,96.295,4
1785250680,96.3,96.3,96.3,96.3,25
1785250740,96.3,96.3,96.3,96.3,17
1785250800,96.3,96.3,96.295,96.3,321
1785250860,96.3,96.3,96.3,96.3,1
1785250920,96.295,96.3,96.295,96.3,777
1785250980,96.295,96.3,96.295,96.3,2898
1785251040,96.295,96.295,96.295,96.295,1459
1785251100,96.295,96.295,96.295,96.295,811
1785251160,96.295,96.295,96.295,96.295,444
1785251220,96.295,96.295,96.295,96.295,371
1785251280,96.295,96.295,96.295,96.295,1560
1785251340,96.295,96.295,96.295,96.295,51
1785251400,96.295,96.3,96.295,96.295,1915
1785251520,96.3,96.3,96.3,96.3,60
1785251580,96.3,96.3,96.3,96.3,83
1785251640,96.3,96.3,96.3,96.3,104
1785251700,96.3,96.3,96.3,96.3,825
1785251760,96.3,96.3,96.3,96.3,1559
1785251820,96.3,96.305,96.3,96.3,11141
1785251880,96.3,96.3,96.3,96.3,1147
1785251940,96.3,96.3,96.3,96.3,1632
1785252000,96.3,96.3,96.3,96.3,1208
1785252060,96.3,96.3,96.3,96.3,2
1785252120,96.305,96.305,96.3,96.3,1512
1785252180,96.3,96.3,96.3,96.3,201
1785252300,96.3,96.3,96.3,96.3,312
1785252360,96.3,96.3,96.3,96.3,2592
1785252480,96.305,96.305,96.3,96.305,364
1785252540,96.3,96.3,96.3,96.3,25
1785252600,96.3,96.3,96.3,96.3,2588
1785252660,96.3,96.3,96.3,96.3,916
1785252720,96.3,96.305,96.3,96.3,319
1785252780,96.3,96.3,96.3,96.3,282
1785252840,96.3,96.3,96.3,96.3,1392
1785252900,96.3,96.3,96.3,96.3,1091
1785252960,96.3,96.3,96.3,96.3,6
1785253020,96.3,96.3,96.3,96.3,100
1785253140,96.3,96.3,96.3,96.3,11
1785253200,96.3,96.3,96.3,96.3,305
1785253260,96.3,96.3,96.3,96.3,10
1785253320,96.3,96.3,96.3,96.3,220
1785253380,96.3,96.3,96.3,96.3,624
1785253440,96.3,96.3,96.3,96.3,1092
1785253500,96.3,96.3,96.3,96.3,600
1785253560,96.3,96.3,96.3,96.3,118
1785253620,96.3,96.3,96.3,96.3,1471
1785253680,96.3,96.3,96.3,96.3,259
1785253740,96.3,96.3,96.3,96.3,5
1785253800,96.3,96.3,96.3,96.3,251
1785253920,96.3,96.3,96.3,96.3,128
1785253980,96.3,96.3,96.3,96.3,370
1785254040,96.3,96.305,96.3,96.305,31
1785254100,96.3,96.3,96.3,96.3,701
1785254220,96.3,96.3,96.3,96.3,102
1785254280,96.3,96.305,96.3,96.305,12
1785254700,96.3,96.3,96.3,96.3,25
1785254760,96.305,96.305,96.305,96.305,2
1785254880,96.3,96.3,96.3,96.3,700
1785254940,96.305,96.305,96.305,96.305,1
1785255000,96.305,96.305,96.305,96.305,50
1785255120,96.305,96.305,96.305,96.305,25
1785255300,96.305,96.305,96.305,96.305,1
1785255420,96.305,96.305,96.305,96.305,2
1785255540,96.305,96.305,96.305,96.305,2
1785255600,96.305,96.305,96.305,96.305,23
1785255660,96.3,96.3,96.3,96.3,20
1785255720,96.3,96.3,96.3,96.3,2171
1785255780,96.3,96.3,96.3,96.3,625
1785255840,96.3,96.3,96.3,96.3,233
1785255900,96.3,96.3,96.3,96.3,4
1785255960,96.3,96.3,96.3,96.3,150
1785256020,96.3,96.3,96.3,96.3,2560
1785256080,96.3,96.3,96.3,96.3,185
1785256140,96.3,96.3,96.3,96.3,250
1785256200,96.3,96.3,96.3,96.3,626
1785256260,96.3,96.3,96.3,96.3,111
1785256320,96.3,96.3,96.3,96.3,374
1785256380,96.3,96.3,96.3,96.3,583
1785256440,96.3,96.3,96.3,96.3,272
1785256500,96.3,96.3,96.3,96.3,315
1785256560,96.3,96.3,96.3,96.3,230
1785256620,96.3,96.3,96.3,96.3,21
1785256680,96.3,96.3,96.3,96.3,450
1785256740,96.3,96.3,96.3,96.3,104
1785256800,96.3,96.3,96.3,96.3,273
1785256860,96.3,96.3,96.3,96.3,139
1785256920,96.3,96.3,96.3,96.3,112
1785256980,96.3,96.3,96.3,96.3,1011
1785257040,96.3,96.3,96.3,96.3,360
1785257100,96.3,96.3,96.3,96.3,7
1785257220,96.3,96.3,96.3,96.3,1
1785257400,96.3,96.3,96.3,96.3,196
1785257460,96.3,96.3,96.3,96.3,41
1785257520,96.3,96.3,96.3,96.3,1
1785257580,96.3,96.3,96.3,96.3,26
1785257640,96.3,96.3,96.3,96.3,270
1785257700,96.3,96.3,96.3,96.3,17
1785257760,96.3,96.3,96.3,96.3,301
1785257820,96.3,96.3,96.3,96.3,75
1785257940,96.3,96.3,96.3,96.3,21
1785258000,96.3,96.3,96.3,96.3,118
1785258060,96.3,96.3,96.3,96.3,2
1785258120,96.3,96.3,96.3,96.3,192
1785258360,96.3,96.3,96.3,96.3,19
1785258600,96.295,96.295,96.295,96.295,8
1785258780,96.3,96.3,96.3,96.3,18
1785258840,96.3,96.3,96.3,96.3,2
1785258900,96.3,96.3,96.3,96.3,2
1785258960,96.3,96.3,96.3,96.3,9
1785259260,96.3,96.3,96.3,96.3,19
1785259620,96.3,96.3,96.3,96.3,206
1785259680,96.3,96.3,96.3,96.3,17
1785259740,96.3,96.3,96.3,96.3,705
1785259920,96.3,96.3,96.3,96.3,2
1785260040,96.295,96.295,96.295,96.295,109
1785260160,96.3,96.3,96.3,96.3,1
1785260220,96.3,96.3,96.3,96.3,124
1785260400,96.3,96.3,96.3,96.3,1
1785260700,96.3,96.3,96.3,96.3,208
1785260760,96.3,96.3,96.3,96.3,17
1785260820,96.3,96.3,96.295,96.295,102
1785260880,96.3,96.3,96.3,96.3,14
1785261180,96.3,96.3,96.3,96.3,15
1785261300,96.3,96.3,96.3,96.3,48
1785261360,96.3,96.3,96.3,96.3,7
1785261420,96.3,96.3,96.3,96.3,2
1785261480,96.3,96.3,96.3,96.3,449
1785261540,96.3,96.3,96.3,96.3,36
1785261600,96.3,96.3,96.3,96.3,55
1785261720,96.3,96.3,96.3,96.3,21
1785261840,96.3,96.3,96.3,96.3,1
1785261960,96.3,96.3,96.3,96.3,14
1785262080,96.3,96.3,96.3,96.3,192
1785262320,96.3,96.3,96.3,96.3,2
1785262380,96.3,96.3,96.3,96.3,23
1785262500,96.3,96.3,96.3,96.3,6
1785262560,96.295,96.3,96.295,96.3,51
1785262680,96.295,96.295,96.295,96.295,300
1785262740,96.295,96.295,96.29,96.29,11835
1785262800,96.295,96.295,96.295,96.295,3
1785262920,96.295,96.295,96.295,96.295,78
1785263220,96.295,96.295,96.295,96.295,3
1785263340,96.295,96.295,96.295,96.295,13
1785263400,96.295,96.295,96.295,96.295,3
1785263460,96.295,96.295,96.295,96.295,15
1785263520,96.295,96.295,96.29,96.29,45
1785263580,96.29,96.29,96.29,96.29,6
1785263640,96.295,96.295,96.295,96.295,193
1785263700,96.295,96.295,96.295,96.295,3
1785263760,96.295,96.295,96.295,96.295,20
1785263820,96.295,96.295,96.295,96.295,300
1785263940,96.295,96.295,96.295,96.295,5
1785264000,96.295,96.295,96.295,96.295,14
1785264180,96.295,96.295,96.295,96.295,15
1785264240,96.295,96.295,96.295,96.295,20
1785264360,96.295,96.295,96.295,96.295,16
1785264420,96.295,96.295,96.29,96.29,23
1785264480,96.295,96.295,96.295,96.295,27
1785264600,96.295,96.295,96.295,96.295,192
1785264660,96.295,96.295,96.295,96.295,17
1785264720,96.295,96.295,96.295,96.295,21
1785264780,96.295,96.295,96.295,96.295,53
1785264900,96.295,96.295,96.295,96.295,29
1785264960,96.295,96.295,96.295,96.295,75
1785265020,96.295,96.295,96.295,96.295,133
1785265140,96.29,96.295,96.29,96.29,63
1785265200,96.295,96.295,96.295,96.295,5
1785265320,96.295,96.295,96.295,96.295,15
1785265500,96.295,96.295,96.295,96.295,404
1785265620,96.295,96.295,96.295,96.295,192
1785265680,96.295,96.295,96.295,96.295,17
1785265860,96.295,96.295,96.295,96.295,10
1785265920,96.295,96.295,96.295,96.295,100
1785265980,96.295,96.295,96.295,96.295,3
1785266040,96.295,96.295,96.295,96.295,19
1785266160,96.295,96.295,96.29,96.29,1192
1785266220,96.295,96.3,96.295,96.295,12891
1785266280,96.295,96.295,96.295,96.295,5492
1785266520,96.295,96.295,96.295,96.295,6
1785266640,96.295,96.3,96.295,96.3,83
1785266700,96.295,96.295,96.295,96.295,332
1785266760,96.3,96.3,96.295,96.295,110
1785266880,96.295,96.295,96.295,96.295,18
1785266940,96.295,96.295,96.295,96.295,82
1785267060,96.295,96.295,96.295,96.295,410
1785267120,96.3,96.3,96.3,96.3,15
1785267180,96.295,96.295,96.295,96.295,500
1785267360,96.295,96.295,96.295,96.295,50
1785267420,96.3,96.3,96.3,96.3,300
1785267480,96.295,96.295,96.295,96.295,1705
1785267600,96.295,96.295,96.295,96.295,12
1785267660,96.295,96.295,96.295,96.295,146
1785267780,96.295,96.295,96.29,96.29,81
1785267840,96.295,96.295,96.295,96.295,18
1785267960,96.295,96.295,96.295,96.295,60
1785268020,96.295,96.295,96.295,96.295,50
1785268140,96.295,96.295,96.295,96.295,250
1785268200,96.295,96.295,96.295,96.295,200
1785268320,96.295,96.295,96.295,96.295,100
1785268380,96.295,96.3,96.295,96.3,2327
1785268440,96.3,96.3,96.295,96.295,193
1785268500,96.295,96.295,96.295,96.295,3
1785268620,96.295,96.295,96.295,96.295,1944
1785268680,96.295,96.295,96.295,96.295,366
1785268740,96.295,96.295,96.295,96.295,36
1785268800,96.295,96.295,96.295,96.295,315
1785268860,96.295,96.295,96.295,96.295,1239
1785268920,96.295,96.295,96.295,96.295,2529
1785268980,96.295,96.295,96.295,96.295,1208
1785269040,96.295,96.295,96.295,96.295,596
1785269100,96.295,96.295,96.295,96.295,237
1785269160,96.29,96.29,96.29,96.29,25
1785269220,96.295,96.295,96.295,96.295,9
1785269340,96.295,96.295,96.295,96.295,31
1785269460,96.295,96.295,96.295,96.295,1
1785269520,96.295,96.295,96.295,96.295,15
1785269580,96.295,96.295,96.295,96.295,15
1785269640,96.295,96.295,96.295,96.295,288
1785269700,96.295,96.295,96.295,96.295,24
1785269760,96.295,96.295,96.295,96.295,1
1785269880,96.295,96.295,96.295,96.295,10
1785269940,96.295,96.295,96.295,96.295,200
1785270060,96.295,96.295,96.295,96.295,252
1785270180,96.295,96.295,96.295,96.295,29
1785270480,96.295,96.295,96.295,96.295,509
1785270540,96.295,96.295,96.295,96.295,24
1785270600,96.295,96.295,96.295,96.295,246
1785270660,96.295,96.295,96.295,96.295,100
1785270720,96.295,96.295,96.295,96.295,103
1785270780,96.295,96.295,96.295,96.295,8
1785270960,96.295,96.295,96.295,96.295,110
1785271020,96.295,96.295,96.295,96.295,1
1785271140,96.295,96.295,96.295,96.295,40
1785271320,96.295,96.295,96.295,96.295,11
1785271380,96.295,96.295,96.295,96.295,24
1785271440,96.295,96.295,96.295,96.295,12
1785271500,96.295,96.295,96.295,96.295,50
1785271560,96.295,96.295,96.295,96.295,14
1785271680,96.295,96.295,96.295,96.295,12
1785271800,96.295,96.295,96.295,96.295,11
1785271920,96.295,96.295,96.295,96.295,132
1785271980,96.295,96.295,96.295,96.295,24
1785272040,96.295,96.295,96.295,96.295,15
1785272100,96.295,96.295,96.295,96.295,6
1785272160,96.295,96.295,96.295,96.295,18
1785272340,96.29,96.29,96.29,96.29,194
1785276000,96.29,96.29,96.29,96.29,1100
1785276060,96.29,96.29,96.29,96.29,94
1785276120,96.29,96.29,96.29,96.29,318
1785276180,96.295,96.295,96.29,96.295,27
1785276420,96.29,96.29,96.29,96.29,3695
1785276480,96.29,96.29,96.29,96.29,7
1785276540,96.29,96.29,96.29,96.29,4
1785276660,96.29,96.29,96.29,96.29,1091
1785276780,96.295,96.295,96.295,96.295,10
1785277140,96.29,96.29,96.29,96.29,427
1785277320,96.285,96.285,96.285,96.285,655
1785277380,96.285,96.285,96.285,96.285,122
1785277440,96.285,96.285,96.285,96.285,400
1785277800,96.29,96.29,96.29,96.29,100
1785277860,96.29,96.29,96.29,96.29,80
1785278580,96.285,96.285,96.285,96.285,250
1785278640,96.285,96.285,96.285,96.285,72
1785278700,96.285,96.285,96.285,96.285,5
1785279420,96.285,96.285,96.285,96.285,230
1785279900,96.285,96.285,96.285,96.285,150
1785280200,96.29,96.29,96.29,96.29,6
1785280920,96.29,96.29,96.29,96.29,9
1785281100,96.285,96.285,96.285,96.285,38
1785281340,96.29,96.29,96.29,96.29,15
1785281400,96.29,96.29,96.29,96.29,20
1785281520,96.285,96.285,96.285,96.285,3
1785281580,96.285,96.29,96.285,96.285,36
1785281640,96.285,96.285,96.285,96.285,17
1785281700,96.285,96.285,96.285,96.285,2
1785281760,96.285,96.285,96.285,96.285,8
1785281820,96.285,96.285,96.285,96.285,2
1785281880,96.285,96.285,96.285,96.285,4
1785281940,96.285,96.285,96.285,96.285,6
1785282000,96.285,96.285,96.285,96.285,8
1785282060,96.285,96.285,96.285,96.285,6
1785282120,96.285,96.285,96.285,96.285,2
1785282180,96.285,96.285,96.285,96.285,6
1785282240,96.285,96.285,96.285,96.285,8
1785282300,96.285,96.285,96.285,96.285,4
1785282360,96.285,96.285,96.285,96.285,6
1785282420,96.285,96.285,96.285,96.285,56
1785282480,96.285,96.285,96.285,96.285,4
1785282540,96.285,96.285,96.285,96.285,6
1785282600,96.29,96.29,96.285,96.285,5
1785282660,96.285,96.285,96.285,96.285,8
1785282720,96.285,96.285,96.285,96.285,4
1785282780,96.285,96.285,96.285,96.285,9
1785282840,96.285,96.285,96.285,96.285,4
1785282900,96.285,96.285,96.285,96.285,7
1785282960,96.285,96.285,96.285,96.285,4
1785283020,96.285,96.285,96.285,96.285,8
1785283080,96.285,96.285,96.285,96.285,8
1785283140,96.285,96.29,96.285,96.285,14
1785283200,96.285,96.285,96.285,96.285,2
1785283260,96.285,96.285,96.285,96.285,9
1785283320,96.285,96.285,96.285,96.285,8
1785283380,96.285,96.285,96.285,96.285,2
1785283440,96.285,96.285,96.285,96.285,2
1785283500,96.285,96.285,96.285,96.285,14
1785283560,96.285,96.285,96.285,96.285,2
1785283620,96.285,96.285,96.285,96.285,6
1785283680,96.285,96.285,96.285,96.285,8
1785283740,96.285,96.285,96.285,96.285,4
1785283800,96.285,96.285,96.285,96.285,4
1785283860,96.285,96.285,96.285,96.285,6
1785283920,96.285,96.285,96.285,96.285,6
1785283980,96.285,96.285,96.285,96.285,4
1785284040,96.285,96.285,96.285,96.285,9
1785284100,96.29,96.295,96.29,96.29,1546
1785284340,96.29,96.29,96.29,96.29,25
1785284400,96.285,96.285,96.285,96.285,6
1785284460,96.285,96.29,96.285,96.29,25
1785284520,96.29,96.29,96.29,96.29,65
1785284760,96.29,96.29,96.29,96.29,72
1785284820,96.29,96.29,96.285,96.285,62
1785284880,96.285,96.29,96.285,96.29,21
1785284940,96.29,96.29,96.29,96.29,1
1785285000,96.29,96.29,96.29,96.29,2
1785285060,96.29,96.29,96.29,96.29,2
1785285120,96.29,96.29,96.29,96.29,3
1785285180,96.29,96.29,96.285,96.285,75
1785285240,96.285,96.285,96.285,96.285,6
1785285300,96.285,96.29,96.285,96.285,40
1785285360,96.285,96.29,96.285,96.285,38
1785285420,96.285,96.285,96.285,96.285,2
1785285480,96.285,96.285,96.285,96.285,4
1785285540,96.285,96.285,96.285,96.285,3
1785285600,96.285,96.285,96.285,96.285,11
1785285660,96.285,96.29,96.285,96.29,14
1785285720,96.285,96.285,96.285,96.285,10
1785285780,96.285,96.285,96.285,96.285,4
1785285840,96.285,96.285,96.285,96.285,2
1785285900,96.285,96.285,96.285,96.285,7
1785285960,96.285,96.285,96.285,96.285,7
1785286020,96.285,96.285,96.285,96.285,3
1785286080,96.285,96.285,96.285,96.285,11
1785286140,96.285,96.285,96.285,96.285,4
1785286200,96.285,96.285,96.285,96.285,2
1785286260,96.285,96.285,96.285,96.285,6
1785286320,96.285,96.285,96.285,96.285,10
1785286380,96.285,96.285,96.285,96.285,2
1785286440,96.285,96.29,96.285,96.285,10
1785286500,96.285,96.285,96.285,96.285,4
1785286560,96.285,96.285,96.285,96.285,7
1785286620,96.285,96.285,96.285,96.285,7
1785286740,96.285,96.285,96.285,96.285,10
1785286800,96.285,96.285,96.285,96.285,4
1785286860,96.285,96.285,96.285,96.285,5
1785286920,96.285,96.285,96.285,96.285,7
1785286980,96.285,96.285,96.285,96.285,7
1785287040,96.285,96.285,96.285,96.285,2
1785287100,96.285,96.285,96.285,96.285,6
1785287160,96.285,96.285,96.285,96.285,9
1785287220,96.285,96.285,96.285,96.285,4
1785287340,96.285,96.285,96.285,96.285,9
1785287400,96.285,96.285,96.285,96.285,10
1785287460,96.285,96.285,96.285,96.285,2
1785287520,96.285,96.285,96.285,96.285,8
1785287580,96.285,96.285,96.285,96.285,2
1785287640,96.285,96.285,96.285,96.285,8
1785287700,96.285,96.285,96.285,96.285,7
1785287820,96.285,96.285,96.285,96.285,10
1785287880,96.285,96.285,96.285,96.285,5
1785287940,96.285,96.29,96.285,96.29,726
1785288000,96.285,96.285,96.285,96.285,1
1785288060,96.285,96.285,96.285,96.285,4
1785288120,96.285,96.285,96.285,96.285,2
1785288180,96.285,96.285,96.285,96.285,2
1785288240,96.285,96.285,96.285,96.285,7
1785288300,96.285,96.285,96.285,96.285,6
1785288360,96.285,96.285,96.285,96.285,8
1785288420,96.285,96.285,96.285,96.285,7
1785288480,96.285,96.285,96.285,96.285,8
1785288540,96.285,96.285,96.285,96.285,8
1785288600,96.285,96.285,96.285,96.285,4
1785288660,96.285,96.285,96.285,96.285,2
1785288720,96.285,96.285,96.285,96.285,5
1785288780,96.285,96.285,96.285,96.285,11
1785288840,96.285,96.285,96.285,96.285,2
1785288900,96.29,96.29,96.285,96.285,303
1785288960,96.285,96.285,96.285,96.285,2
1785289020,96.285,96.285,96.285,96.285,2
1785289080,96.285,96.285,96.285,96.285,4
1785289140,96.285,96.285,96.285,96.285,5
1785289200,96.285,96.285,96.285,96.285,8
1785289260,96.29,96.29,96.285,96.285,256
1785289320,96.285,96.285,96.285,96.285,5
1785289380,96.285,96.285,96.285,96.285,2
1785289500,96.285,96.285,96.285,96.285,6
1785289560,96.285,96.285,96.285,96.285,5
1785289620,96.285,96.285,96.285,96.285,8
1785289680,96.285,96.285,96.285,96.285,6
1785289740,96.285,96.285,96.285,96.285,6
1785289800,96.285,96.285,96.285,96.285,6
1785289860,96.285,96.285,96.285,96.285,6
1785289980,96.285,96.285,96.285,96.285,13
1785290040,96.285,96.285,96.285,96.285,2
1785290100,96.285,96.285,96.285,96.285,6
1785290160,96.285,96.285,96.285,96.285,4
1785290220,96.285,96.29,96.285,96.29,200
1785290280,96.285,96.285,96.285,96.285,4
1785290340,96.285,96.285,96.285,96.285,6
1785290400,96.285,96.285,96.285,96.285,8
1785290460,96.29,96.29,96.285,96.285,304
1785290520,96.285,96.285,96.285,96.285,7
1785290580,96.29,96.29,96.285,96.285,62
1785290640,96.285,96.285,96.285,96.285,6
1785290700,96.285,96.285,96.285,96.285,2
1785290760,96.285,96.285,96.285,96.285,10
1785290820,96.285,96.285,96.285,96.285,4
1785290880,96.285,96.285,96.285,96.285,4
1785290940,96.285,96.285,96.285,96.285,8
1785291000,96.285,96.285,96.285,96.285,8
1785291060,96.285,96.285,96.285,96.285,2
1785291120,96.285,96.285,96.285,96.285,6
1785291180,96.285,96.285,96.285,96.285,8
1785291240,96.285,96.285,96.285,96.285,6
1785291300,96.285,96.285,96.285,96.285,2
1785291360,96.285,96.285,96.285,96.285,10
1785291420,96.285,96.285,96.285,96.285,2
1785291480,96.29,96.29,96.285,96.285,8
1785291540,96.285,96.285,96.285,96.285,2
1785291600,96.285,96.285,96.285,96.285,12
1785291660,96.285,96.285,96.285,96.285,2
1785291720,96.285,96.285,96.285,96.285,4
1785291780,96.285,96.285,96.285,96.285,10
1785291840,96.285,96.285,96.285,96.285,11
1785291900,96.285,96.285,96.285,96.285,6
1785291960,96.29,96.29,96.29,96.29,1000
1785292020,96.29,96.29,96.29,96.29,1065
1785292320,96.29,96.29,96.29,96.29,3
1785292380,96.29,96.29,96.29,96.29,16
1785292440,96.29,96.29,96.29,96.29,6
1785292500,96.29,96.29,96.29,96.29,2
1785292560,96.29,96.29,96.29,96.29,6
1785292620,96.29,96.29,96.29,96.29,6
1785292680,96.29,96.29,96.29,96.29,4
1785292740,96.29,96.29,96.29,96.29,8
1785292800,96.29,96.29,96.29,96.29,4
1785292860,96.29,96.29,96.29,96.29,9
1785292920,96.29,96.29,96.29,96.29,6
1785292980,96.29,96.29,96.29,96.29,2
1785293040,96.295,96.295,96.29,96.29,33
1785293100,96.29,96.29,96.29,96.29,6
1785293160,96.29,96.29,96.29,96.29,6
1785293220,96.29,96.29,96.29,96.29,2
1785293280,96.29,96.29,96.29,96.29,8
1785293340,96.29,96.29,96.29,96.29,6
1785293400,96.29,96.29,96.29,96.29,19
1785293460,96.29,96.29,96.29,96.29,8
1785293580,96.29,96.29,96.29,96.29,9
1785293640,96.29,96.29,96.29,96.29,4
1785293700,96.29,96.29,96.29,96.29,6
1785293760,96.29,96.29,96.29,96.29,6
1785293820,96.29,96.29,96.29,96.29,6
1785293880,96.29,96.29,96.29,96.29,12
1785293940,96.29,96.29,96.29,96.29,19
1785297540,96.295,96.295,96.295,96.295,30
1785297660,96.29,96.29,96.29,96.29,76
1785297780,96.295,96.295,96.29,96.29,1014
1785298200,96.29,96.295,96.29,96.295,250
1785298800,96.295,96.295,96.295,96.295,1
1785298980,96.29,96.29,96.29,96.29,100
1785299220,96.295,96.295,96.295,96.295,30
1785299580,96.295,96.295,96.29,96.29,194
1785299760,96.295,96.295,96.295,96.295,10
1785299940,96.295,96.295,96.295,96.295,1
1785300000,96.29,96.29,96.29,96.29,5
1785300060,96.295,96.295,96.295,96.295,180
1785300120,96.295,96.295,96.295,96.295,1304
1785300240,96.295,96.295,96.295,96.295,400
1785300300,96.295,96.295,96.295,96.295,540
1785300360,96.295,96.295,96.295,96.295,36
1785300420,96.295,96.295,96.295,96.295,85
1785300480,96.295,96.295,96.295,96.295,11
1785300540,96.295,96.295,96.295,96.295,5
1785300660,96.295,96.295,96.295,96.295,101
1785300720,96.295,96.295,96.295,96.295,1
1785300900,96.295,96.295,96.295,96.295,167
1785301320,96.295,96.295,96.295,96.295,30
1785301740,96.295,96.295,96.295,96.295,1
1785301920,96.295,96.295,96.295,96.295,100
1785301980,96.295,96.295,96.295,96.295,192
1785302220,96.295,96.295,96.295,96.295,1
1785302520,96.295,96.295,96.295,96.295,408
1785302820,96.295,96.295,96.295,96.295,1
1785302880,96.295,96.295,96.295,96.295,8
1785302940,96.295,96.295,96.295,96.295,1180
1785303060,96.295,96.295,96.295,96.295,20
1785303180,96.295,96.295,96.295,96.295,200
1785303360,96.295,96.295,96.295,96.295,100
1785304440,96.3,96.3,96.3,96.3,1
1785304560,96.3,96.3,96.3,96.3,10
1785304620,96.3,96.3,96.3,96.3,1
1785305100,96.3,96.3,96.3,96.3,1
1785305340,96.3,96.3,96.295,96.295,381
1785305820,96.295,96.295,96.295,96.295,17
1785306240,96.3,96.3,96.3,96.3,100
1785307080,96.3,96.3,96.3,96.3,43
1785307140,96.3,96.3,96.3,96.3,192
1785307560,96.295,96.295,96.295,96.295,197
1785307680,96.295,96.295,96.295,96.295,526
1785307740,96.295,96.295,96.295,96.295,135
1785307800,96.295,96.295,96.295,96.295,256
1785307980,96.3,96.3,96.3,96.3,5
1785308160,96.295,96.295,96.295,96.295,17
1785308220,96.295,96.295,96.295,96.295,21
1785308280,96.295,96.295,96.295,96.295,503
1785308640,96.295,96.295,96.295,96.295,100
1785308700,96.295,96.295,96.295,96.295,32
1785308940,96.3,96.3,96.3,96.3,97
1785309240,96.3,96.3,96.3,96.3,375
1785309600,96.295,96.295,96.295,96.295,61
1785309900,96.3,96.3,96.295,96.295,194
1785310200,96.295,96.295,96.295,96.295,4
1785310320,96.295,96.295,96.295,96.295,9
1785310500,96.295,96.295,96.295,96.295,1100
1785310560,96.295,96.3,96.295,96.3,3
1785310620,96.295,96.295,96.295,96.295,3
1785310800,96.295,96.295,96.295,96.295,100
1785310920,96.295,96.295,96.295,96.295,3
1785311220,96.295,96.295,96.295,96.295,100
1785311400,96.295,96.295,96.295,96.295,100
1785311460,96.295,96.3,96.295,96.3,165
1785311580,96.295,96.295,96.295,96.295,100
1785311820,96.295,96.295,96.295,96.295,100
1785311880,96.295,96.3,96.295,96.3,108
1785312180,96.295,96.295,96.295,96.295,250
1785312480,96.3,96.3,96.3,96.3,192
1785312540,96.295,96.295,96.295,96.295,3
1785312660,96.295,96.3,96.295,96.295,1127
1785312780,96.295,96.295,96.295,96.295,54
1785312840,96.295,96.295,96.295,96.295,15
1785313020,96.3,96.3,96.295,96.295,295
1785313140,96.295,96.295,96.295,96.295,24
1785313200,96.295,96.295,96.295,96.295,30
1785313320,96.295,96.295,96.295,96.295,120
1785313380,96.295,96.295,96.295,96.295,3
1785313500,96.295,96.295,96.295,96.295,125
1785313560,96.295,96.295,96.295,96.295,150
1785313680,96.295,96.295,96.295,96.295,101
1785313860,96.295,96.295,96.295,96.295,18
1785313920,96.3,96.3,96.3,96.3,20
1785314100,96.295,96.295,96.295,96.295,50
1785314160,96.295,96.295,96.29,96.29,8985
1785314400,96.29,96.295,96.29,96.295,1301
1785314460,96.295,96.295,96.295,96.295,300
1785314760,96.29,96.29,96.29,96.29,200
1785314820,96.295,96.295,96.295,96.295,5
1785315060,96.295,96.295,96.295,96.295,4
1785315180,96.29,96.29,96.29,96.29,1877
1785315240,96.29,96.29,96.285,96.29,10435
1785315360,96.29,96.29,96.29,96.29,1280
1785315420,96.295,96.295,96.295,96.295,1
1785315480,96.29,96.29,96.29,96.29,281
1785315600,96.29,96.29,96.29,96.29,9
1785315660,96.29,96.29,96.29,96.29,50
1785316140,96.29,96.29,96.29,96.29,50
1785316560,96.29,96.29,96.29,96.29,275
1785316620,96.29,96.29,96.29,96.29,120
1785316680,96.29,96.29,96.29,96.29,100
1785316920,96.29,96.29,96.29,96.29,680
1785317040,96.29,96.29,96.29,96.29,120
1785317100,96.29,96.29,96.29,96.29,50
1785317160,96.29,96.29,96.29,96.29,50
1785317220,96.29,96.29,96.29,96.29,123
1785317280,96.29,96.29,96.29,96.29,50
1785317340,96.29,96.29,96.29,96.29,2
1785317400,96.29,96.29,96.29,96.29,100
1785317580,96.295,96.295,96.295,96.295,192
1785317640,96.29,96.29,96.29,96.29,5
1785317700,96.29,96.29,96.29,96.29,57
1785318060,96.29,96.29,96.29,96.29,3
1785318120,96.29,96.29,96.29,96.29,7
1785318360,96.29,96.29,96.29,96.29,7984
1785318420,96.29,96.29,96.29,96.29,52
1785318480,96.29,96.29,96.29,96.29,113
1785318600,96.29,96.29,96.29,96.29,9
1785318780,96.29,96.29,96.29,96.29,75
1785318840,96.29,96.29,96.29,96.29,1
1785318960,96.29,96.29,96.29,96.29,8
1785319020,96.29,96.29,96.29,96.29,10
1785319260,96.285,96.285,96.285,96.285,4
1785319320,96.29,96.29,96.29,96.29,240
1785319560,96.285,96.285,96.285,96.285,308
1785319740,96.285,96.285,96.285,96.285,500
1785320040,96.285,96.285,96.285,96.285,11325
1785320100,96.285,96.285,96.285,96.285,218
1785320160,96.285,96.285,96.285,96.285,8
1785320220,96.285,96.285,96.285,96.285,52
1785320280,96.285,96.285,96.285,96.285,233
1785320460,96.28,96.28,96.28,96.28,8
1785320580,96.28,96.28,96.28,96.28,6535
1785320640,96.28,96.28,96.28,96.28,314
1785320700,96.28,96.28,96.28,96.28,25
1785320880,96.275,96.28,96.275,96.28,532
1785320940,96.28,96.28,96.28,96.28,100
1785321060,96.28,96.28,96.28,96.28,309
1785321180,96.275,96.28,96.275,96.28,59
1785321420,96.28,96.285,96.28,96.28,2686
1785321480,96.28,96.28,96.28,96.28,1237
1785321540,96.28,96.28,96.28,96.28,214
1785321600,96.28,96.28,96.28,96.28,548
1785321660,96.28,96.28,96.28,96.28,172
1785321720,96.28,96.28,96.28,96.28,207
1785321780,96.28,96.28,96.28,96.28,400
1785321840,96.28,96.28,96.28,96.28,220
1785321960,96.285,96.285,96.285,96.285,125
1785322200,96.285,96.285,96.285,96.285,25
1785322260,96.28,96.28,96.28,96.28,27
1785322320,96.28,96.28,96.28,96.28,543
1785322380,96.285,96.285,96.28,96.28,50
1785322440,96.28,96.28,96.28,96.28,100
1785322620,96.285,96.285,96.285,96.285,192
1785322740,96.28,96.28,96.28,96.28,82
1785322800,96.28,96.28,96.28,96.28,250
1785322860,96.28,96.28,96.28,96.28,50
1785323040,96.28,96.28,96.28,96.28,100
1785323220,96.28,96.28,96.28,96.28,1
1785323400,96.28,96.28,96.28,96.28,200
1785323460,96.285,96.285,96.285,96.285,10
1785323580,96.285,96.285,96.285,96.285,40
1785323640,96.285,96.285,96.285,96.285,399
1785323700,96.28,96.285,96.28,96.285,911
1785323940,96.28,96.28,96.28,96.28,2
1785324000,96.285,96.285,96.285,96.285,1
1785324060,96.285,96.285,96.285,96.285,192
1785324360,96.285,96.285,96.285,96.285,1
1785324480,96.285,96.285,96.285,96.285,315
1785324540,96.285,96.285,96.285,96.285,11
1785324720,96.285,96.285,96.285,96.285,402
1785324780,96.285,96.285,96.285,96.285,515
1785324840,96.28,96.28,96.28,96.28,6299
1785324900,96.28,96.28,96.28,96.28,570
1785324960,96.28,96.285,96.28,96.285,150
1785325020,96.28,96.28,96.28,96.28,625
1785325080,96.28,96.28,96.28,96.28,58
1785325140,96.28,96.28,96.28,96.28,200
1785325320,96.28,96.28,96.28,96.28,312
1785325380,96.28,96.28,96.28,96.28,360
1785325440,96.28,96.28,96.28,96.28,600
1785325500,96.28,96.28,96.28,96.28,12
1785325620,96.285,96.285,96.285,96.285,192
1785325860,96.28,96.28,96.28,96.28,100
1785325920,96.28,96.28,96.28,96.28,250
1785325980,96.28,96.28,96.28,96.28,16
1785326040,96.285,96.285,96.285,96.285,100
1785326100,96.285,96.285,96.285,96.285,22
1785326160,96.285,96.285,96.285,96.285,230
1785326220,96.285,96.285,96.285,96.285,140
1785326280,96.285,96.285,96.285,96.285,342
1785326340,96.285,96.285,96.285,96.285,71
1785326400,96.285,96.285,96.285,96.285,1654
1785326460,96.285,96.285,96.285,96.285,1761
1785326580,96.285,96.285,96.285,96.285,907
1785326640,96.285,96.285,96.285,96.285,30
1785326700,96.285,96.285,96.285,96.285,1
1785326820,96.285,96.285,96.285,96.285,112
1785326880,96.28,96.28,96.28,96.28,150
1785326940,96.285,96.285,96.285,96.285,660
1785327060,96.285,96.285,96.285,96.285,40
1785327120,96.285,96.285,96.285,96.285,318
1785327240,96.285,96.285,96.285,96.285,202
1785327300,96.285,96.285,96.285,96.285,5
1785327360,96.285,96.285,96.28,96.28,271
1785327420,96.28,96.28,96.28,96.28,1092
1785327480,96.28,96.28,96.28,96.28,9
1785327540,96.285,96.285,96.28,96.28,918
1785327600,96.285,96.285,96.28,96.28,202
1785327720,96.285,96.285,96.28,96.28,629
1785327780,96.285,96.285,96.285,96.285,1
1785327840,96.285,96.285,96.28,96.28,16
1785327960,96.28,96.28,96.28,96.28,100
1785328020,96.285,96.285,96.285,96.285,193
1785328200,96.28,96.285,96.28,96.285,1053
1785328260,96.28,96.28,96.28,96.28,109
1785328320,96.28,96.28,96.28,96.28,8
1785328440,96.28,96.28,96.28,96.28,580
1785328560,96.28,96.28,96.28,96.28,2
1785328620,96.28,96.28,96.28,96.28,126
1785328680,96.28,96.285,96.28,96.285,325
1785328800,96.28,96.285,96.28,96.285,14
1785328920,96.285,96.285,96.285,96.285,192
1785329100,96.28,96.28,96.28,96.28,43
1785329400,96.285,96.285,96.285,96.285,3
1785329580,96.285,96.285,96.285,96.285,192
1785329700,96.285,96.285,96.285,96.285,1
1785329820,96.285,96.285,96.285,96.285,1
1785329880,96.285,96.285,96.285,96.285,194
1785329940,96.285,96.285,96.28,96.28,21
1785330000,96.28,96.28,96.28,96.28,4
1785330060,96.28,96.285,96.28,96.285,3
1785330120,96.28,96.285,96.28,96.285,109
1785330180,96.285,96.285,96.285,96.285,85
1785330240,96.285,96.285,96.28,96.28,350
1785330300,96.285,96.285,96.285,96.285,1
1785330420,96.28,96.28,96.28,96.28,7
1785330480,96.285,96.285,96.285,96.285,1
1785330540,96.285,96.285,96.285,96.285,5172
1785330600,96.285,96.285,96.285,96.285,161
1785330660,96.285,96.285,96.285,96.285,256
1785330840,96.285,96.285,96.285,96.285,244
1785330900,96.28,96.28,96.28,96.28,1
1785331020,96.285,96.285,96.285,96.285,213
1785331080,96.285,96.285,96.28,96.28,45
1785331140,96.285,96.285,96.285,96.285,68
1785331200,96.285,96.285,96.285,96.285,192
1785331260,96.285,96.285,96.285,96.285,1
1785331320,96.285,96.285,96.285,96.285,5
1785331380,96.285,96.285,96.285,96.285,6
1785331440,96.285,96.285,96.285,96.285,842
1785331500,96.285,96.285,96.285,96.285,119
1785331560,96.285,96.285,96.285,96.285,138
1785331620,96.285,96.285,96.28,96.285,680
1785331680,96.285,96.285,96.28,96.285,3
1785331800,96.285,96.285,96.285,96.285,193
1785332040,96.285,96.285,96.285,96.285,299
1785332100,96.285,96.285,96.285,96.285,350
1785332160,96.285,96.285,96.285,96.285,157
1785332220,96.285,96.285,96.285,96.285,40
1785332280,96.285,96.285,96.285,96.285,1
1785332340,96.285,96.285,96.285,96.285,293
1785332400,96.285,96.285,96.285,96.285,1
1785332460,96.285,96.285,96.285,96.285,304
1785332520,96.285,96.285,96.285,96.285,10
1785332580,96.285,96.285,96.285,96.285,132
1785332700,96.285,96.285,96.285,96.285,204
1785332760,96.285,96.285,96.28,96.28,76
1785332820,96.285,96.285,96.285,96.285,320
1785332940,96.285,96.285,96.285,96.285,193
1785333000,96.285,96.285,96.285,96.285,1
1785333120,96.285,96.285,96.285,96.285,400
1785333180,96.285,96.285,96.285,96.285,77
1785333240,96.285,96.285,96.285,96.285,2125
1785333300,96.285,96.285,96.285,96.285,314
1785333360,96.285,96.285,96.285,96.285,1
1785333420,96.285,96.285,96.285,96.285,16
1785333540,96.285,96.29,96.285,96.29,12791
1785333600,96.29,96.29,96.285,96.285,601
1785333660,96.285,96.29,96.285,96.29,1201
1785333720,96.285,96.29,96.285,96.29,112
1785333840,96.285,96.29,96.285,96.29,317
1785334020,96.29,96.29,96.285,96.285,199
1785334080,96.29,96.29,96.29,96.29,338
1785334200,96.285,96.285,96.285,96.285,49
1785334260,96.285,96.285,96.285,96.285,111
1785334320,96.285,96.285,96.285,96.285,170
1785334380,96.29,96.29,96.285,96.285,259
1785334560,96.29,96.29,96.29,96.29,500
1785334620,96.285,96.29,96.285,96.29,495
1785334680,96.285,96.285,96.285,96.285,2
1785334860,96.285,96.285,96.285,96.285,535
1785334980,96.29,96.29,96.29,96.29,243
1785335100,96.29,96.29,96.29,96.29,900
1785335160,96.285,96.285,96.285,96.285,1500
1785335280,96.285,96.29,96.285,96.29,4
1785335340,96.285,96.285,96.285,96.285,200
1785335400,96.29,96.29,96.29,96.29,50
1785335460,96.29,96.29,96.29,96.29,500
1785335580,96.285,96.285,96.285,96.285,240
1785335640,96.29,96.29,96.29,96.29,552
1785335700,96.29,96.29,96.29,96.29,51
1785335760,96.285,96.285,96.285,96.285,140
1785335820,96.29,96.29,96.29,96.29,1898
1785335880,96.285,96.29,96.285,96.29,51
1785336000,96.285,96.285,96.285,96.285,270
1785336180,96.29,96.29,96.285,96.29,1832
1785336240,96.29,96.29,96.285,96.29,343
1785336300,96.285,96.29,96.285,96.285,234
1785336360,96.285,96.285,96.285,96.285,10
1785336420,96.29,96.29,96.29,96.29,3
1785336480,96.29,96.29,96.29,96.29,1
1785336540,96.29,96.29,96.29,96.29,12
1785336600,96.285,96.29,96.285,96.29,812
1785336660,96.29,96.29,96.29,96.29,1170
1785336720,96.29,96.29,96.29,96.29,50
1785336780,96.29,96.29,96.29,96.29,50
1785336840,96.29,96.29,96.29,96.29,243
1785336900,96.285,96.29,96.285,96.29,860
1785337140,96.285,96.285,96.285,96.285,124
1785337200,96.29,96.29,96.29,96.29,2
1785337320,96.285,96.285,96.285,96.285,15
1785337380,96.285,96.285,96.285,96.285,1270
1785337440,96.285,96.285,96.285,96.285,222
1785337500,96.29,96.29,96.285,96.285,563
1785337560,96.29,96.29,96.29,96.29,5
1785337620,96.29,96.29,96.29,96.29,101
1785337680,96.29,96.29,96.29,96.29,1
1785337740,96.29,96.29,96.285,96.285,252
1785337800,96.285,96.285,96.285,96.285,333
1785337920,96.285,96.285,96.285,96.285,3
1785337980,96.285,96.285,96.285,96.285,38
1785338040,96.29,96.29,96.29,96.29,192
1785338100,96.29,96.29,96.29,96.29,29
1785338220,96.29,96.29,96.285,96.29,180
1785338280,96.29,96.29,96.285,96.29,671
1785338460,96.285,96.285,96.285,96.285,366
1785338520,96.29,96.29,96.285,96.285,928
1785338580,96.285,96.285,96.285,96.285,600
1785338640,96.285,96.285,96.285,96.285,8569
1785338700,96.285,96.285,96.28,96.28,92
1785338760,96.285,96.285,96.285,96.285,296
1785338820,96.285,96.285,96.285,96.285,2
1785338880,96.285,96.285,96.285,96.285,2135
1785339000,96.285,96.285,96.285,96.285,505
1785339060,96.285,96.285,96.28,96.285,2337
1785339120,96.285,96.285,96.28,96.28,102
1785339180,96.285,96.285,96.285,96.285,2677
1785339240,96.285,96.285,96.285,96.285,2406
1785339300,96.285,96.285,96.285,96.285,1423
1785339360,96.285,96.285,96.285,96.285,170
1785339420,96.285,96.285,96.285,96.285,11
1785339480,96.29,96.29,96.285,96.285,672
1785339540,96.285,96.285,96.285,96.285,1222
1785339600,96.285,96.285,96.285,96.285,1720
1785339660,96.285,96.285,96.285,96.285,671
1785339720,96.285,96.285,96.285,96.285,328
1785339780,96.29,96.29,96.285,96.285,186
1785339840,96.285,96.285,96.285,96.285,225
1785339900,96.285,96.285,96.285,96.285,724
1785339960,96.285,96.29,96.285,96.29,175
1785340020,96.29,96.29,96.285,96.285,460
1785340080,96.285,96.285,96.285,96.285,7
1785340260,96.285,96.285,96.285,96.285,1289
1785340380,96.285,96.285,96.285,96.285,235
1785340440,96.285,96.285,96.285,96.285,1200
1785340500,96.285,96.285,96.285,96.285,195
1785340560,96.285,96.285,96.285,96.285,250
1785340620,96.285,96.285,96.285,96.285,6398
1785340680,96.285,96.285,96.28,96.28,121
1785340800,96.285,96.285,96.285,96.285,1251
1785340860,96.285,96.285,96.285,96.285,57
1785340920,96.285,96.285,96.285,96.285,560
1785340980,96.285,96.285,96.285,96.285,261
1785341100,96.285,96.285,96.285,96.285,42
1785341220,96.285,96.285,96.285,96.285,44
1785341280,96.29,96.29,96.29,96.29,192
1785341340,96.29,96.29,96.285,96.285,3543
1785341460,96.29,96.29,96.29,96.29,100
1785341520,96.285,96.285,96.285,96.285,3
1785341580,96.285,96.285,96.285,96.285,37
1785341700,96.285,96.285,96.285,96.285,3
1785341760,96.285,96.29,96.285,96.285,14
1785341820,96.285,96.29,96.285,96.29,59
1785341940,96.285,96.29,96.285,96.29,395
1785342000,96.29,96.29,96.29,96.29,83
1785342060,96.29,96.29,96.29,96.29,193
1785342120,96.29,96.29,96.285,96.285,102
1785342180,96.29,96.29,96.29,96.29,10
1785342240,96.29,96.29,96.29,96.29,955
1785342300,96.29,96.29,96.29,96.29,251
1785342360,96.29,96.29,96.29,96.29,1231
1785342420,96.29,96.29,96.29,96.29,1124
1785342540,96.29,96.29,96.29,96.29,6
1785342600,96.29,96.29,96.29,96.29,14
1785342660,96.29,96.29,96.29,96.29,354
1785342780,96.29,96.29,96.29,96.29,262
1785342840,96.29,96.29,96.285,96.285,287
1785342900,96.29,96.29,96.29,96.29,1
1785343080,96.29,96.29,96.29,96.29,44
1785343140,96.285,96.285,96.285,96.285,200
1785343200,96.29,96.29,96.29,96.29,1
1785343260,96.29,96.29,96.29,96.29,2003
1785343320,96.29,96.29,96.29,96.29,1895
1785343380,96.29,96.29,96.29,96.29,2394
1785343440,96.29,96.29,96.29,96.29,719
1785343500,96.29,96.29,96.29,96.29,230
1785343560,96.29,96.29,96.29,96.29,258
1785343620,96.29,96.29,96.29,96.29,1026
1785343680,96.29,96.29,96.29,96.29,1329
1785343740,96.29,96.29,96.29,96.29,217
1785343800,96.29,96.29,96.29,96.29,300
1785343860,96.29,96.29,96.29,96.29,260
1785343920,96.29,96.29,96.29,96.29,352
1785343980,96.29,96.29,96.29,96.29,93
1785344040,96.29,96.29,96.29,96.29,51
1785344100,96.285,96.29,96.285,96.29,49
1785344160,96.29,96.29,96.29,96.29,22
1785344220,96.29,96.29,96.285,96.285,156
1785344280,96.29,96.29,96.29,96.29,5
1785344340,96.29,96.29,96.285,96.285,1645
1785344400,96.29,96.29,96.285,96.29,485
1785344460,96.29,96.29,96.29,96.29,194
1785344520,96.29,96.29,96.285,96.285,422
1785344580,96.29,96.29,96.285,96.29,83
1785344640,96.29,96.29,96.29,96.29,593
1785344700,96.29,96.29,96.29,96.29,81
1785344760,96.29,96.29,96.29,96.29,440
1785344820,96.29,96.29,96.285,96.285,6886
1785344880,96.285,96.29,96.285,96.29,115
1785344940,96.285,96.285,96.285,96.285,53
1785345000,96.29,96.29,96.29,96.29,343
1785345060,96.29,96.29,96.29,96.29,50
1785345120,96.29,96.29,96.29,96.29,253
1785345180,96.285,96.29,96.285,96.29,112
1785345240,96.29,96.29,96.29,96.29,415
1785345300,96.29,96.29,96.29,96.29,530
1785345360,96.29,96.29,96.285,96.29,5667
1785345420,96.295,96.295,96.29,96.295,270
1785345540,96.295,96.295,96.295,96.295,518
1785345600,96.295,96.295,96.29,96.295,3258
1785345660,96.295,96.295,96.295,96.295,1471
1785345720,96.295,96.295,96.295,96.295,192
1785345780,96.295,96.295,96.295,96.295,2
1785345840,96.29,96.295,96.29,96.295,56
1785345900,96.295,96.295,96.295,96.295,1326
1785345960,96.295,96.295,96.295,96.295,1204
1785346020,96.295,96.3,96.295,96.3,200
1785346080,96.3,96.3,96.3,96.3,598
1785346140,96.295,96.3,96.295,96.3,397
1785346200,96.295,96.295,96.295,96.295,324
1785346260,96.3,96.3,96.295,96.295,467
1785346320,96.295,96.3,96.295,96.3,858
1785346380,96.3,96.3,96.295,96.3,658
1785346440,96.295,96.3,96.295,96.295,730
1785346500,96.295,96.3,96.295,96.295,686
1785346560,96.295,96.3,96.295,96.3,635
1785346620,96.295,96.3,96.295,96.295,758
1785346680,96.3,96.3,96.3,96.3,1546
1785346740,96.3,96.3,96.295,96.3,3603
1785346800,96.3,96.3,96.295,96.3,985
1785346860,96.3,96.3,96.295,96.3,773
1785346920,96.3,96.3,96.3,96.3,1015
1785346980,96.295,96.305,96.295,96.305,3319
1785347040,96.3,96.3,96.3,96.3,1672
1785347100,96.3,96.3,96.3,96.3,1017
1785347160,96.3,96.3,96.295,96.3,2936
1785347220,96.3,96.3,96.3,96.3,847
1785347280,96.3,96.3,96.3,96.3,515
1785347340,96.3,96.305,96.3,96.3,896
1785347400,96.3,96.3,96.3,96.3,732
1785347460,96.3,96.3,96.3,96.3,2360
1785347520,96.3,96.3,96.3,96.3,320
1785347580,96.3,96.305,96.3,96.3,1182
1785347640,96.3,96.305,96.3,96.3,215
1785347700,96.3,96.305,96.3,96.3,652
1785347760,96.305,96.305,96.3,96.305,1531
1785347820,96.305,96.305,96.3,96.3,777
1785347880,96.3,96.305,96.3,96.305,936
1785347940,96.305,96.305,96.3,96.3,942
1785348000,96.295,96.365,96.285,96.365,39836
1785348060,96.365,96.365,96.36,96.365,16407
1785348120,96.365,96.365,96.365,96.365,14607
1785348180,96.365,96.365,96.36,96.365,55817
1785348240,96.365,96.365,96.36,96.36,56676
1785348300,96.36,96.365,96.36,96.365,32980
1785348360,96.365,96.37,96.365,96.365,13296
1785348420,96.37,96.37,96.365,96.365,1538
1785348480,96.37,96.37,96.365,96.365,1784
1785348540,96.365,96.365,96.365,96.365,142
1785348600,96.365,96.37,96.365,96.37,2737
1785348660,96.37,96.37,96.365,96.365,1171
1785348720,96.365,96.365,96.365,96.365,2097
1785348780,96.365,96.365,96.365,96.365,1229
1785348840,96.365,96.37,96.365,96.37,255
1785348900,96.37,96.37,96.365,96.365,680
1785349020,96.365,96.37,96.365,96.365,1574
1785349080,96.365,96.365,96.365,96.365,4
1785349140,96.365,96.37,96.365,96.37,49
1785349200,96.365,96.37,96.365,96.365,397
1785349260,96.365,96.37,96.365,96.365,200
1785349320,96.365,96.37,96.365,96.365,7203
1785349380,96.365,96.365,96.365,96.365,2
1785349440,96.365,96.365,96.365,96.365,1603
1785349500,96.365,96.365,96.365,96.365,1688
1785349560,96.365,96.365,96.365,96.365,374
1785349620,96.365,96.365,96.365,96.365,331
1785349680,96.37,96.37,96.37,96.37,3
1785349740,96.365,96.365,96.365,96.365,20831
1785349800,96.365,96.365,96.365,96.365,2850
1785349860,96.365,96.365,96.365,96.365,726
1785349920,96.365,96.365,96.365,96.365,279
1785349980,96.365,96.365,96.365,96.365,600
1785350040,96.365,96.365,96.365,96.365,1548
1785350100,96.365,96.365,96.365,96.365,575
1785350160,96.365,96.365,96.365,96.365,2429
1785350280,96.365,96.365,96.365,96.365,2
1785350340,96.37,96.37,96.37,96.37,1
1785350400,96.365,96.365,96.365,96.365,15
1785350460,96.37,96.37,96.37,96.37,13
1785350520,96.365,96.365,96.365,96.365,100
1785350580,96.365,96.365,96.365,96.365,205
1785350640,96.37,96.37,96.37,96.37,93
1785350760,96.365,96.365,96.365,96.365,42
1785350820,96.365,96.365,96.365,96.365,16
1785350880,96.365,96.37,96.365,96.37,711
1785350940,96.37,96.37,96.365,96.365,8
1785351000,96.37,96.37,96.365,96.365,7
1785351060,96.365,96.37,96.365,96.37,557
1785351180,96.365,96.365,96.365,96.365,2
1785351240,96.37,96.37,96.37,96.37,1180
1785351420,96.37,96.37,96.37,96.37,100
1785351480,96.365,96.365,96.365,96.365,146
1785351540,96.365,96.365,96.365,96.365,49
1785351600,96.365,96.365,96.365,96.365,96
1785351660,96.365,96.365,96.365,96.365,45
1785351720,96.365,96.365,96.365,96.365,17
1785351780,96.365,96.365,96.365,96.365,72
1785351840,96.365,96.37,96.365,96.37,507
1785352140,96.365,96.37,96.365,96.37,322
1785352200,96.365,96.365,96.365,96.365,46
1785352260,96.365,96.365,96.365,96.365,2
1785352320,96.365,96.365,96.365,96.365,6
1785352380,96.365,96.365,96.365,96.365,24
1785352440,96.365,96.37,96.365,96.365,1474
1785352560,96.365,96.37,96.365,96.365,290
1785352620,96.365,96.365,96.365,96.365,2
1785352680,96.365,96.365,96.365,96.365,58
1785352740,96.37,96.37,96.37,96.37,44
1785352800,96.365,96.365,96.365,96.365,45
1785352860,96.365,96.365,96.365,96.365,42
1785352920,96.365,96.365,96.365,96.365,11
1785352980,96.365,96.365,96.365,96.365,100
1785353040,96.365,96.37,96.365,96.37,393
1785353100,96.365,96.365,96.365,96.365,7913
1785353160,96.365,96.365,96.365,96.365,20
1785353220,96.365,96.365,96.365,96.365,316
1785353280,96.365,96.365,96.365,96.365,6
1785353340,96.365,96.37,96.365,96.37,23
1785353400,96.365,96.365,96.365,96.365,336
1785353520,96.365,96.365,96.365,96.365,9
1785353580,96.365,96.365,96.365,96.365,906
1785353640,96.365,96.365,96.365,96.365,281
1785353700,96.365,96.365,96.365,96.365,129
1785353760,96.365,96.365,96.365,96.365,28
1785353820,96.365,96.365,96.365,96.365,3
1785353880,96.365,96.365,96.365,96.365,29
1785353940,96.37,96.37,96.365,96.365,1000
1785354120,96.37,96.37,96.37,96.37,5
1785354180,96.365,96.365,96.365,96.365,200
1785354240,96.37,96.37,96.37,96.37,10
1785354480,96.365,96.365,96.365,96.365,1
1785354600,96.365,96.365,96.365,96.365,1291
1785354660,96.365,96.365,96.365,96.365,12
1785354840,96.37,96.37,96.37,96.37,8
1785354900,96.365,96.365,96.365,96.365,31
1785354960,96.365,96.365,96.365,96.365,15
1785355080,96.365,96.365,96.365,96.365,243
1785355140,96.365,96.365,96.365,96.365,99
1785355440,96.365,96.365,96.365,96.365,65
1785355500,96.365,96.365,96.365,96.365,3
1785355560,96.365,96.365,96.365,96.365,10
1785355680,96.365,96.365,96.365,96.365,500
1785355740,96.365,96.365,96.365,96.365,30
1785355800,96.365,96.37,96.365,96.37,481
1785355860,96.365,96.365,96.365,96.365,3
1785355920,96.365,96.365,96.365,96.365,396
1785355980,96.365,96.365,96.365,96.365,4
1785356040,96.365,96.365,96.365,96.365,23
1785356160,96.365,96.37,96.365,96.37,24887
1785356220,96.37,96.37,96.37,96.37,245
1785356340,96.365,96.365,96.365,96.365,110
1785356400,96.365,96.365,96.365,96.365,300
1785356460,96.37,96.37,96.37,96.37,5
1785356520,96.365,96.365,96.365,96.365,35
1785356580,96.365,96.365,96.365,96.365,150
1785356700,96.365,96.365,96.365,96.365,861
1785356760,96.365,96.365,96.365,96.365,756
1785356820,96.37,96.37,96.365,96.365,156
1785356880,96.365,96.365,96.365,96.365,2
1785356940,96.365,96.365,96.365,96.365,67
1785357000,96.365,96.365,96.365,96.365,2
1785357120,96.37,96.37,96.37,96.37,20
1785357180,96.37,96.37,96.37,96.37,49
1785357240,96.37,96.37,96.365,96.365,35
1785357540,96.365,96.365,96.365,96.365,1543
1785357600,96.37,96.37,96.37,96.37,6000
1785357660,96.365,96.365,96.365,96.365,9
1785357780,96.365,96.365,96.365,96.365,805
1785357840,96.365,96.365,96.365,96.365,3
1785358200,96.365,96.365,96.365,96.365,36
1785358260,96.37,96.37,96.37,96.37,6000
1785358320,96.365,96.365,96.365,96.365,55
1785358440,96.365,96.365,96.365,96.365,21
1785358500,96.365,96.365,96.365,96.365,64
1785358560,96.365,96.365,96.365,96.365,23
1785358620,96.365,96.365,96.365,96.365,18
1785358740,96.365,96.365,96.365,96.365,3
1785362640,96.365,96.365,96.365,96.365,5
1785362760,96.365,96.365,96.365,96.365,19
1785362820,96.365,96.365,96.365,96.365,300
1785363060,96.37,96.37,96.37,96.37,1
1785363300,96.365,96.365,96.365,96.365,1
1785363600,96.365,96.365,96.365,96.365,26
1785363840,96.365,96.365,96.365,96.365,80
1785365100,96.365,96.365,96.365,96.365,1
1785365160,96.365,96.365,96.365,96.365,3
1785365280,96.365,96.365,96.365,96.365,180
1785365820,96.365,96.365,96.365,96.365,10
1785365880,96.365,96.365,96.365,96.365,5
1785367200,96.365,96.365,96.365,96.365,7
1785367860,96.365,96.365,96.365,96.365,25
1785368640,96.365,96.365,96.365,96.365,6
1785368760,96.365,96.365,96.365,96.365,9
1785368820,96.365,96.365,96.365,96.365,2
1785369300,96.365,96.365,96.365,96.365,2
1785369420,96.365,96.365,96.365,96.365,1
1785369600,96.365,96.365,96.365,96.365,2
1785369780,96.365,96.365,96.365,96.365,47
1785370560,96.365,96.365,96.365,96.365,2
1785370920,96.365,96.365,96.365,96.365,25
1785371220,96.365,96.365,96.365,96.365,26
1785371280,96.365,96.365,96.365,96.365,25
1785371340,96.365,96.365,96.365,96.365,12
1785371460,96.365,96.365,96.365,96.365,50
1785371520,96.365,96.365,96.365,96.365,15
1785371580,96.365,96.365,96.365,96.365,1
1785372660,96.37,96.37,96.37,96.37,3
1785373140,96.365,96.365,96.365,96.365,88
1785373860,96.365,96.365,96.365,96.365,10
1785373920,96.365,96.365,96.365,96.365,1
1785375300,96.365,96.365,96.365,96.365,50
1785375420,96.365,96.365,96.365,96.365,26
1785375600,96.365,96.365,96.365,96.365,60
1785376200,96.365,96.365,96.365,96.365,300
1785378060,96.365,96.365,96.365,96.365,103
1785379140,96.365,96.365,96.365,96.365,1
1785379320,96.365,96.365,96.365,96.365,10
1785382800,96.365,96.365,96.365,96.365,200
1785386100,96.365,96.365,96.365,96.365,10
1785386580,96.365,96.365,96.365,96.365,10
1785387420,96.365,96.365,96.365,96.365,8
1785388200,96.365,96.365,96.365,96.365,5000
1785388560,96.365,96.365,96.365,96.365,59
1785389160,96.365,96.365,96.365,96.365,100
1785389820,96.365,96.365,96.365,96.365,1500
1785390300,96.365,96.365,96.365,96.365,200
1785390960,96.365,96.365,96.365,96.365,505
1785391020,96.365,96.365,96.365,96.365,31
1785391380,96.365,96.365,96.365,96.365,200
1785391740,96.365,96.365,96.365,96.365,60
1785391920,96.365,96.365,96.365,96.365,1
1785392100,96.365,96.365,96.365,96.365,6
1785392880,96.365,96.365,96.365,96.365,41
1785393780,96.365,96.365,96.365,96.365,500
1785393840,96.365,96.365,96.365,96.365,2000
1785394560,96.365,96.365,96.365,96.365,10
1785394920,96.37,96.37,96.37,96.37,1700
1785395100,96.365,96.365,96.365,96.365,70
1785395460,96.365,96.365,96.365,96.365,55
1785395940,96.365,96.365,96.365,96.365,10
1785396180,96.365,96.365,96.365,96.365,23
1785396420,96.365,96.365,96.365,96.365,1
1785396480,96.365,96.365,96.365,96.365,62
1785396600,96.365,96.365,96.365,96.365,117
1785396660,96.365,96.365,96.365,96.365,10
1785396720,96.37,96.37,96.365,96.365,3056
1785396840,96.365,96.365,96.365,96.365,4
1785396960,96.365,96.365,96.365,96.365,6
1785397260,96.365,96.365,96.365,96.365,480
1785397320,96.365,96.365,96.365,96.365,300
1785397560,96.365,96.365,96.365,96.365,150
1785397620,96.365,96.365,96.365,96.365,107
1785398040,96.365,96.365,96.365,96.365,2
1785398220,96.365,96.365,96.365,96.365,798
1785398700,96.365,96.365,96.365,96.365,57
1785399540,96.37,96.37,96.37,96.37,20
1785399660,96.365,96.365,96.365,96.365,4824
1785399840,96.365,96.365,96.365,96.365,210
1785400080,96.365,96.365,96.365,96.365,2
1785400440,96.365,96.365,96.365,96.365,700
1785400500,96.365,96.365,96.365,96.365,150
1785400680,96.365,96.365,96.365,96.365,1011
1785400740,96.365,96.365,96.365,96.365,1200
1785401040,96.365,96.365,96.365,96.365,19
1785401640,96.37,96.37,96.37,96.37,1
1785401760,96.365,96.365,96.365,96.365,10
1785402000,96.365,96.365,96.365,96.365,1313
1785403440,96.365,96.365,96.365,96.365,956
1785404220,96.365,96.365,96.365,96.365,1
1785404460,96.37,96.37,96.37,96.37,50
1785405180,96.365,96.365,96.365,96.365,18
1785405300,96.365,96.365,96.365,96.365,20
1785405360,96.365,96.365,96.365,96.365,250
1785405600,96.365,96.365,96.365,96.365,1
1785405780,96.365,96.365,96.365,96.365,1
1785407040,96.365,96.365,96.365,96.365,305
1785408000,96.365,96.365,96.365,96.365,64
1785408180,96.365,96.365,96.365,96.365,700
1785408360,96.37,96.37,96.365,96.365,5091
1785408960,96.365,96.365,96.365,96.365,54
1785409500,96.365,96.365,96.365,96.365,15
1785409560,96.365,96.365,96.365,96.365,1000
1785409620,96.365,96.365,96.365,96.365,500
1785410040,96.365,96.365,96.365,96.365,40
1785410100,96.37,96.37,96.37,96.37,12
1785410340,96.37,96.37,96.37,96.37,1
1785412620,96.37,96.37,96.37,96.37,200
1785412920,96.365,96.365,96.365,96.365,2
1785412980,96.365,96.365,96.365,96.365,1
1785413220,96.365,96.365,96.365,96.365,1
1785413460,96.365,96.365,96.365,96.365,2
1785413820,96.365,96.365,96.365,96.365,50
1785413940,96.37,96.37,96.37,96.37,597
1785414360,96.365,96.365,96.365,96.365,4
1785415620,96.365,96.365,96.365,96.365,39
1785415680,96.365,96.365,96.365,96.365,88
1785417060,96.365,96.365,96.365,96.365,20
1785417180,96.37,96.37,96.37,96.37,523
1785417240,96.365,96.365,96.365,96.365,350
1785418680,96.365,96.365,96.365,96.365,1256
1785418740,96.365,96.365,96.365,96.365,287
1785418980,96.365,96.365,96.365,96.365,29
1785419040,96.365,96.365,96.365,96.365,102
1785419100,96.365,96.365,96.365,96.365,3
1785419340,96.365,96.365,96.365,96.365,3
1785419400,96.37,96.37,96.37,96.37,1
1785419520,96.37,96.37,96.37,96.37,200
1785419580,96.37,96.37,96.37,96.37,36
1785419640,96.37,96.37,96.37,96.37,198
1785419700,96.365,96.37,96.365,96.37,21
1785419760,96.365,96.365,96.365,96.365,6
1785419820,96.365,96.365,96.365,96.365,5
1785420000,96.365,96.365,96.365,96.365,324
1785420120,96.365,96.365,96.365,96.365,15
1785420240,96.365,96.37,96.365,96.37,581
1785420420,96.365,96.365,96.365,96.365,32
1785420720,96.37,96.37,96.37,96.37,65
1785420780,96.365,96.365,96.365,96.365,2
1785421020,96.365,96.365,96.365,96.365,1
1785421200,96.37,96.37,96.365,96.365,82
1785421440,96.37,96.37,96.365,96.365,38
1785421560,96.365,96.365,96.365,96.365,25
1785422100,96.365,96.365,96.365,96.365,3
1785422160,96.37,96.37,96.37,96.37,100
1785422280,96.37,96.37,96.37,96.37,1
1785422340,96.37,96.37,96.37,96.37,4
1785422400,96.365,96.365,96.365,96.365,15
1785422820,96.365,96.365,96.365,96.365,2
1785422940,96.365,96.365,96.365,96.365,247
1785423060,96.365,96.365,96.365,96.365,9
1785423300,96.365,96.365,96.365,96.365,139
1785423480,96.365,96.365,96.365,96.365,1
1785423660,96.365,96.365,96.365,96.365,2
1785423960,96.365,96.365,96.365,96.365,9
1785424260,96.365,96.365,96.365,96.365,71
1785424380,96.365,96.365,96.365,96.365,38955
1785424440,96.365,96.365,96.365,96.365,189
1785424500,96.365,96.365,96.365,96.365,207
1785424620,96.365,96.365,96.365,96.365,1015
1785424800,96.365,96.365,96.365,96.365,51
1785424860,96.365,96.37,96.365,96.365,126
1785424920,96.365,96.365,96.365,96.365,1
1785424980,96.365,96.365,96.365,96.365,124
1785425100,96.365,96.365,96.365,96.365,16
1785425760,96.365,96.365,96.365,96.365,16
1785425940,96.365,96.365,96.365,96.365,11
1785426060,96.365,96.365,96.365,96.365,37
1785426600,96.37,96.37,96.37,96.37,2
1785426840,96.365,96.365,96.365,96.365,30
1785427380,96.365,96.365,96.365,96.365,994
1785427500,96.365,96.365,96.365,96.365,6
1785428280,96.37,96.37,96.37,96.37,25
1785429300,96.365,96.365,96.365,96.365,1
1785430440,96.365,96.365,96.365,96.365,101
1785431160,96.365,96.365,96.365,96.365,2
1785431280,96.37,96.37,96.37,96.37,25
1785431520,96.365,96.365,96.365,96.365,21
1785432240,96.37,96.37,96.37,96.37,200
1785432660,96.365,96.365,96.365,96.365,60
1785432900,96.365,96.365,96.365,96.365,648
1785433080,96.365,96.365,96.365,96.365,180
1785433260,96.365,96.365,96.365,96.365,6
1785433320,96.365,96.365,96.365,96.365,4
1785433800,96.365,96.365,96.365,96.365,1
1785434160,96.365,96.365,96.365,96.365,25
1785434520,96.365,96.365,96.365,96.365,3
1785434580,96.365,96.365,96.365,96.365,5
1785435300,96.365,96.365,96.365,96.365,18
1785435600,96.37,96.37,96.37,96.37,10
1785436680,96.37,96.37,96.37,96.37,11
1785437340,96.37,96.37,96.37,96.37,11
1785437400,96.365,96.365,96.365,96.365,56
1785437580,96.37,96.37,96.37,96.37,11
1785437640,96.365,96.365,96.365,96.365,1
1785437940,96.37,96.37,96.37,96.37,13
1785438000,96.365,96.365,96.365,96.365,16
1785438240,96.37,96.37,96.365,96.365,3
1785438360,96.365,96.365,96.365,96.365,338
1785438420,96.365,96.365,96.365,96.365,81
1785438540,96.365,96.365,96.365,96.365,42
1785438600,96.365,96.365,96.365,96.365,2
1785438660,96.365,96.365,96.365,96.365,204
1785439200,96.365,96.365,96.365,96.365,43
1785439920,96.37,96.37,96.37,96.37,28
1785439980,96.37,96.37,96.37,96.37,83
1785440160,96.365,96.365,96.365,96.365,1020
1785440220,96.37,96.37,96.37,96.37,18
1785440340,96.37,96.37,96.37,96.37,50
1785440400,96.37,96.37,96.37,96.37,50
1785440580,96.37,96.37,96.37,96.37,88
1785440640,96.37,96.37,96.37,96.37,69
1785441000,96.365,96.37,96.365,96.37,179
1785441300,96.365,96.365,96.365,96.365,7
1785441480,96.365,96.365,96.365,96.365,32
1785441540,96.37,96.37,96.37,96.37,100
1785441660,96.365,96.365,96.365,96.365,55
1785441780,96.37,96.37,96.37,96.37,88
1785441840,96.37,96.37,96.37,96.37,62
1785442620,96.365,96.365,96.365,96.365,1
1785443220,96.37,96.37,96.37,96.37,2
1785444300,96.37,96.37,96.37,96.37,532
1785444360,96.37,96.37,96.37,96.37,99
1785448800,96.37,96.37,96.37,96.37,5
1785449040,96.37,96.37,96.37,96.37,7
1785449580,96.37,96.37,96.37,96.37,1
1785450660,96.365,96.365,96.365,96.365,5
1785452700,96.365,96.365,96.365,96.365,10
1785454980,96.37,96.37,96.37,96.37,1
1785455340,96.37,96.37,96.37,96.37,1
1785456840,96.37,96.37,96.37,96.37,1
1785457260,96.37,96.37,96.37,96.37,1
1785457740,96.37,96.37,96.37,96.37,1
1785459000,96.37,96.37,96.37,96.37,30
1785459240,96.365,96.365,96.365,96.365,300
1785459300,96.37,96.37,96.37,96.37,1
1785459780,96.365,96.365,96.365,96.365,150
1785459840,96.37,96.37,96.37,96.37,146
1785459960,96.365,96.365,96.365,96.365,300
1785460020,96.37,96.37,96.37,96.37,126
1785460560,96.37,96.37,96.37,96.37,79
1785460620,96.37,96.37,96.37,96.37,9
1785461640,96.37,96.37,96.37,96.37,3
1785462240,96.37,96.37,96.37,96.37,10
1785463680,96.37,96.37,96.37,96.37,6
1785463920,96.37,96.37,96.37,96.37,6
1785464460,96.37,96.37,96.37,96.37,6
1785464940,96.37,96.37,96.37,96.37,1
1785465420,96.37,96.37,96.37,96.37,1
1785465600,96.365,96.365,96.365,96.365,1
1785465840,96.365,96.365,96.365,96.365,150
1785477000,96.365,96.365,96.365,96.365,7
1785477600,96.37,96.37,96.37,96.37,1
1785477720,96.37,96.37,96.37,96.37,1
1785477900,96.37,96.37,96.37,96.37,1
1785478860,96.37,96.37,96.37,96.37,1
1785478920,96.37,96.37,96.37,96.37,1
1785478980,96.37,96.37,96.37,96.37,1
1785479340,96.37,96.37,96.37,96.37,1
1785479700,96.365,96.365,96.365,96.365,16
1785480360,96.365,96.365,96.365,96.365,1202
1785482640,96.37,96.37,96.37,96.37,6
1785483240,96.37,96.37,96.37,96.37,1
1785483300,96.365,96.365,96.365,96.365,33
1785485220,96.37,96.37,96.37,96.37,1
1785486360,96.37,96.37,96.37,96.37,1
1785487260,96.365,96.365,96.365,96.365,171
1785491460,96.365,96.365,96.365,96.365,400
1785492180,96.365,96.365,96.365,96.365,11
1785492240,96.365,96.365,96.365,96.365,4
1785492480,96.37,96.37,96.365,96.365,174
1785493140,96.365,96.365,96.365,96.365,1000
1785493980,96.365,96.365,96.365,96.365,313
1785494340,96.365,96.365,96.365,96.365,200
1785494700,96.365,96.365,96.365,96.365,7
1785494940,96.365,96.365,96.365,96.365,800
1785495000,96.365,96.365,96.365,96.365,11
1785495960,96.365,96.365,96.365,96.365,289
1785497460,96.365,96.365,96.365,96.365,4
1785497520,96.365,96.365,96.365,96.365,1
1785498720,96.365,96.365,96.365,96.365,260
1785498960,96.37,96.37,96.37,96.37,8
1785500220,96.365,96.365,96.365,96.365,3
1785500820,96.365,96.365,96.365,96.365,11
1785501480,96.365,96.365,96.365,96.365,15
1785502080,96.37,96.37,96.37,96.37,1
1785502380,96.37,96.37,96.37,96.37,3
1785502800,96.365,96.365,96.365,96.365,500
1785503100,96.37,96.37,96.37,96.37,5
1785503400,96.37,96.37,96.37,96.37,9
1785504120,96.37,96.37,96.37,96.37,2
1785504300,96.37,96.37,96.37,96.37,9
1785504360,96.37,96.37,96.37,96.37,4
1785504480,96.37,96.37,96.37,96.37,6
1785504660,96.37,96.37,96.37,96.37,10
1785505080,96.365,96.365,96.365,96.365,5
1785505140,96.37,96.37,96.37,96.37,13
1785505620,96.37,96.37,96.37,96.37,2717
1785505740,96.37,96.37,96.37,96.37,1
1785506040,96.365,96.365,96.365,96.365,100
1785506280,96.365,96.365,96.365,96.365,1
1785506460,96.365,96.365,96.365,96.365,9
1785506760,96.365,96.365,96.365,96.365,100
1785507300,96.37,96.37,96.37,96.37,4
1785507660,96.365,96.37,96.365,96.37,1510
1785507840,96.365,96.365,96.365,96.365,50
1785508140,96.37,96.37,96.37,96.37,1061
1785508320,96.365,96.365,96.365,96.365,183
1785508620,96.37,96.37,96.365,96.37,14
1785509580,96.37,96.37,96.37,96.37,996
1785510120,96.37,96.37,96.37,96.37,1
1785510480,96.37,96.37,96.37,96.37,48
1785510540,96.37,96.37,96.37,96.37,1442
1785510960,96.365,96.365,96.365,96.365,22
1785511500,96.365,96.365,96.365,96.365,20
1785511560,96.37,96.37,96.37,96.37,1
1785511860,96.37,96.37,96.365,96.365,4
1785512100,96.37,96.37,96.37,96.37,3
1785513120,96.37,96.37,96.37,96.37,1
1785513420,96.37,96.37,96.37,96.37,2
1785514140,96.37,96.37,96.37,96.37,6
1785514200,96.365,96.365,96.365,96.365,400
1785514260,96.365,96.365,96.365,96.365,68
1785514380,96.37,96.37,96.37,96.37,72
1785515580,96.37,96.37,96.37,96.37,7
1785516060,96.37,96.37,96.37,96.37,9
1785516840,96.365,96.365,96.365,96.365,40
1785518100,96.37,96.37,96.37,96.37,2
1785518220,96.37,96.37,96.37,96.37,1
1785518280,96.37,96.37,96.37,96.37,230
1785518340,96.37,96.37,96.37,96.37,2
1785518580,96.37,96.37,96.37,96.37,1
1785518820,96.37,96.37,96.37,96.37,2
1785519060,96.37,96.37,96.37,96.37,802
1785519120,96.365,96.365,96.365,96.365,122
1785519360,96.37,96.37,96.37,96.37,2
1785519480,96.37,96.37,96.37,96.37,800
1785519600,96.37,96.37,96.37,96.37,302
1785519660,96.37,96.37,96.37,96.37,2
1785519840,96.37,96.37,96.37,96.37,55
1785519900,96.37,96.37,96.37,96.37,21
1785520020,96.37,96.37,96.37,96.37,43
1785520080,96.37,96.37,96.37,96.37,2
1785520320,96.37,96.37,96.37,96.37,2
1785520620,96.37,96.37,96.37,96.37,2
1785520860,96.37,96.37,96.37,96.37,42
1785521040,96.37,96.37,96.37,96.37,20
1785521100,96.37,96.37,96.37,96.37,1
1785521160,96.37,96.37,96.37,96.37,1
1785521280,96.37,96.37,96.37,96.37,55
1785521340,96.37,96.37,96.37,96.37,202
1785521400,96.37,96.37,96.37,96.37,20
1785521580,96.37,96.37,96.37,96.37,2
1785521640,96.365,96.365,96.365,96.365,28
1785521820,96.37,96.37,96.37,96.37,20
1785521880,96.37,96.37,96.37,96.37,2
1785522120,96.37,96.37,96.37,96.37,2
1785522180,96.37,96.37,96.37,96.37,35
1785522360,96.37,96.37,96.37,96.37,1
1785522600,96.365,96.37,96.365,96.37,302
1785522720,96.365,96.365,96.365,96.365,8
1785522840,96.37,96.37,96.37,96.37,2
1785523140,96.37,96.37,96.37,96.37,2
1785523380,96.37,96.37,96.37,96.37,2
1785523620,96.37,96.37,96.37,96.37,1
1785523860,96.37,96.37,96.37,96.37,5
1785523920,96.37,96.37,96.37,96.37,43
1785524100,96.37,96.37,96.37,96.37,2
1785524340,96.365,96.37,96.365,96.365,83
1785524400,96.37,96.37,96.37,96.37,25
1785525120,96.37,96.37,96.37,96.37,15
1785525660,96.37,96.37,96.37,96.37,1
1785526560,96.37,96.37,96.37,96.37,72
1785527580,96.365,96.365,96.365,96.365,59
1785528060,96.37,96.37,96.37,96.37,1
1785528120,96.365,96.365,96.365,96.365,6
1785528420,96.37,96.37,96.37,96.37,1
1785529920,96.365,96.365,96.365,96.365,7
1785530100,96.365,96.365,96.365,96.365,222
1785530220,96.365,96.365,96.365,96.365,377
1785530580,96.365,96.365,96.365,96.365,58
1785530880,96.365,96.37,96.365,96.37,1557
1785531000,96.365,96.365,96.365,96.365,98
1785531060,96.365,96.365,96.365,96.365,150
1785531240,96.365,96.365,96.365,96.365,100
1785531360,96.37,96.37,96.365,96.365,1011
1785531420,96.365,96.365,96.365,96.365,57
1785531480,96.37,96.37,96.37,96.37,11
1785531540,96.365,96.37,96.365,96.365,802
1785708000,96.29,96.295,96.29,96.295,70
1785708300,96.29,96.29,96.29,96.29,58
1785708360,96.29,96.29,96.29,96.29,297
1785709080,96.29,96.29,96.29,96.29,75
1785709380,96.29,96.29,96.29,96.29,11
1785709440,96.29,96.29,96.29,96.29,9
1785711600,96.29,96.29,96.29,96.29,3
1785712260,96.295,96.295,96.295,96.295,2
1785714180,96.29,96.29,96.29,96.29,18
1785715260,96.29,96.29,96.29,96.29,7
1785716100,96.29,96.29,96.29,96.29,2
1785717960,96.29,96.29,96.29,96.29,2
1785724140,96.29,96.29,96.29,96.29,1
1785725460,96.29,96.29,96.29,96.29,3
1785725640,96.29,96.29,96.29,96.29,1
1785727800,96.29,96.29,96.29,96.29,6
1785728880,96.285,96.285,96.28,96.285,200
1785732000,96.285,96.285,96.285,96.285,201
1785735660,96.29,96.29,96.29,96.29,176
1785735840,96.29,96.29,96.29,96.29,3
1785736980,96.29,96.29,96.29,96.29,12
1785737040,96.29,96.29,96.29,96.29,77
1785738900,96.29,96.29,96.29,96.29,101
1785741660,96.29,96.29,96.29,96.29,25
1785741900,96.29,96.29,96.29,96.29,40
1785742200,96.29,96.29,96.29,96.29,5
1785743940,96.29,96.29,96.29,96.29,78
1785746220,96.29,96.29,96.29,96.29,42
1785746460,96.29,96.29,96.29,96.29,45
1785751860,96.295,96.295,96.295,96.295,200
1785752940,96.295,96.295,96.295,96.295,23
1785756660,96.295,96.295,96.295,96.295,50
1785758280,96.29,96.29,96.29,96.29,2
1785759120,96.29,96.29,96.29,96.29,5
1785763800,96.295,96.295,96.295,96.295,2
1785764460,96.295,96.295,96.295,96.295,2
1785765060,96.29,96.29,96.29,96.29,34
1785765540,96.29,96.29,96.29,96.29,4
1785765600,96.29,96.29,96.29,96.29,547
1785766200,96.29,96.29,96.29,96.29,15
1785766320,96.29,96.29,96.29,96.29,5
1785766620,96.29,96.29,96.29,96.29,70
1785767760,96.29,96.29,96.29,96.29,4
1785767940,96.29,96.29,96.29,96.29,4223
1785768000,96.29,96.29,96.29,96.29,1
1785768780,96.29,96.29,96.29,96.29,842
1785768900,96.29,96.29,96.29,96.29,903
1785769560,96.29,96.29,96.29,96.29,262
1785769680,96.29,96.29,96.285,96.285,94
1785769920,96.29,96.29,96.29,96.29,10
1785769980,96.29,96.29,96.29,96.29,35
1785770040,96.29,96.295,96.29,96.29,305
1785770100,96.29,96.29,96.29,96.29,1
1785770520,96.29,96.29,96.29,96.29,1
1785771120,96.285,96.29,96.285,96.29,102
1785771300,96.285,96.285,96.285,96.285,82
1785771360,96.29,96.29,96.285,96.285,63
1785771540,96.285,96.285,96.285,96.285,10
1785771960,96.285,96.285,96.285,96.285,2
1785772920,96.285,96.285,96.285,96.285,72
1785773100,96.285,96.285,96.285,96.285,42
1785773460,96.285,96.285,96.285,96.285,4
1785773580,96.285,96.285,96.285,96.285,2
1785774120,96.285,96.285,96.285,96.285,1
1785774300,96.285,96.285,96.285,96.285,1
1785774360,96.285,96.285,96.285,96.285,3
1785774480,96.285,96.285,96.285,96.285,1
1785775320,96.285,96.285,96.285,96.285,1
1785776460,96.285,96.285,96.285,96.285,1
1785776820,96.285,96.285,96.285,96.285,1
1785777300,96.285,96.285,96.285,96.285,12
1785780060,96.285,96.285,96.285,96.285,28
1785782880,96.285,96.285,96.285,96.285,100
1785783060,96.29,96.29,96.29,96.29,5
1785783300,96.29,96.29,96.29,96.29,20
1785783480,96.285,96.285,96.285,96.285,1
1785783540,96.285,96.29,96.285,96.285,309
1785783600,96.29,96.29,96.29,96.29,5
1785784140,96.285,96.285,96.285,96.285,3
1785784500,96.285,96.285,96.285,96.285,11
1785785040,96.285,96.29,96.285,96.285,523
1785785280,96.29,96.29,96.29,96.29,25
1785785520,96.285,96.285,96.285,96.285,9
1785785580,96.29,96.29,96.29,96.29,8
1785785640,96.29,96.29,96.285,96.285,155
1785786180,96.29,96.29,96.29,96.29,2262
1785786240,96.29,96.29,96.29,96.29,539
1785786420,96.29,96.29,96.29,96.29,28
1785786720,96.29,96.29,96.29,96.29,292
1785787020,96.285,96.285,96.285,96.285,1
1785787140,96.29,96.29,96.29,96.29,351
1785787200,96.29,96.29,96.29,96.29,50
1785787320,96.29,96.29,96.29,96.29,2
1785787560,96.29,96.29,96.29,96.29,1
1785787920,96.29,96.29,96.29,96.29,1
1785788280,96.29,96.29,96.29,96.29,25
1785789180,96.29,96.29,96.29,96.29,100
1785789480,96.29,96.29,96.29,96.29,261
1785790560,96.29,96.29,96.29,96.29,5
1785790680,96.29,96.29,96.29,96.29,1
1785794400,96.29,96.29,96.29,96.29,2
1785795240,96.29,96.29,96.29,96.29,10
1785805560,96.29,96.29,96.29,96.29,4
1785808200,96.295,96.295,96.295,96.295,1
1785822060,96.29,96.29,96.29,96.29,2
1785832260,96.295,96.295,96.295,96.295,20
1785836280,96.295,96.295,96.295,96.295,12
1785843120,96.295,96.295,96.29,96.29,61
1785843780,96.295,96.295,96.295,96.295,1432
1785843960,96.295,96.295,96.295,96.295,1
1785844260,96.295,96.295,96.295,96.295,10
1785844560,96.295,96.295,96.295,96.295,3
1785844800,96.295,96.295,96.295,96.295,12
1785845460,96.295,96.295,96.295,96.295,1083
1785845520,96.295,96.295,96.295,96.295,177
1785846300,96.295,96.295,96.295,96.295,40
1785846720,96.295,96.295,96.295,96.295,2
1785846780,96.295,96.295,96.295,96.295,1
1785846840,96.295,96.295,96.295,96.295,1579
1785846900,96.295,96.295,96.295,96.295,154
1785846960,96.295,96.295,96.295,96.295,151
1785847080,96.295,96.295,96.295,96.295,1
1785847440,96.3,96.3,96.3,96.3,1626
1785848220,96.295,96.295,96.295,96.295,682
1785848340,96.295,96.295,96.295,96.295,10
1785848760,96.295,96.295,96.295,96.295,10
1785849000,96.295,96.295,96.295,96.295,5
1785849060,96.295,96.295,96.295,96.295,20
1785849240,96.295,96.295,96.295,96.295,13
1785849300,96.295,96.295,96.295,96.295,21
1785849360,96.295,96.295,96.295,96.295,1
1785849420,96.295,96.295,96.295,96.295,1
1785849600,96.295,96.295,96.295,96.295,1842
1785849780,96.3,96.3,96.3,96.3,10
1785850320,96.3,96.3,96.3,96.3,4
1785850680,96.3,96.3,96.3,96.3,222
1785850920,96.3,96.3,96.3,96.3,80
1785850980,96.3,96.3,96.3,96.3,61
1785851040,96.3,96.3,96.3,96.3,4
1785851400,96.3,96.3,96.3,96.3,7
1785851580,96.3,96.3,96.3,96.3,10
1785851640,96.3,96.3,96.3,96.3,6
1785851700,96.295,96.295,96.295,96.295,139
1785852120,96.3,96.3,96.3,96.3,10
1785852300,96.295,96.295,96.295,96.295,566
1785852360,96.295,96.295,96.295,96.295,5
1785852600,96.3,96.3,96.3,96.3,32
1785853200,96.295,96.3,96.295,96.3,442
1785853380,96.295,96.295,96.295,96.295,20
1785854640,96.3,96.3,96.3,96.3,5
1785855360,96.295,96.295,96.295,96.295,76
1785855420,96.295,96.295,96.295,96.295,2
1785856140,96.295,96.3,96.295,96.295,600
1785856500,96.295,96.295,96.295,96.295,125
1785857280,96.295,96.295,96.295,96.295,81
1785857400,96.3,96.3,96.3,96.3,3
1785857760,96.3,96.3,96.3,96.3,52
1785858660,96.3,96.3,96.3,96.3,11
1785858780,96.3,96.3,96.3,96.3,21
1785858900,96.3,96.3,96.3,96.3,20
1785859140,96.3,96.3,96.3,96.3,3
1785859200,96.3,96.3,96.3,96.3,2
1785859500,96.3,96.3,96.3,96.3,3
1785859560,96.3,96.3,96.3,96.3,1
1785859800,96.3,96.3,96.295,96.3,408
1785859860,96.3,96.3,96.3,96.3,2
1785860100,96.3,96.305,96.3,96.305,1278
1785860160,96.305,96.305,96.305,96.305,20
1785860460,96.3,96.3,96.3,96.3,6
1785860700,96.305,96.305,96.305,96.305,1
1785861000,96.3,96.3,96.3,96.3,30
1785861060,96.3,96.305,96.3,96.305,283
1785861360,96.3,96.3,96.3,96.3,3801
1785861540,96.3,96.3,96.3,96.3,2
1785861780,96.3,96.3,96.3,96.3,2
1785862380,96.295,96.295,96.295,96.295,3
1785862500,96.3,96.3,96.3,96.3,65
1785864180,96.3,96.3,96.3,96.3,10
1785866220,96.3,96.3,96.3,96.3,19
1785866340,96.3,96.3,96.3,96.3,1
1785866940,96.295,96.295,96.295,96.295,1
1785867480,96.3,96.3,96.3,96.3,1
1785868980,96.295,96.295,96.295,96.295,3
1785869820,96.3,96.3,96.3,96.3,5
1785869940,96.3,96.3,96.295,96.295,158
1785871980,96.295,96.295,96.295,96.295,5
1785872940,96.295,96.3,96.295,96.3,21
1785873420,96.3,96.3,96.3,96.3,20
1785873720,96.3,96.3,96.3,96.3,6
1785874020,96.3,96.3,96.3,96.3,10
1785874260,96.3,96.3,96.3,96.3,10
1785874560,96.3,96.3,96.3,96.3,19
1785874680,96.3,96.3,96.3,96.3,103
1785874860,96.3,96.3,96.3,96.3,2
1785875700,96.3,96.3,96.3,96.3,10
1785875760,96.3,96.3,96.3,96.3,40
1785876900,96.3,96.3,96.3,96.3,20
1785876960,96.295,96.295,96.295,96.295,300
1785877020,96.295,96.295,96.295,96.295,238
1785877140,96.295,96.295,96.295,96.295,9
1785882000,96.3,96.3,96.3,96.3,1
1785883800,96.3,96.3,96.3,96.3,3
1785884700,96.295,96.295,96.295,96.295,18
1785888000,96.295,96.295,96.295,96.295,72
1785888060,96.295,96.295,96.295,96.295,36
1785898200,96.3,96.3,96.3,96.3,1
1785898620,96.3,96.3,96.3,96.3,2
1785898920,96.3,96.3,96.3,96.3,447
1785900300,96.3,96.3,96.3,96.3,2
1785900360,96.3,96.3,96.3,96.3,214
1785901200,96.3,96.3,96.3,96.3,2
1785902460,96.3,96.3,96.3,96.3,13
1785906360,96.3,96.3,96.3,96.3,6
1785909000,96.3,96.3,96.3,96.3,2
1785909780,96.3,96.305,96.3,96.305,318
1785909840,96.3,96.3,96.3,96.3,5
1785909960,96.3,96.3,96.3,96.3,5
1785910680,96.3,96.3,96.3,96.3,1
1785910860,96.3,96.3,96.3,96.3,6
1785911100,96.3,96.3,96.3,96.3,1
1785911160,96.3,96.3,96.3,96.3,2
1785911220,96.3,96.3,96.295,96.295,411
1785914940,96.295,96.295,96.295,96.295,100
1785918120,96.295,96.295,96.295,96.295,28
1785920880,96.3,96.3,96.3,96.3,100
1785922080,96.3,96.3,96.3,96.3,10
1785923100,96.3,96.3,96.3,96.3,1
1785923280,96.3,96.3,96.3,96.3,20
1785924480,96.3,96.3,96.3,96.3,1
1785925320,96.3,96.3,96.3,96.3,1
1785925920,96.3,96.3,96.3,96.3,1
1785927120,96.3,96.3,96.3,96.3,225
1785927360,96.3,96.3,96.3,96.3,16
1785927420,96.3,96.3,96.3,96.3,121
1785927480,96.3,96.3,96.3,96.3,8
1785928080,96.3,96.3,96.3,96.3,3
1785928140,96.3,96.3,96.3,96.3,148
1785928560,96.3,96.3,96.3,96.3,5
1785928740,96.3,96.3,96.3,96.3,15
1785928860,96.3,96.3,96.3,96.3,1
1785928980,96.3,96.3,96.3,96.3,2
1785930000,96.3,96.3,96.3,96.3,4
1785931140,96.3,96.3,96.3,96.3,537
1785932100,96.3,96.3,96.3,96.3,100
1785932220,96.3,96.3,96.3,96.3,8
1785932280,96.3,96.3,96.3,96.3,1096
1785932700,96.3,96.3,96.3,96.3,23
1785932760,96.3,96.3,96.295,96.295,562
1785932820,96.3,96.3,96.3,96.3,57
1785933780,96.3,96.3,96.3,96.3,200
1785934020,96.3,96.3,96.3,96.3,5
1785934320,96.3,96.3,96.3,96.3,1
1785934800,96.3,96.3,96.3,96.3,50
1785934980,96.3,96.3,96.3,96.3,50
1785935940,96.3,96.3,96.3,96.3,5
1785936240,96.3,96.3,96.3,96.3,18
1785936300,96.3,96.3,96.3,96.3,24
1785936360,96.3,96.3,96.3,96.3,5
1785937020,96.3,96.3,96.3,96.3,15
1785937140,96.3,96.3,96.3,96.3,2
1785937200,96.3,96.3,96.3,96.3,1045
1785937260,96.3,96.3,96.3,96.3,1
1785937440,96.3,96.3,96.3,96.3,409
1785937500,96.3,96.3,96.3,96.3,423
1785937620,96.3,96.3,96.3,96.3,1
1785938160,96.3,96.3,96.3,96.3,60
1785938340,96.3,96.3,96.3,96.3,7
1785938400,96.3,96.3,96.3,96.3,63
1785938460,96.3,96.3,96.3,96.3,2
1785938520,96.3,96.3,96.3,96.3,14
1785938580,96.3,96.3,96.3,96.3,22
1785938640,96.3,96.3,96.3,96.3,390
1785938700,96.3,96.3,96.3,96.3,59
1785938820,96.3,96.3,96.3,96.3,1
1785938880,96.3,96.3,96.295,96.3,282
1785938940,96.3,96.3,96.3,96.3,520
1785939000,96.3,96.3,96.3,96.3,73
1785939660,96.295,96.295,96.295,96.295,10
1785940020,96.295,96.295,96.295,96.295,2
1785940080,96.3,96.3,96.3,96.3,1
1785942120,96.3,96.3,96.3,96.3,12
1785942480,96.3,96.3,96.3,96.3,30
1785942660,96.3,96.3,96.3,96.3,26
1785943500,96.295,96.295,96.295,96.295,28
1785943620,96.3,96.3,96.295,96.295,24
1785944940,96.3,96.3,96.295,96.3,30
1785945300,96.295,96.295,96.295,96.295,135
1785945420,96.3,96.3,96.3,96.3,2
1785949200,96.3,96.3,96.3,96.3,50
1785950400,96.3,96.3,96.3,96.3,388
1785950460,96.3,96.3,96.3,96.3,646
1785951060,96.3,96.3,96.3,96.3,2
1785951720,96.3,96.3,96.3,96.3,2
1785952980,96.305,96.305,96.305,96.305,11
1785956100,96.305,96.305,96.305,96.305,102
1785956160,96.3,96.3,96.3,96.3,1
1785956220,96.3,96.3,96.3,96.3,4
1785956280,96.3,96.305,96.3,96.3,6
1785956340,96.3,96.305,96.3,96.305,43
1785958380,96.305,96.305,96.305,96.305,4
1785958560,96.305,96.305,96.305,96.305,2
1785958620,96.305,96.305,96.305,96.305,1
1785959520,96.3,96.3,96.3,96.3,2654
1785959760,96.3,96.3,96.3,96.3,5
1785960300,96.3,96.3,96.3,96.3,1
1785960540,96.305,96.305,96.305,96.305,16
1785963360,96.305,96.305,96.305,96.305,11
1785967680,96.3,96.3,96.3,96.3,306
1785978000,96.3,96.3,96.3,96.3,330
1785978420,96.3,96.3,96.3,96.3,1
1785985380,96.3,96.3,96.3,96.3,251
1785991980,96.3,96.3,96.3,96.3,100
1785992520,96.3,96.3,96.3,96.3,61
1785993540,96.3,96.3,96.3,96.3,13
1785993840,96.3,96.3,96.3,96.3,6
1785994200,96.3,96.3,96.3,96.3,28
1785995400,96.3,96.3,96.3,96.3,8
1785995880,96.305,96.305,96.305,96.305,3
1785996720,96.3,96.3,96.3,96.3,2
1785996960,96.3,96.3,96.3,96.3,1
1785997020,96.3,96.3,96.3,96.3,253
1785997080,96.3,96.3,96.3,96.3,1
1785997320,96.3,96.3,96.3,96.3,1
1785998280,96.3,96.3,96.3,96.3,2
1785998820,96.3,96.3,96.3,96.3,9
1785999600,96.3,96.3,96.3,96.3,1
1786001580,96.3,96.3,96.3,96.3,100
1786001760,96.3,96.3,96.3,96.3,79
1786003260,96.3,96.3,96.3,96.3,13
1786003440,96.3,96.3,96.3,96.3,12
1786003560,96.3,96.3,96.3,96.3,8
1786009080,96.305,96.305,96.305,96.305,21
1786010520,96.3,96.3,96.3,96.3,5
1786014000,96.3,96.3,96.3,96.3,20
1786014480,96.3,96.3,96.3,96.3,506
1786014660,96.3,96.3,96.3,96.3,200
1786014840,96.3,96.3,96.3,96.3,139
1786015740,96.3,96.3,96.3,96.3,100
1786015860,96.295,96.295,96.295,96.295,2
1786016820,96.295,96.295,96.295,96.295,17
1786016880,96.295,96.295,96.295,96.295,153
1786017000,96.295,96.295,96.295,96.295,5
1786017240,96.295,96.295,96.295,96.295,3
1786017780,96.295,96.295,96.295,96.295,25
1786018800,96.295,96.295,96.295,96.295,144
1786019160,96.295,96.295,96.295,96.295,60
1786020480,96.295,96.295,96.295,96.295,1
1786021140,96.3,96.3,96.3,96.3,11
1786021440,96.295,96.295,96.295,96.295,50
1786026540,96.295,96.3,96.295,96.3,34
1786026600,96.3,96.3,96.3,96.3,1
1786027500,96.3,96.3,96.3,96.3,94
1786027560,96.295,96.295,96.295,96.295,9
1786027620,96.295,96.3,96.295,96.3,33
1786027740,96.3,96.3,96.3,96.3,23
1786027800,96.3,96.3,96.3,96.3,91
1786027860,96.3,96.3,96.3,96.3,69
1786027920,96.3,96.3,96.3,96.3,10
1786027980,96.3,96.3,96.3,96.3,40
1786028040,96.3,96.3,96.3,96.3,37
1786028160,96.3,96.3,96.3,96.3,5
1786028220,96.3,96.3,96.3,96.3,14
1786028340,96.3,96.3,96.3,96.3,15
1786028460,96.3,96.305,96.3,96.3,5026
1786028820,96.3,96.3,96.3,96.3,409
1786029300,96.3,96.3,96.3,96.3,1284
1786029420,96.3,96.3,96.3,96.3,196
1786029480,96.3,96.3,96.3,96.3,570
1786029600,96.3,96.3,96.3,96.3,1021
1786029720,96.3,96.3,96.3,96.3,23
1786029840,96.3,96.305,96.3,96.305,748
1786029900,96.3,96.3,96.3,96.3,100
1786030560,96.3,96.3,96.3,96.3,106
1786030620,96.3,96.3,96.3,96.3,40
1786030740,96.3,96.3,96.3,96.3,40
1786030920,96.3,96.3,96.3,96.3,1107
1786030980,96.3,96.3,96.3,96.3,4
1786031580,96.3,96.3,96.3,96.3,56
1786032240,96.3,96.3,96.3,96.3,94
1786033260,96.3,96.3,96.3,96.3,4
1786033800,96.3,96.3,96.3,96.3,10
1786034040,96.3,96.3,96.3,96.3,15
1786034340,96.3,96.3,96.3,96.3,14
1786034820,96.3,96.3,96.3,96.3,11
1786035600,96.3,96.3,96.3,96.3,9
1786035900,96.3,96.305,96.3,96.3,4698
1786036020,96.3,96.3,96.3,96.3,231
1786036380,96.3,96.3,96.3,96.3,12
1786036440,96.3,96.3,96.3,96.3,732
1786036620,96.3,96.305,96.3,96.305,525
1786036740,96.3,96.3,96.3,96.3,3
1786036980,96.3,96.3,96.3,96.3,19
1786037400,96.3,96.3,96.3,96.3,19
1786037760,96.3,96.3,96.3,96.3,2
1786038360,96.3,96.3,96.3,96.3,15
1786038960,96.3,96.3,96.3,96.3,2
1786039020,96.3,96.3,96.3,96.3,200
1786039320,96.3,96.3,96.3,96.3,3
1786039440,96.3,96.3,96.3,96.3,102
1786040340,96.3,96.3,96.3,96.3,70
1786040520,96.3,96.3,96.3,96.3,1
1786040880,96.3,96.3,96.3,96.3,6
1786041420,96.3,96.3,96.3,96.3,6
1786041480,96.3,96.3,96.3,96.3,14
1786041540,96.3,96.3,96.3,96.3,73
1786041600,96.3,96.3,96.3,96.3,69
1786042680,96.295,96.295,96.295,96.295,5
1786042740,96.295,96.295,96.295,96.295,17
1786042860,96.3,96.3,96.3,96.3,111
1786042980,96.3,96.3,96.3,96.3,1
1786043040,96.3,96.3,96.3,96.3,81
1786043400,96.3,96.3,96.3,96.3,2
1786043880,96.3,96.3,96.3,96.3,1
1786044900,96.3,96.3,96.3,96.3,36
1786045140,96.3,96.3,96.3,96.3,23
1786045200,96.295,96.295,96.295,96.295,2
1786045320,96.3,96.3,96.3,96.3,50
1786045380,96.3,96.3,96.3,96.3,10
1786045920,96.3,96.3,96.3,96.3,184
1786045980,96.3,96.3,96.3,96.3,35
1786046040,96.3,96.3,96.3,96.3,134
1786046100,96.3,96.3,96.3,96.3,14
1786047060,96.3,96.3,96.3,96.3,4
1786047660,96.3,96.3,96.3,96.3,15
1786048320,96.3,96.3,96.3,96.3,8
1786048380,96.3,96.3,96.3,96.3,638
1786048440,96.3,96.3,96.3,96.3,26
1786048500,96.3,96.3,96.3,96.3,4
1786048680,96.3,96.3,96.3,96.3,276
1786048860,96.3,96.3,96.3,96.3,21
1786048980,96.3,96.3,96.3,96.3,21
1786049040,96.3,96.3,96.3,96.3,8
1786049400,96.3,96.3,96.3,96.3,43
1786049460,96.3,96.3,96.3,96.3,1
1786049580,96.3,96.3,96.3,96.3,59
1786049940,96.3,96.3,96.295,96.3,30
1786053600,96.3,96.3,96.3,96.3,26
1786053660,96.3,96.3,96.3,96.3,47
1786054140,96.3,96.3,96.3,96.3,29
1786059540,96.3,96.3,96.3,96.3,18
1786060740,96.3,96.3,96.3,96.3,604
1786062000,96.3,96.3,96.3,96.3,2
1786064400,96.3,96.3,96.3,96.3,60
1786064700,96.3,96.3,96.3,96.3,89
1786064760,96.3,96.3,96.3,96.3,34
1786070460,96.3,96.3,96.3,96.3,50
1786072740,96.3,96.3,96.3,96.3,100
1786077240,96.3,96.3,96.3,96.3,5
1786077840,96.3,96.3,96.3,96.3,100
1786082520,96.3,96.3,96.3,96.3,155
1786083180,96.3,96.3,96.3,96.3,205
1786083540,96.3,96.3,96.3,96.3,188
1786084740,96.3,96.3,96.3,96.3,8
1786085400,96.3,96.3,96.3,96.3,101
1786086000,96.3,96.3,96.3,96.3,3
1786088880,96.3,96.3,96.3,96.3,10
1786090920,96.3,96.3,96.3,96.3,7
1786091100,96.3,96.3,96.3,96.3,17
1786093620,96.3,96.3,96.3,96.3,18
1786094100,96.3,96.3,96.3,96.3,9
1786094700,96.3,96.3,96.3,96.3,373
1786094820,96.3,96.3,96.3,96.3,725
1786094880,96.3,96.3,96.3,96.3,60
1786096380,96.3,96.3,96.3,96.3,7
1786096560,96.3,96.3,96.3,96.3,1
1786097040,96.3,96.3,96.3,96.3,28
1786099560,96.3,96.3,96.3,96.3,21
1786101240,96.3,96.3,96.3,96.3,554
1786101720,96.295,96.295,96.295,96.295,120
1786102260,96.3,96.3,96.3,96.3,90
1786102320,96.3,96.3,96.3,96.3,1
1786102380,96.3,96.3,96.3,96.3,81
1786102440,96.3,96.3,96.3,96.3,67
1786102500,96.3,96.3,96.3,96.3,25
1786102560,96.3,96.3,96.3,96.3,28
1786103220,96.3,96.3,96.3,96.3,5
1786103340,96.3,96.3,96.3,96.3,50
1786104120,96.3,96.3,96.3,96.3,6
1786104360,96.3,96.3,96.3,96.3,1
1786104480,96.3,96.3,96.3,96.3,2
1786104780,96.3,96.3,96.3,96.3,100
1786104840,96.3,96.3,96.3,96.3,25
1786104960,96.3,96.3,96.3,96.3,10
1786105140,96.3,96.3,96.3,96.3,21
1786105320,96.305,96.305,96.305,96.305,1
1786105440,96.3,96.3,96.3,96.3,12
1786105560,96.3,96.3,96.3,96.3,4
1786105620,96.3,96.3,96.3,96.3,215
1786105680,96.3,96.3,96.3,96.3,174
1786105740,96.3,96.3,96.3,96.3,19
1786105800,96.305,96.325,96.305,96.32,2200
1786105860,96.32,96.325,96.32,96.325,813
1786105920,96.32,96.32,96.315,96.315,616
1786105980,96.315,96.32,96.315,96.32,13
1786106040,96.32,96.32,96.32,96.32,399
1786106100,96.32,96.32,96.32,96.32,336
1786106160,96.32,96.32,96.32,96.32,203
1786106220,96.32,96.32,96.32,96.32,1
1786106280,96.32,96.32,96.32,96.32,224
1786106340,96.32,96.32,96.32,96.32,830
1786106400,96.32,96.32,96.32,96.32,633
1786106460,96.32,96.325,96.32,96.325,23
1786106520,96.32,96.32,96.32,96.32,451
1786106580,96.32,96.32,96.32,96.32,9
1786106640,96.325,96.325,96.325,96.325,8
1786106760,96.325,96.325,96.325,96.325,25
1786106820,96.325,96.325,96.325,96.325,77
1786106880,96.325,96.325,96.325,96.325,1
1786107060,96.32,96.32,96.32,96.32,41
1786107120,96.32,96.32,96.32,96.32,412
1786107180,96.32,96.32,96.315,96.32,255
1786107360,96.315,96.315,96.315,96.315,3
1786107420,96.315,96.315,96.315,96.315,57
1786107480,96.32,96.32,96.32,96.32,125
1786108140,96.315,96.315,96.315,96.315,30
1786108320,96.315,96.315,96.315,96.315,14
1786108380,96.315,96.315,96.315,96.315,7
1786108500,96.315,96.315,96.315,96.315,31
1786108620,96.315,96.315,96.315,96.315,8
1786108680,96.315,96.315,96.315,96.315,7
1786108740,96.315,96.315,96.315,96.315,95
1786108800,96.315,96.315,96.315,96.315,19
1786108920,96.315,96.315,96.315,96.315,22
1786108980,96.315,96.315,96.315,96.315,45
1786109220,96.315,96.315,96.315,96.315,6
1786109280,96.315,96.315,96.315,96.315,4
1786109340,96.315,96.315,96.315,96.315,50
1786109520,96.315,96.315,96.315,96.315,31
1786109580,96.315,96.315,96.315,96.315,19
1786109760,96.315,96.315,96.315,96.315,33
1786110000,96.315,96.315,96.315,96.315,51
1786110060,96.32,96.32,96.32,96.32,2
1786110120,96.32,96.32,96.32,96.32,58
1786110420,96.315,96.315,96.315,96.315,31
1786111020,96.315,96.315,96.315,96.315,40
1786111080,96.315,96.315,96.315,96.315,133
1786111140,96.315,96.315,96.315,96.315,4
1786111200,96.315,96.315,96.315,96.315,4
1786111560,96.315,96.315,96.315,96.315,10
1786111620,96.315,96.315,96.315,96.315,122
1786111680,96.315,96.315,96.315,96.315,881
1786111800,96.315,96.315,96.315,96.315,32
1786111920,96.315,96.315,96.315,96.315,3
1786112160,96.315,96.315,96.315,96.315,16
1786112220,96.315,96.315,96.315,96.315,13
1786112760,96.315,96.32,96.315,96.32,65
1786112820,96.315,96.32,96.315,96.32,18
1786113540,96.315,96.315,96.315,96.315,10
1786113720,96.315,96.32,96.315,96.32,51
1786113900,96.315,96.32,96.315,96.32,9
1786114020,96.315,96.32,96.315,96.32,9
1786114080,96.315,96.315,96.315,96.315,6
1786114140,96.315,96.32,96.315,96.315,25
1786114860,96.315,96.32,96.315,96.32,9
1786115040,96.315,96.315,96.315,96.315,9
1786115220,96.315,96.32,96.315,96.32,25
1786115280,96.32,96.32,96.32,96.32,1
1786115820,96.32,96.32,96.32,96.32,36
1786115880,96.32,96.32,96.32,96.32,18
1786115940,96.32,96.32,96.32,96.32,2
1786116900,96.32,96.32,96.32,96.32,50
1786117200,96.32,96.32,96.32,96.32,5
1786117920,96.315,96.315,96.315,96.315,20
1786118040,96.315,96.315,96.315,96.315,32
1786118160,96.315,96.315,96.315,96.315,18
1786118220,96.315,96.315,96.315,96.315,16
1786118280,96.315,96.315,96.315,96.315,17
1786118400,96.315,96.315,96.315,96.315,1
1786118460,96.315,96.315,96.315,96.315,1
1786118520,96.315,96.315,96.315,96.315,12
1786118580,96.315,96.315,96.315,96.315,21
1786118700,96.315,96.315,96.315,96.315,4
1786118760,96.315,96.315,96.315,96.315,17
1786118940,96.315,96.315,96.315,96.315,1
1786119000,96.315,96.315,96.315,96.315,1
1786119120,96.315,96.315,96.315,96.315,2
1786119180,96.315,96.315,96.315,96.315,11
1786119240,96.315,96.315,96.315,96.315,26
1786119300,96.315,96.315,96.315,96.315,1
1786119420,96.315,96.315,96.315,96.315,1
1786119480,96.315,96.315,96.315,96.315,18
1786119540,96.315,96.315,96.315,96.315,1
1786119600,96.315,96.315,96.315,96.315,1
1786119720,96.315,96.315,96.315,96.315,1
1786119840,96.315,96.315,96.315,96.315,1
1786119900,96.32,96.32,96.32,96.32,100
1786119960,96.315,96.315,96.315,96.315,1
1786120080,96.315,96.315,96.315,96.315,2
1786120140,96.315,96.315,96.315,96.315,23
1786120200,96.315,96.315,96.315,96.315,13
1786120260,96.315,96.315,96.315,96.315,10
1786120920,96.315,96.315,96.315,96.315,14
1786121040,96.315,96.315,96.315,96.315,7
1786121100,96.315,96.315,96.315,96.315,5
1786121640,96.315,96.315,96.315,96.315,2
1786121700,96.315,96.315,96.315,96.315,9
1786121940,96.315,96.315,96.315,96.315,4
1786122000,96.315,96.315,96.315,96.315,5
1786122300,96.315,96.315,96.31,96.31,859
1786122660,96.315,96.315,96.315,96.315,201
1786122780,96.315,96.315,96.315,96.315,800
1786122900,96.315,96.315,96.315,96.315,1
1786122960,96.315,96.315,96.315,96.315,1
1786123680,96.315,96.315,96.315,96.315,6
1786123920,96.315,96.315,96.315,96.315,2
1786123980,96.315,96.315,96.315,96.315,2
1786124160,96.315,96.315,96.315,96.315,501
1786124640,96.315,96.315,96.315,96.315,3
1786124700,96.315,96.315,96.315,96.315,1
1786124760,96.315,96.315,96.315,96.315,1
1786125060,96.315,96.315,96.315,96.315,4
1786125360,96.315,96.315,96.315,96.315,7
1786125480,96.315,96.315,96.315,96.315,3
1786125660,96.315,96.315,96.315,96.315,2
1786126140,96.315,96.315,96.315,96.315,2
1786126380,96.315,96.315,96.315,96.315,2
1786126920,96.315,96.315,96.315,96.315,12
1786127160,96.315,96.315,96.315,96.315,1
1786127220,96.315,96.315,96.315,96.315,2
1786127460,96.315,96.315,96.315,96.315,4
1786127880,96.315,96.315,96.315,96.315,1
1786128180,96.315,96.315,96.315,96.315,5
1786128300,96.32,96.32,96.32,96.32,3
1786128540,96.315,96.315,96.315,96.315,3
1786128660,96.315,96.315,96.315,96.315,2
1786128900,96.315,96.315,96.315,96.315,5
1786128960,96.315,96.315,96.315,96.315,6
1786129020,96.315,96.315,96.315,96.315,68
1786129080,96.315,96.315,96.315,96.315,7
1786129140,96.315,96.315,96.315,96.315,18
1786130160,96.315,96.315,96.315,96.315,6
1786130700,96.315,96.315,96.315,96.315,20
1786131360,96.315,96.315,96.315,96.315,4
1786132440,96.32,96.32,96.32,96.32,42
1786132920,96.315,96.315,96.315,96.315,1
1786133340,96.315,96.315,96.315,96.315,2
1786133580,96.315,96.315,96.315,96.315,52
1786134120,96.315,96.315,96.315,96.315,5
1786134300,96.315,96.315,96.315,96.315,4
1786135020,96.315,96.315,96.315,96.315,26
1786135320,96.315,96.315,96.315,96.315,56
1786135500,96.315,96.315,96.315,96.315,1
1786136340,96.315,96.315,96.315,96.315,11
1786312920,96.315,96.315,96.315,96.315,2
1786314300,96.315,96.315,96.315,96.315,36
1786315920,96.315,96.315,96.315,96.315,101
1786317660,96.315,96.315,96.315,96.315,100
1786318980,96.315,96.315,96.315,96.315,1
1786320000,96.315,96.315,96.315,96.315,2
1786320660,96.315,96.315,96.315,96.315,4
1786320960,96.315,96.315,96.315,96.315,82
1786323780,96.315,96.315,96.315,96.315,34
1786323840,96.315,96.315,96.315,96.315,315
1786326540,96.31,96.31,96.31,96.31,7
1786337400,96.315,96.315,96.315,96.315,5
1786338300,96.31,96.31,96.31,96.31,1
1786341840,96.315,96.315,96.315,96.315,1
1786343040,96.315,96.315,96.315,96.315,40
1786345140,96.315,96.315,96.315,96.315,169
1786345920,96.315,96.315,96.315,96.315,200
1786346280,96.315,96.315,96.315,96.315,2
1786346580,96.315,96.315,96.315,96.315,161
1786346640,96.315,96.315,96.315,96.315,72
1786347600,96.315,96.315,96.315,96.315,38
1786347840,96.315,96.315,96.315,96.315,106
1786348200,96.315,96.315,96.315,96.315,5
1786351020,96.315,96.315,96.315,96.315,3
1786352340,96.315,96.315,96.315,96.315,8
1786358220,96.315,96.315,96.315,96.315,15
1786358280,96.315,96.315,96.315,96.315,247
1786358580,96.315,96.315,96.315,96.315,1
1786362120,96.315,96.315,96.315,96.315,55
1786362480,96.315,96.315,96.315,96.315,10
1786362540,96.315,96.315,96.315,96.315,17
1786362660,96.315,96.315,96.315,96.315,40
1786362840,96.315,96.315,96.315,96.315,125
1786363620,96.315,96.315,96.315,96.315,8
1786364760,96.315,96.315,96.315,96.315,5
1786366500,96.315,96.315,96.315,96.315,10
1786367220,96.315,96.315,96.315,96.315,50
1786368240,96.315,96.315,96.315,96.315,27
1786368540,96.315,96.315,96.315,96.315,5
1786368840,96.315,96.315,96.315,96.315,1
1786369260,96.315,96.315,96.315,96.315,216
1786369620,96.315,96.315,96.315,96.315,4
1786369980,96.31,96.31,96.31,96.31,5
1786370700,96.31,96.315,96.31,96.315,812
1786371060,96.315,96.315,96.315,96.315,2
1786371120,96.315,96.315,96.315,96.315,57
1786371180,96.315,96.315,96.315,96.315,29
1786372860,96.31,96.315,96.31,96.315,58
1786374300,96.31,96.315,96.31,96.315,9
1786375200,96.315,96.315,96.315,96.315,70
1786375440,96.31,96.315,96.31,96.315,1649
1786375920,96.31,96.31,96.31,96.31,119
1786375980,96.31,96.31,96.31,96.31,18
1786376040,96.31,96.31,96.31,96.31,1472
1786376100,96.31,96.31,96.31,96.31,100
1786376220,96.31,96.31,96.31,96.31,200
1786376280,96.31,96.31,96.31,96.31,10
1786376460,96.31,96.31,96.31,96.31,11
1786376580,96.305,96.305,96.305,96.305,46
1786377600,96.31,96.31,96.31,96.31,13
1786379520,96.31,96.31,96.31,96.31,130
1786379580,96.305,96.305,96.305,96.305,81
1786380600,96.31,96.31,96.31,96.31,30
1786381080,96.31,96.31,96.31,96.31,10
1786382580,96.31,96.31,96.31,96.31,5
1786384380,96.305,96.305,96.305,96.305,14
1786384500,96.31,96.31,96.305,96.305,182
1786384860,96.305,96.305,96.3,96.305,1355
1786384920,96.305,96.305,96.305,96.305,48
1786384980,96.305,96.305,96.305,96.305,9
1786385040,96.305,96.305,96.305,96.305,1
1786385520,96.305,96.305,96.305,96.305,2
1786385700,96.31,96.31,96.31,96.31,170
1786385820,96.305,96.305,96.305,96.305,21
1786386000,96.305,96.305,96.305,96.305,268
1786386120,96.305,96.305,96.305,96.305,2
1786386300,96.305,96.305,96.305,96.305,1
1786386480,96.305,96.305,96.305,96.305,56
1786386540,96.305,96.305,96.305,96.305,59
1786386840,96.305,96.305,96.305,96.305,1
1786386900,96.305,96.305,96.305,96.305,57
1786387020,96.305,96.305,96.305,96.305,16
1786387200,96.3,96.305,96.3,96.305,3065
1786387380,96.305,96.305,96.305,96.305,1
1786387800,96.305,96.305,96.305,96.305,11
1786387980,96.305,96.305,96.305,96.305,4
1786388040,96.305,96.305,96.305,96.305,60
1786388160,96.3,96.3,96.3,96.3,1
1786388220,96.3,96.3,96.3,96.3,9
1786388280,96.3,96.3,96.3,96.3,11
1786388340,96.3,96.3,96.3,96.3,17
1786388400,96.305,96.305,96.305,96.305,1104
1786389960,96.305,96.305,96.305,96.305,12
1786390320,96.31,96.31,96.31,96.31,4
1786390560,96.305,96.305,96.305,96.305,27
1786390860,96.305,96.305,96.305,96.305,26
1786391400,96.305,96.305,96.305,96.305,25
1786391520,96.31,96.31,96.31,96.31,30
1786392180,96.305,96.305,96.305,96.305,8
1786392240,96.305,96.305,96.305,96.305,1
1786394100,96.31,96.31,96.31,96.31,33
1786400280,96.305,96.305,96.305,96.305,13
1786409880,96.305,96.305,96.305,96.305,19
1786410060,96.305,96.305,96.305,96.305,32
1786410780,96.305,96.305,96.305,96.305,9
1786417980,96.305,96.305,96.305,96.305,40
1786418040,96.31,96.31,96.31,96.31,3
1786418400,96.305,96.305,96.305,96.305,2
1786431000,96.305,96.305,96.305,96.305,200
1786432440,96.305,96.305,96.305,96.305,250
1786437660,96.31,96.31,96.31,96.31,1
1786445580,96.31,96.315,96.31,96.315,3068
1786445940,96.31,96.31,96.31,96.31,1
1786446060,96.31,96.31,96.31,96.31,2450
1786446420,96.31,96.31,96.31,96.31,12
1786447620,96.31,96.31,96.31,96.31,96
1786447800,96.305,96.305,96.305,96.305,8
1786447920,96.31,96.31,96.31,96.31,100
1786449540,96.31,96.31,96.31,96.31,12
1786449780,96.31,96.31,96.31,96.31,26
1786449960,96.315,96.315,96.315,96.315,26
1786450920,96.31,96.31,96.31,96.31,25
1786450980,96.31,96.31,96.31,96.31,88
1786451220,96.31,96.31,96.31,96.31,72
1786451400,96.31,96.31,96.31,96.31,148
1786452180,96.31,96.315,96.31,96.315,827
1786452600,96.31,96.31,96.31,96.31,1
1786453680,96.31,96.31,96.31,96.31,1
1786453740,96.31,96.31,96.31,96.31,1
1786453800,96.31,96.31,96.31,96.31,1
1786453860,96.31,96.31,96.31,96.31,1
1786454040,96.31,96.31,96.31,96.31,1
1786454280,96.31,96.31,96.31,96.31,4
1786454340,96.31,96.31,96.31,96.31,1
1786454400,96.31,96.31,96.31,96.31,1
1786454460,96.31,96.31,96.31,96.31,1
1786454520,96.31,96.31,96.31,96.31,1
1786454940,96.31,96.31,96.31,96.31,25
1786455360,96.31,96.31,96.31,96.31,20
1786455840,96.31,96.31,96.31,96.31,1
1786455900,96.31,96.31,96.31,96.31,2
1786456380,96.31,96.31,96.31,96.31,5
1786456500,96.31,96.31,96.31,96.31,1
1786456620,96.31,96.31,96.31,96.31,2
1786456800,96.31,96.31,96.31,96.31,2
1786457160,96.31,96.31,96.31,96.31,3
1786457640,96.31,96.31,96.31,96.31,33
1786457700,96.31,96.31,96.31,96.31,115
1786457760,96.31,96.31,96.31,96.31,122
1786457820,96.31,96.31,96.31,96.31,2
1786457880,96.31,96.31,96.31,96.31,933
1786458540,96.31,96.31,96.305,96.305,57
1786459080,96.31,96.31,96.31,96.31,2
1786459200,96.31,96.31,96.305,96.305,3
1786459560,96.31,96.31,96.31,96.31,2
1786459740,96.305,96.31,96.305,96.305,21
1786459860,96.31,96.31,96.31,96.31,1
1786460040,96.31,96.31,96.305,96.305,12
1786461780,96.31,96.31,96.305,96.305,229
1786461960,96.31,96.31,96.305,96.31,119
1786462200,96.305,96.305,96.305,96.305,6
1786462320,96.305,96.305,96.305,96.305,13
1786462500,96.31,96.31,96.305,96.305,11
1786463460,96.31,96.31,96.31,96.31,3
1786464540,96.31,96.31,96.31,96.31,2
1786465740,96.31,96.31,96.305,96.305,35
1786467180,96.31,96.31,96.305,96.305,69
1786467360,96.31,96.31,96.305,96.305,127
1786469460,96.31,96.31,96.31,96.31,26
1786470180,96.31,96.31,96.31,96.31,40
1786470300,96.31,96.31,96.31,96.31,43
1786470540,96.31,96.31,96.31,96.31,1
1786471560,96.31,96.31,96.31,96.31,1
1786471680,96.31,96.31,96.31,96.31,50
1786473240,96.31,96.31,96.31,96.31,19
1786474020,96.31,96.31,96.31,96.31,106
1786474200,96.31,96.31,96.31,96.31,87
1786474560,96.305,96.305,96.305,96.305,2
1786474620,96.305,96.305,96.305,96.305,9
1786474680,96.305,96.305,96.305,96.305,11
1786474740,96.305,96.305,96.305,96.305,16
1786475760,96.305,96.305,96.305,96.305,8
1786476360,96.305,96.305,96.305,96.305,4
1786476900,96.305,96.305,96.305,96.305,6
1786477260,96.31,96.31,96.31,96.31,13
1786477380,96.305,96.305,96.305,96.305,1
1786477500,96.305,96.305,96.305,96.305,3
1786477860,96.31,96.31,96.31,96.31,9
1786478340,96.31,96.31,96.31,96.31,7
1786478580,96.305,96.305,96.305,96.305,1
1786478640,96.305,96.305,96.305,96.305,26
1786478820,96.31,96.31,96.31,96.31,85
1786480020,96.31,96.31,96.31,96.31,11
1786480260,96.31,96.31,96.31,96.31,6
1786481160,96.31,96.31,96.31,96.31,8
1786481520,96.31,96.31,96.31,96.31,13
1786481580,96.31,96.31,96.31,96.31,148
1786481640,96.31,96.31,96.31,96.31,107
1786481700,96.31,96.31,96.31,96.31,6
1786481760,96.31,96.31,96.31,96.31,499
1786481940,96.315,96.315,96.315,96.315,48
1786487400,96.31,96.31,96.31,96.31,4
1786488240,96.31,96.31,96.31,96.31,554
1786488420,96.31,96.31,96.31,96.31,52
1786488540,96.31,96.31,96.31,96.31,1
1786492920,96.315,96.315,96.315,96.315,30
1786495860,96.315,96.315,96.315,96.315,3
1786497540,96.31,96.31,96.31,96.31,4
1786497840,96.31,96.31,96.31,96.31,200
1786498080,96.315,96.315,96.315,96.315,3
1786501020,96.31,96.31,96.31,96.31,22
1786502100,96.31,96.31,96.31,96.31,75
1786502400,96.31,96.31,96.31,96.31,189
1786504620,96.31,96.31,96.31,96.31,51
1786505580,96.31,96.31,96.31,96.31,316
1786505640,96.31,96.31,96.31,96.31,125
1786505880,96.31,96.31,96.31,96.31,30
1786505940,96.31,96.31,96.31,96.31,200
1786506000,96.31,96.31,96.31,96.31,100
1786507020,96.31,96.31,96.31,96.31,2
1786507920,96.31,96.31,96.31,96.31,1
1786508160,96.31,96.31,96.31,96.31,7
1786508520,96.31,96.31,96.31,96.31,2
1786509420,96.31,96.31,96.31,96.31,1
1786509600,96.31,96.31,96.31,96.31,30
1786512900,96.31,96.31,96.31,96.31,12
1786513320,96.31,96.31,96.31,96.31,4
1786513980,96.31,96.31,96.31,96.31,6
1786514040,96.31,96.31,96.31,96.31,11
1786514520,96.31,96.31,96.31,96.31,64
1786514880,96.31,96.315,96.31,96.315,9
1786514940,96.31,96.31,96.31,96.31,2
1786515180,96.31,96.31,96.31,96.31,282
1786515720,96.31,96.31,96.31,96.31,5
1786515780,96.31,96.31,96.31,96.31,15
1786516020,96.31,96.31,96.31,96.31,1
1786516440,96.31,96.31,96.31,96.31,10
1786516500,96.31,96.31,96.31,96.31,20
1786516860,96.31,96.31,96.31,96.31,7
1786516980,96.31,96.31,96.31,96.31,49
1786517280,96.31,96.31,96.31,96.31,201
1786517580,96.31,96.31,96.31,96.31,51
1786518060,96.31,96.31,96.31,96.31,1
1786518360,96.31,96.31,96.31,96.31,31
1786518480,96.31,96.31,96.31,96.31,30
1786518540,96.31,96.31,96.31,96.31,1
1786518600,96.31,96.31,96.31,96.31,3
1786519140,96.31,96.31,96.31,96.31,7
1786519260,96.31,96.31,96.31,96.31,29
1786520220,96.31,96.31,96.31,96.31,1
1786520880,96.31,96.31,96.31,96.31,63
1786522080,96.31,96.31,96.31,96.31,2
1786522560,96.31,96.31,96.31,96.31,3
1786522680,96.31,96.31,96.31,96.31,747
1786522740,96.31,96.31,96.31,96.31,7
1786522800,96.31,96.315,96.31,96.315,477
1786522920,96.31,96.31,96.31,96.31,89
1786523280,96.31,96.31,96.31,96.31,70
1786523460,96.31,96.31,96.31,96.31,3
1786523580,96.31,96.31,96.31,96.31,24
1786523700,96.31,96.31,96.31,96.31,2
1786523820,96.31,96.31,96.31,96.31,1
1786523880,96.31,96.31,96.31,96.31,7
1786524000,96.31,96.31,96.31,96.31,100
1786524120,96.31,96.31,96.31,96.31,30
1786524360,96.31,96.31,96.31,96.31,10
1786524900,96.31,96.31,96.31,96.31,345
1786525080,96.31,96.31,96.31,96.31,61
1786525140,96.31,96.31,96.31,96.31,73
1786525200,96.31,96.31,96.31,96.31,29
1786525440,96.31,96.31,96.31,96.31,168
1786525560,96.31,96.31,96.31,96.31,10
1786526520,96.31,96.31,96.31,96.31,11
1786526580,96.31,96.31,96.31,96.31,6
1786527660,96.31,96.31,96.31,96.31,40
1786527840,96.31,96.31,96.31,96.31,90
1786528140,96.31,96.31,96.31,96.31,9
1786528320,96.31,96.31,96.31,96.31,34
1786528500,96.31,96.31,96.31,96.31,30
1786528800,96.31,96.31,96.31,96.31,100
1786528860,96.31,96.31,96.31,96.31,26
1786528920,96.31,96.31,96.31,96.31,3
1786530060,96.315,96.315,96.315,96.315,1
1786530780,96.315,96.315,96.315,96.315,1
1786531620,96.315,96.315,96.315,96.315,1
1786531680,96.315,96.315,96.315,96.315,5
1786532820,96.31,96.31,96.31,96.31,2
1786533060,96.31,96.31,96.31,96.31,35
1786534020,96.315,96.315,96.31,96.315,1074
1786534080,96.315,96.315,96.315,96.315,76
1786534200,96.315,96.315,96.315,96.315,135
1786534320,96.315,96.315,96.315,96.315,2
1786534380,96.315,96.315,96.315,96.315,293
1786534440,96.315,96.315,96.315,96.315,216
1786534560,96.315,96.315,96.315,96.315,83
1786534620,96.315,96.315,96.315,96.315,200
1786534680,96.315,96.315,96.315,96.315,37
1786534800,96.315,96.315,96.315,96.315,44
1786535160,96.315,96.315,96.315,96.315,1
1786535340,96.315,96.315,96.315,96.315,219
1786535400,96.315,96.315,96.315,96.315,7
1786535460,96.315,96.315,96.315,96.315,20
1786535700,96.315,96.315,96.315,96.315,1
1786535760,96.315,96.315,96.315,96.315,553
1786535940,96.315,96.315,96.315,96.315,1
1786536060,96.315,96.315,96.315,96.315,83
1786536120,96.315,96.315,96.315,96.315,5
1786536180,96.315,96.315,96.315,96.315,6
1786536240,96.315,96.315,96.315,96.315,12
1786536360,96.315,96.315,96.315,96.315,1
1786536420,96.315,96.315,96.315,96.315,66
1786536540,96.315,96.315,96.315,96.315,2
1786536600,96.315,96.315,96.315,96.315,262
1786536720,96.315,96.315,96.315,96.315,30
1786536780,96.315,96.315,96.315,96.315,25
1786536840,96.315,96.315,96.315,96.315,201
1786536900,96.315,96.315,96.315,96.315,2
1786537080,96.32,96.32,96.32,96.32,200
1786537140,96.32,96.32,96.32,96.32,10
1786537200,96.32,96.32,96.32,96.32,53
1786537260,96.32,96.32,96.32,96.32,224
1786537320,96.32,96.32,96.32,96.32,115
1786537380,96.32,96.32,96.32,96.32,25
1786537440,96.32,96.32,96.32,96.32,9
1786537560,96.32,96.32,96.32,96.32,113
1786537620,96.32,96.32,96.32,96.32,124
1786537740,96.32,96.32,96.32,96.32,60
1786537800,96.32,96.325,96.31,96.31,313
1786537860,96.31,96.315,96.31,96.315,605
1786537920,96.32,96.32,96.32,96.32,586
1786537980,96.32,96.32,96.32,96.32,337
1786538040,96.32,96.32,96.32,96.32,155
1786538100,96.32,96.32,96.315,96.315,26
1786538160,96.315,96.32,96.315,96.32,71
1786538220,96.32,96.32,96.32,96.32,360
1786538280,96.32,96.32,96.32,96.32,74
1786538400,96.325,96.325,96.325,96.325,1
1786538580,96.32,96.32,96.32,96.32,18
1786538640,96.32,96.325,96.32,96.325,204
1786539060,96.325,96.325,96.32,96.32,53
1786539180,96.325,96.325,96.325,96.325,54
1786539240,96.325,96.325,96.325,96.325,174
1786539300,96.325,96.325,96.325,96.325,5
1786539480,96.325,96.325,96.325,96.325,96
1786539540,96.325,96.325,96.325,96.325,309
1786539600,96.325,96.325,96.325,96.325,356
1786539660,96.325,96.325,96.325,96.325,73
1786539720,96.33,96.33,96.33,96.33,3
1786539780,96.33,96.33,96.325,96.33,89
1786540020,96.33,96.33,96.33,96.33,1
1786540080,96.33,96.33,96.33,96.33,8
1786540200,96.325,96.325,96.32,96.325,640
1786540260,96.325,96.33,96.325,96.325,315
1786540380,96.325,96.325,96.325,96.325,72
1786540440,96.325,96.325,96.325,96.325,50
1786540500,96.325,96.325,96.325,96.325,353
1786540620,96.325,96.325,96.325,96.325,110
1786540680,96.325,96.325,96.325,96.325,1
1786540980,96.325,96.325,96.325,96.325,95
1786541040,96.325,96.325,96.325,96.325,9
1786541400,96.325,96.325,96.325,96.325,50
1786542240,96.325,96.325,96.325,96.325,34
1786542420,96.325,96.325,96.325,96.325,16
1786542540,96.325,96.325,96.325,96.325,3
1786543020,96.325,96.325,96.325,96.325,2523
1786543200,96.325,96.325,96.325,96.325,16
1786543320,96.325,96.325,96.325,96.325,162
1786543440,96.325,96.325,96.325,96.325,4525
1786543500,96.325,96.325,96.325,96.325,221
1786543680,96.325,96.325,96.325,96.325,18
1786543740,96.325,96.325,96.325,96.325,800
1786544640,96.325,96.325,96.325,96.325,6
1786544700,96.325,96.325,96.325,96.325,56
1786545000,96.325,96.325,96.325,96.325,10
1786545060,96.325,96.325,96.325,96.325,4
1786545120,96.325,96.325,96.325,96.325,2
1786545480,96.325,96.325,96.325,96.325,29
1786545540,96.325,96.325,96.325,96.325,6
1786545600,96.325,96.325,96.325,96.325,1
1786546500,96.325,96.325,96.325,96.325,375
1786547160,96.32,96.32,96.32,96.32,1
1786548060,96.325,96.325,96.325,96.325,4
1786549140,96.32,96.32,96.32,96.32,1
1786549260,96.325,96.325,96.325,96.325,6
1786549740,96.325,96.325,96.325,96.325,12
1786550160,96.325,96.325,96.325,96.325,103
1786550460,96.325,96.325,96.325,96.325,21
1786550520,96.325,96.325,96.325,96.325,112
1786550580,96.325,96.325,96.325,96.325,140
1786551720,96.325,96.325,96.325,96.325,1
1786552020,96.325,96.325,96.325,96.325,4
1786555200,96.325,96.325,96.325,96.325,10
1786555440,96.325,96.325,96.325,96.325,16
1786559520,96.32,96.32,96.32,96.32,1
1786560600,96.32,96.325,96.32,96.325,825
1786562520,96.32,96.32,96.32,96.32,5
1786562880,96.32,96.32,96.32,96.32,15
1786563060,96.32,96.32,96.32,96.32,56
1786564500,96.32,96.32,96.32,96.32,9
1786564560,96.325,96.325,96.325,96.325,5
1786564920,96.32,96.32,96.32,96.32,2
1786564980,96.32,96.32,96.32,96.32,79
1786565520,96.32,96.32,96.32,96.32,1
1786568280,96.325,96.325,96.325,96.325,1
1786572000,96.325,96.325,96.325,96.325,36
1786572360,96.325,96.325,96.325,96.325,1
1786574520,96.325,96.325,96.325,96.325,1
1786582920,96.325,96.325,96.325,96.325,25
1786583700,96.325,96.325,96.325,96.325,18
1786583940,96.325,96.325,96.325,96.325,361
1786587780,96.325,96.325,96.325,96.325,140
1786588320,96.325,96.325,96.325,96.325,16
1786588380,96.325,96.33,96.325,96.33,62
1786590780,96.325,96.325,96.325,96.325,4
1786596540,96.33,96.33,96.33,96.33,344
1786597380,96.33,96.33,96.33,96.33,144
1786598940,96.33,96.33,96.33,96.33,94
1786599000,96.33,96.33,96.33,96.33,56
1786603080,96.325,96.325,96.325,96.325,39
1786603560,96.325,96.325,96.325,96.325,2
1786607400,96.33,96.33,96.33,96.33,50
1786607760,96.325,96.325,96.325,96.325,8
1786610400,96.325,96.325,96.325,96.325,2
1786617120,96.33,96.33,96.33,96.33,20
1786617840,96.33,96.33,96.33,96.33,3
1786618860,96.325,96.325,96.325,96.325,929
1786619400,96.325,96.325,96.325,96.325,160
1786619460,96.325,96.325,96.325,96.325,1
1786621560,96.32,96.32,96.32,96.32,1
1786621680,96.32,96.32,96.32,96.32,1
1786623180,96.325,96.325,96.325,96.325,2
1786623960,96.325,96.325,96.325,96.325,2
1786624200,96.325,96.325,96.325,96.325,446
1786624260,96.325,96.325,96.325,96.325,255
1786624320,96.325,96.325,96.325,96.325,351
1786624380,96.33,96.335,96.33,96.33,1947
1786624440,96.33,96.33,96.33,96.33,265
1786624500,96.33,96.33,96.33,96.33,219
1786624560,96.33,96.33,96.33,96.33,616
1786624800,96.33,96.33,96.33,96.33,101
1786624860,96.33,96.33,96.33,96.33,573
1786625280,96.335,96.335,96.335,96.335,20
1786625340,96.335,96.335,96.335,96.335,64
1786625700,96.33,96.33,96.33,96.33,2
1786625880,96.335,96.335,96.335,96.335,225
1786625940,96.335,96.335,96.335,96.335,105
1786626120,96.33,96.33,96.33,96.33,413
1786626240,96.33,96.33,96.33,96.33,1
1786627320,96.33,96.33,96.33,96.33,69
1786627500,96.33,96.33,96.33,96.33,5
1786627680,96.33,96.33,96.33,96.33,2187
1786627740,96.33,96.33,96.33,96.33,391
1786627800,96.33,96.33,96.33,96.33,1598
1786627860,96.33,96.33,96.33,96.33,535
1786627920,96.33,96.33,96.33,96.33,424
1786628100,96.33,96.33,96.33,96.33,2
1786628160,96.33,96.33,96.33,96.33,100
1786628280,96.33,96.33,96.33,96.33,137
1786628400,96.33,96.33,96.33,96.33,617
1786628460,96.33,96.33,96.33,96.33,100
1786628520,96.33,96.33,96.33,96.33,218
1786628580,96.33,96.33,96.33,96.33,371
1786628640,96.33,96.33,96.33,96.33,1
1786628700,96.33,96.33,96.33,96.33,24
1786628760,96.33,96.33,96.33,96.33,40
1786628820,96.33,96.33,96.33,96.33,127
1786629060,96.33,96.33,96.33,96.33,20
1786629120,96.33,96.33,96.33,96.33,108
1786629180,96.33,96.33,96.33,96.33,78
1786629240,96.33,96.33,96.33,96.33,381
1786629600,96.33,96.33,96.33,96.33,334
1786629660,96.33,96.33,96.33,96.33,8
1786629720,96.33,96.33,96.33,96.33,29
1786629960,96.33,96.33,96.33,96.33,137
1786630020,96.33,96.335,96.33,96.335,1257
1786630140,96.33,96.33,96.33,96.33,1810
1786630200,96.33,96.33,96.33,96.33,112
1786630500,96.335,96.335,96.335,96.335,80
1786630620,96.33,96.33,96.33,96.33,58
1786630860,96.335,96.335,96.335,96.335,100
1786630980,96.33,96.33,96.33,96.33,2
1786631040,96.33,96.33,96.33,96.33,5
1786631220,96.33,96.335,96.33,96.335,23
1786631280,96.33,96.335,96.33,96.335,12
1786631340,96.33,96.33,96.33,96.33,93
1786631400,96.335,96.335,96.33,96.33,124
1786631460,96.33,96.33,96.33,96.33,33
1786631520,96.33,96.33,96.33,96.33,314
1786631580,96.33,96.33,96.33,96.33,1
1786631640,96.33,96.33,96.33,96.33,77
1786632600,96.33,96.33,96.33,96.33,150
1786633380,96.33,96.33,96.325,96.325,5034
1786633560,96.33,96.33,96.325,96.325,59
1786633860,96.33,96.33,96.33,96.33,5
1786634400,96.325,96.325,96.325,96.325,3
1786635000,96.33,96.33,96.33,96.33,3
1786635360,96.325,96.325,96.325,96.325,3
1786635960,96.325,96.325,96.325,96.325,19
1786636800,96.33,96.33,96.33,96.33,220
1786637400,96.325,96.325,96.325,96.325,6
1786637520,96.325,96.325,96.325,96.325,8
1786637940,96.325,96.325,96.325,96.325,2
1786638480,96.325,96.325,96.325,96.325,1
1786639860,96.33,96.33,96.33,96.33,16
1786640040,96.33,96.33,96.33,96.33,24
1786640340,96.33,96.33,96.33,96.33,1
1786643100,96.325,96.325,96.325,96.325,1
1786646340,96.33,96.33,96.33,96.33,1
1786646700,96.33,96.33,96.33,96.33,2
1786647540,96.33,96.33,96.33,96.33,11
1786647600,96.325,96.33,96.325,96.33,76
1786647720,96.33,96.33,96.33,96.33,75
1786647780,96.33,96.33,96.325,96.325,81
1786648680,96.33,96.33,96.33,96.33,3
1786649520,96.33,96.33,96.33,96.33,16
1786649760,96.33,96.33,96.33,96.33,12
1786650000,96.33,96.33,96.33,96.33,15
1786650600,96.33,96.33,96.33,96.33,8
1786650780,96.33,96.33,96.33,96.33,15
1786651080,96.33,96.33,96.33,96.33,5
1786651320,96.325,96.325,96.325,96.325,99
1786651380,96.33,96.33,96.33,96.33,4
1786651500,96.33,96.33,96.33,96.33,1
1786653360,96.325,96.325,96.325,96.325,9
1786653780,96.325,96.325,96.325,96.325,8
1786653840,96.33,96.33,96.33,96.33,2
1786653960,96.33,96.33,96.33,96.33,3
1786654080,96.33,96.33,96.33,96.33,3
1786654200,96.33,96.33,96.33,96.33,3
1786654320,96.33,96.33,96.33,96.33,1
1786654380,96.33,96.33,96.33,96.33,6
1786654620,96.33,96.33,96.33,96.33,1
1786658400,96.33,96.33,96.33,96.33,4
1786658460,96.33,96.33,96.33,96.33,1
1786658580,96.33,96.33,96.33,96.33,4
1786660860,96.325,96.325,96.325,96.325,48
1786669440,96.325,96.325,96.325,96.325,7
1786673280,96.33,96.33,96.33,96.33,1677
1786673640,96.33,96.33,96.33,96.33,1
1786674360,96.33,96.33,96.33,96.33,4
1786674600,96.33,96.33,96.33,96.33,398
1786674840,96.33,96.33,96.33,96.33,190
1786675080,96.33,96.33,96.33,96.33,85
1786675260,96.33,96.33,96.33,96.33,33
1786677960,96.33,96.33,96.33,96.33,256
1786678380,96.33,96.33,96.33,96.33,263
1786680300,96.33,96.33,96.33,96.33,101
1786680900,96.33,96.33,96.33,96.33,75
1786680960,96.33,96.33,96.33,96.33,52
1786681020,96.33,96.33,96.33,96.33,25
1786686660,96.33,96.33,96.33,96.33,100
1786687440,96.33,96.33,96.33,96.33,10
1786687860,96.33,96.33,96.33,96.33,1
1786689420,96.33,96.33,96.33,96.33,183
1786689540,96.33,96.33,96.33,96.33,256
1786689660,96.33,96.33,96.33,96.33,1
1786689780,96.33,96.33,96.33,96.33,383
1786689900,96.33,96.33,96.33,96.33,121
1786690200,96.33,96.33,96.33,96.33,121
1786690920,96.33,96.33,96.33,96.33,205
1786690980,96.33,96.33,96.33,96.33,1
1786691040,96.33,96.33,96.33,96.33,27
1786691100,96.33,96.33,96.33,96.33,552
1786691400,96.33,96.33,96.33,96.33,603
1786693380,96.33,96.33,96.33,96.33,516
1786693620,96.33,96.33,96.33,96.33,48
1786703820,96.335,96.335,96.335,96.335,1077
1786704000,96.335,96.335,96.335,96.335,10
1786704840,96.335,96.335,96.335,96.335,10
1786705740,96.335,96.335,96.335,96.335,1
1786706040,96.335,96.335,96.335,96.335,64
1786706100,96.335,96.335,96.335,96.335,25
1786706160,96.335,96.335,96.335,96.335,6
1786706220,96.335,96.335,96.335,96.335,1
1786706280,96.335,96.335,96.335,96.335,50
1786706400,96.335,96.335,96.335,96.335,9
1786706700,96.335,96.335,96.335,96.335,11
1786707360,96.335,96.335,96.335,96.335,346
1786707540,96.335,96.335,96.335,96.335,5
1786707720,96.335,96.335,96.335,96.335,50
1786707840,96.335,96.335,96.335,96.335,10
1786708440,96.335,96.335,96.335,96.335,3
1786708740,96.335,96.335,96.335,96.335,138
1786708800,96.335,96.335,96.335,96.335,668
1786709160,96.335,96.335,96.335,96.335,318
1786709220,96.335,96.335,96.335,96.335,8
1786709340,96.335,96.335,96.335,96.335,549
1786709760,96.335,96.335,96.335,96.335,1
1786709880,96.335,96.335,96.335,96.335,13
1786710180,96.335,96.335,96.335,96.335,6
1786710300,96.335,96.335,96.335,96.335,24
1786710540,96.335,96.335,96.335,96.335,13
1786710600,96.335,96.34,96.335,96.34,168
1786710660,96.335,96.335,96.335,96.335,8
1786710900,96.335,96.335,96.335,96.335,851
1786710960,96.335,96.335,96.335,96.335,214
1786711020,96.335,96.335,96.335,96.335,444
1786711080,96.335,96.335,96.335,96.335,13
1786711200,96.335,96.335,96.335,96.335,131
1786711260,96.335,96.335,96.335,96.335,47
1786711380,96.335,96.335,96.335,96.335,23
1786711500,96.335,96.335,96.335,96.335,2
1786711560,96.335,96.335,96.335,96.335,1
1786711680,96.335,96.335,96.335,96.335,24
1786711860,96.335,96.335,96.335,96.335,323
1786711920,96.335,96.335,96.335,96.335,1
1786711980,96.335,96.335,96.335,96.335,4
1786712040,96.335,96.335,96.335,96.335,15
1786712220,96.335,96.335,96.335,96.335,26
1786713300,96.335,96.335,96.335,96.335,72
1786713420,96.335,96.335,96.335,96.335,6
1786713720,96.335,96.335,96.335,96.335,227
1786713840,96.335,96.335,96.335,96.335,174
1786713960,96.335,96.335,96.335,96.335,100
1786714020,96.335,96.335,96.335,96.335,7
1786714140,96.335,96.335,96.335,96.335,65
1786714260,96.335,96.335,96.335,96.335,39
1786714560,96.335,96.335,96.335,96.335,3
1786714920,96.335,96.335,96.335,96.335,10
1786714980,96.335,96.335,96.335,96.335,1
1786715040,96.335,96.335,96.335,96.335,3
1786715820,96.335,96.335,96.335,96.335,79
1786715880,96.335,96.335,96.335,96.335,119
1786715940,96.335,96.335,96.335,96.335,21
1786716000,96.34,96.34,96.335,96.335,866
1786716060,96.335,96.335,96.335,96.335,65
1786716120,96.335,96.335,96.335,96.335,14
1786716240,96.335,96.335,96.335,96.335,2
1786716300,96.335,96.335,96.335,96.335,2
1786716480,96.335,96.335,96.335,96.335,1
1786716540,96.335,96.335,96.335,96.335,91
1786716960,96.34,96.34,96.34,96.34,4
1786717140,96.335,96.335,96.335,96.335,1222
1786717320,96.335,96.335,96.335,96.335,193
1786717680,96.335,96.335,96.335,96.335,3
1786717860,96.335,96.335,96.335,96.335,220
1786717980,96.335,96.335,96.335,96.335,1
1786718040,96.34,96.34,96.34,96.34,12
1786718160,96.335,96.335,96.335,96.335,173
1786718640,96.335,96.335,96.335,96.335,357
1786718700,96.335,96.335,96.335,96.335,107
1786718880,96.335,96.335,96.335,96.335,145
1786718940,96.335,96.335,96.335,96.335,40
1786719360,96.335,96.335,96.335,96.335,25
1786720020,96.335,96.335,96.335,96.335,4
1786720140,96.335,96.335,96.335,96.335,173
1786720320,96.335,96.335,96.335,96.335,918
1786720380,96.335,96.335,96.335,96.335,178
1786720440,96.335,96.335,96.335,96.335,290
1786720560,96.335,96.335,96.335,96.335,5
1786720740,96.335,96.335,96.335,96.335,14
1786720800,96.335,96.335,96.335,96.335,210
1786721400,96.335,96.34,96.335,96.335,405
1786721460,96.335,96.335,96.335,96.335,80
1786721520,96.335,96.335,96.335,96.335,2
1786721580,96.335,96.335,96.335,96.335,13
1786721820,96.335,96.335,96.335,96.335,200
1786721880,96.335,96.335,96.335,96.335,40
1786722000,96.335,96.335,96.335,96.335,139
1786722120,96.335,96.335,96.335,96.335,50
1786722240,96.335,96.335,96.335,96.335,306
1786722300,96.335,96.335,96.335,96.335,235
1786723980,96.335,96.335,96.335,96.335,14
1786726380,96.33,96.33,96.33,96.33,35
1786728060,96.33,96.33,96.33,96.33,1
1786728720,96.33,96.335,96.33,96.335,966
1786728840,96.335,96.335,96.335,96.335,1
1786730820,96.33,96.33,96.33,96.33,5
1786734840,96.33,96.33,96.33,96.33,30
1786735380,96.33,96.33,96.33,96.33,6
1786735500,96.33,96.33,96.33,96.33,5
1786736340,96.33,96.33,96.33,96.33,11
1786737780,96.335,96.335,96.335,96.335,1
1786738440,96.33,96.33,96.33,96.33,50
1786738980,96.33,96.33,96.33,96.33,14
1786740360,96.33,96.33,96.33,96.33,2
1786741080,96.335,96.335,96.335,96.335,1
1786917600,96.335,96.335,96.33,96.33,13
1786927320,96.335,96.335,96.335,96.335,53
1786927380,96.335,96.335,96.335,96.335,252
1786928520,96.335,96.335,96.335,96.335,318
1786931400,96.335,96.335,96.335,96.335,30
1786934880,96.335,96.335,96.335,96.335,200
1786935780,96.335,96.335,96.335,96.335,100
1786935840,96.335,96.335,96.335,96.335,116
1786935960,96.335,96.335,96.335,96.335,113
1786948980,96.335,96.335,96.335,96.335,11
1786949040,96.335,96.335,96.335,96.335,8
1786951500,96.335,96.335,96.335,96.335,318
1786952040,96.335,96.335,96.335,96.335,11
1786952160,96.335,96.335,96.335,96.335,20
1786953300,96.335,96.335,96.335,96.335,3
1786953360,96.335,96.335,96.33,96.33,62
1786956780,96.335,96.335,96.335,96.335,17
1786957980,96.335,96.335,96.335,96.335,19
1786959120,96.335,96.335,96.335,96.335,2
1786959420,96.335,96.335,96.335,96.335,450
1786960140,96.335,96.335,96.335,96.335,41
1786961880,96.335,96.335,96.335,96.335,7
1786962540,96.335,96.335,96.335,96.335,899
1786962600,96.335,96.335,96.335,96.335,16
1786962660,96.335,96.335,96.335,96.335,30
1786963260,96.335,96.335,96.335,96.335,308
1786965000,96.335,96.335,96.335,96.335,1
1786965360,96.335,96.335,96.335,96.335,77
1786965900,96.335,96.335,96.335,96.335,31
1786966080,96.335,96.335,96.335,96.335,8
1786966560,96.335,96.335,96.335,96.335,35
1786967820,96.335,96.335,96.335,96.335,4
1786967880,96.335,96.335,96.335,96.335,7
1786968300,96.335,96.335,96.335,96.335,6
1786968360,96.335,96.335,96.335,96.335,7
1786968420,96.335,96.335,96.335,96.335,11
1786968480,96.335,96.335,96.335,96.335,11
1786969560,96.33,96.33,96.33,96.33,147
1786970280,96.335,96.335,96.335,96.335,9
1786970820,96.335,96.335,96.335,96.335,2
1786971180,96.33,96.33,96.33,96.33,10
1786973160,96.335,96.335,96.335,96.335,23
1786973220,96.335,96.335,96.335,96.335,15
1786973280,96.335,96.335,96.335,96.335,11
1786973340,96.335,96.335,96.335,96.335,10
1786974540,96.335,96.335,96.335,96.335,4
1786974600,96.335,96.335,96.335,96.335,1
1786974660,96.335,96.335,96.335,96.335,51
1786974840,96.335,96.335,96.335,96.335,1
1786974960,96.335,96.335,96.335,96.335,1
1786975020,96.335,96.335,96.335,96.335,1
1786975200,96.335,96.335,96.335,96.335,1
1786975740,96.335,96.335,96.335,96.335,1
1786978140,96.335,96.335,96.335,96.335,20
1786978560,96.335,96.335,96.335,96.335,1
1786979460,96.335,96.335,96.335,96.335,20
1786979640,96.335,96.335,96.335,96.335,31
1786979820,96.33,96.335,96.33,96.335,5
1786979880,96.335,96.335,96.335,96.335,11
1786980420,96.33,96.335,96.33,96.335,151
1786980840,96.33,96.33,96.33,96.33,279
1786981980,96.33,96.33,96.33,96.33,1
1786982220,96.33,96.33,96.33,96.33,14
1786982400,96.33,96.33,96.33,96.33,5
1786984380,96.33,96.33,96.33,96.33,100
1786986180,96.33,96.33,96.33,96.33,9
1786986900,96.33,96.33,96.33,96.33,200
1786986960,96.33,96.33,96.33,96.33,100
1786989420,96.33,96.335,96.33,96.335,11
1786989480,96.33,96.33,96.33,96.33,1
1786989540,96.33,96.33,96.33,96.33,30
1786990080,96.33,96.33,96.33,96.33,3
1786990200,96.33,96.33,96.33,96.33,2
1786990260,96.33,96.33,96.33,96.33,16
1786990380,96.33,96.33,96.33,96.33,154
1786990500,96.33,96.33,96.33,96.33,2853
1786990560,96.325,96.325,96.325,96.325,67
1786990680,96.33,96.33,96.33,96.33,3
1786992000,96.325,96.325,96.325,96.325,1
1786992660,96.33,96.33,96.33,96.33,1
1786993920,96.325,96.325,96.325,96.325,11
1786995180,96.325,96.325,96.325,96.325,13
1786995300,96.325,96.325,96.325,96.325,9
1786995960,96.325,96.325,96.325,96.325,6
1786996920,96.33,96.33,96.33,96.33,1
1786997220,96.33,96.33,96.33,96.33,8
1786997280,96.33,96.33,96.33,96.33,7
1786997400,96.33,96.33,96.33,96.33,3
1786997820,96.325,96.325,96.325,96.325,50
1786999080,96.33,96.33,96.33,96.33,31
1786999260,96.33,96.33,96.33,96.33,120
1786999320,96.33,96.33,96.33,96.33,142
1787000280,96.33,96.33,96.33,96.33,2
1787007060,96.33,96.33,96.33,96.33,1
1787033220,96.325,96.325,96.325,96.325,42
1787039940,96.33,96.33,96.33,96.33,1
1787043840,96.33,96.33,96.33,96.33,15
1787044620,96.33,96.33,96.33,96.33,2
1787045700,96.33,96.33,96.33,96.33,19
1787046120,96.33,96.33,96.33,96.33,20
1787047260,96.33,96.33,96.33,96.33,2
1787050980,96.33,96.33,96.33,96.33,7
1787051160,96.33,96.33,96.33,96.33,1
1787052300,96.33,96.33,96.33,96.33,81
1787053320,96.33,96.33,96.325,96.33,202
1787056140,96.33,96.33,96.33,96.33,74
1787056260,96.33,96.33,96.325,96.33,44
1787057040,96.33,96.33,96.33,96.33,7
1787057340,96.33,96.33,96.33,96.33,15
1787057880,96.33,96.33,96.325,96.325,1001
1787058240,96.33,96.33,96.33,96.33,5
1787060160,96.33,96.33,96.325,96.325,40
1787060700,96.33,96.33,96.33,96.33,1
1787061180,96.33,96.33,96.33,96.33,14
1787061600,96.33,96.33,96.33,96.33,33
1787061720,96.33,96.33,96.33,96.33,250
1787061960,96.33,96.33,96.33,96.33,2
1787062140,96.33,96.33,96.33,96.33,6
1787062440,96.33,96.33,96.33,96.33,212
1787062620,96.33,96.33,96.33,96.33,429
1787062680,96.33,96.33,96.33,96.33,873
1787062740,96.33,96.33,96.33,96.33,14
1787062860,96.33,96.33,96.33,96.33,11
1787063220,96.33,96.33,96.33,96.33,548
1787063280,96.33,96.33,96.33,96.33,25
1787064540,96.33,96.33,96.33,96.33,3
1787066520,96.33,96.33,96.33,96.33,11
1787067060,96.33,96.33,96.33,96.33,11
1787068320,96.33,96.33,96.33,96.33,1
1787069880,96.33,96.33,96.33,96.33,3
1787075100,96.33,96.33,96.33,96.33,1
1787075160,96.33,96.33,96.33,96.33,2
1787077320,96.325,96.325,96.325,96.325,25
1787077980,96.33,96.33,96.33,96.33,1
1787079180,96.33,96.33,96.33,96.33,85
1787080020,96.33,96.33,96.33,96.33,18
1787081820,96.33,96.33,96.33,96.33,1
1787083320,96.325,96.325,96.325,96.325,114
1787083800,96.33,96.33,96.33,96.33,1
1787084460,96.33,96.33,96.33,96.33,3
1787085060,96.325,96.325,96.325,96.325,25
1787085360,96.325,96.325,96.325,96.325,100
1787086500,96.33,96.33,96.33,96.33,4
1787093400,96.33,96.33,96.33,96.33,1
1787093640,96.33,96.33,96.33,96.33,3
1787097660,96.33,96.33,96.33,96.33,3
1787105760,96.33,96.33,96.33,96.33,13
1787107080,96.33,96.33,96.33,96.33,73
1787109420,96.33,96.33,96.33,96.33,17
1787111160,96.33,96.33,96.33,96.33,22
1787114340,96.33,96.33,96.33,96.33,27
1787118960,96.33,96.33,96.33,96.33,512
1787119200,96.33,96.33,96.33,96.33,9
1787119260,96.33,96.33,96.33,96.33,9
1787119680,96.33,96.33,96.33,96.33,9
1787119740,96.33,96.33,96.33,96.33,85
1787119980,96.33,96.33,96.33,96.33,2
1787120160,96.33,96.33,96.33,96.33,45
1787127720,96.33,96.33,96.33,96.33,31
1787128020,96.335,96.335,96.335,96.335,9
1787139480,96.33,96.33,96.33,96.33,2
1787139900,96.33,96.33,96.33,96.33,3
1787140620,96.33,96.33,96.33,96.33,10
1787142000,96.335,96.335,96.335,96.335,2499
1787142900,96.33,96.33,96.33,96.33,4
1787143140,96.335,96.335,96.335,96.335,24
1787143320,96.33,96.33,96.33,96.33,3
1787143380,96.33,96.33,96.33,96.33,38
1787143500,96.33,96.33,96.33,96.33,1
1787143680,96.33,96.33,96.33,96.33,1
1787143740,96.33,96.33,96.33,96.33,131
1787143800,96.33,96.33,96.325,96.33,1612
1787143860,96.33,96.33,96.33,96.33,5
1787144280,96.33,96.33,96.33,96.33,792
1787144340,96.325,96.325,96.325,96.325,4
1787144460,96.33,96.33,96.33,96.33,431
1787144520,96.33,96.33,96.33,96.33,451
1787145300,96.335,96.335,96.335,96.335,3
1787145360,96.33,96.33,96.33,96.33,250
1787145480,96.33,96.33,96.33,96.33,100
1787146380,96.33,96.33,96.33,96.33,2
1787146920,96.33,96.33,96.33,96.33,125
1787147040,96.33,96.33,96.33,96.33,46
1787147100,96.33,96.33,96.325,96.325,577
1787147160,96.33,96.33,96.33,96.33,28
1787147220,96.33,96.33,96.33,96.33,2
1787148180,96.33,96.33,96.33,96.33,1
1787148420,96.33,96.33,96.33,96.33,8
1787148480,96.33,96.33,96.33,96.33,50
1787148660,96.33,96.33,96.33,96.33,201
1787148720,96.33,96.33,96.33,96.33,77
1787148780,96.33,96.33,96.33,96.33,150
1787148840,96.33,96.33,96.33,96.33,3
1787148960,96.33,96.33,96.33,96.33,226
1787149140,96.33,96.33,96.33,96.33,2
1787150580,96.33,96.33,96.33,96.33,1
1787150700,96.33,96.33,96.33,96.33,3
1787151540,96.33,96.33,96.33,96.33,4
1787151600,96.33,96.33,96.33,96.33,49
1787154840,96.33,96.33,96.33,96.33,8
1787156160,96.33,96.33,96.33,96.33,1
1787156280,96.33,96.33,96.33,96.33,1
1787156400,96.33,96.33,96.33,96.33,1
1787156520,96.33,96.33,96.33,96.33,1
1787156580,96.33,96.33,96.33,96.33,1
1787156700,96.33,96.33,96.33,96.33,1
1787156820,96.33,96.33,96.33,96.33,1
1787158440,96.325,96.33,96.325,96.33,2
1787158740,96.33,96.33,96.33,96.33,6
1787158800,96.33,96.33,96.33,96.33,1
1787159580,96.33,96.33,96.33,96.33,3
1787161020,96.33,96.33,96.33,96.33,3
1787162400,96.33,96.33,96.325,96.33,674
1787162460,96.33,96.33,96.33,96.33,115
1787162520,96.33,96.33,96.33,96.33,394
1787162580,96.33,96.33,96.33,96.33,11
1787162640,96.33,96.33,96.33,96.33,383
1787162700,96.33,96.33,96.33,96.33,221
1787162760,96.33,96.33,96.33,96.33,71
1787162820,96.33,96.33,96.33,96.33,24
1787163000,96.33,96.33,96.33,96.33,2
1787163120,96.33,96.33,96.33,96.33,12
1787163180,96.33,96.33,96.33,96.33,250
1787163780,96.33,96.33,96.33,96.33,16
1787164140,96.33,96.33,96.33,96.33,50
1787164440,96.33,96.33,96.33,96.33,286
1787164560,96.33,96.33,96.33,96.33,2
1787168040,96.335,96.335,96.335,96.335,80
1787169780,96.335,96.335,96.335,96.335,50
1787169840,96.33,96.33,96.33,96.33,1
1787170920,96.335,96.335,96.335,96.335,3
1787171880,96.335,96.335,96.335,96.335,14
1787172360,96.335,96.335,96.335,96.335,500
1787173080,96.335,96.335,96.335,96.335,4
1787173140,96.335,96.335,96.335,96.335,14
1787176800,96.335,96.335,96.335,96.335,87
1787176980,96.335,96.335,96.335,96.335,4
1787177040,96.335,96.335,96.335,96.335,11
1787177160,96.335,96.335,96.335,96.335,16
1787189580,96.335,96.335,96.335,96.335,21
1787190120,96.335,96.335,96.335,96.335,50
1787197500,96.335,96.335,96.335,96.335,10
1787207640,96.33,96.33,96.33,96.33,31
1787207880,96.33,96.33,96.33,96.33,19
1787208000,96.33,96.33,96.33,96.33,12
1787209920,96.33,96.33,96.33,96.33,1
1787211780,96.33,96.33,96.33,96.33,1
1787214060,96.33,96.33,96.33,96.33,2
1787214900,96.33,96.33,96.33,96.33,200
1787214960,96.33,96.33,96.33,96.33,450
1787217540,96.33,96.33,96.33,96.33,110
1787218860,96.33,96.33,96.33,96.33,1
1787219520,96.33,96.33,96.33,96.33,6
1787221440,96.33,96.33,96.33,96.33,1
1787222700,96.33,96.33,96.33,96.33,1
1787223900,96.33,96.33,96.33,96.33,2
1787224020,96.33,96.33,96.33,96.33,1307
1787224080,96.33,96.33,96.33,96.33,392
1787224440,96.33,96.33,96.33,96.33,100
1787224500,96.33,96.33,96.33,96.33,72
1787224560,96.33,96.33,96.33,96.33,577
1787224680,96.33,96.33,96.33,96.33,106
1787224740,96.33,96.33,96.33,96.33,1
1787224920,96.33,96.33,96.33,96.33,9
1787224980,96.33,96.33,96.33,96.33,3
1787225040,96.33,96.33,96.33,96.33,2
1787225100,96.33,96.33,96.33,96.33,5
1787225520,96.33,96.33,96.33,96.33,601
1787225580,96.33,96.33,96.33,96.33,92
1787226060,96.33,96.33,96.33,96.33,56
1787226720,96.33,96.33,96.33,96.33,1
1787226900,96.33,96.33,96.33,96.33,7
1787227020,96.33,96.33,96.33,96.33,1
1787227140,96.33,96.33,96.33,96.33,4
1787227200,96.33,96.33,96.33,96.33,1
1787227320,96.33,96.33,96.33,96.33,200
1787227380,96.33,96.33,96.33,96.33,22
1787227680,96.33,96.33,96.33,96.33,1
1787227740,96.33,96.33,96.33,96.33,1
1787228220,96.33,96.33,96.33,96.33,1
1787228460,96.33,96.33,96.33,96.33,1
1787228640,96.33,96.33,96.33,96.33,11
1787228700,96.33,96.33,96.33,96.33,7
1787228880,96.33,96.33,96.325,96.325,765
1787228940,96.33,96.33,96.33,96.33,16
1787229000,96.33,96.33,96.33,96.33,3
1787229060,96.33,96.33,96.33,96.33,122
1787229240,96.325,96.325,96.325,96.325,8
1787229480,96.33,96.33,96.33,96.33,271
1787229660,96.33,96.33,96.33,96.33,1
1787229780,96.33,96.33,96.33,96.33,14
1787230320,96.33,96.33,96.33,96.33,2
1787231400,96.33,96.33,96.33,96.33,75
1787231520,96.33,96.33,96.33,96.33,2
1787231580,96.33,96.33,96.33,96.33,26
1787231640,96.33,96.33,96.33,96.33,118
1787231700,96.325,96.325,96.325,96.325,93
1787231760,96.33,96.33,96.33,96.33,45
1787231880,96.33,96.33,96.33,96.33,7
1787231940,96.33,96.33,96.33,96.33,52
1787232120,96.33,96.33,96.33,96.33,46
1787232900,96.33,96.33,96.33,96.33,6
1787232960,96.33,96.33,96.33,96.33,6
1787233200,96.33,96.33,96.33,96.33,36
1787233920,96.33,96.33,96.33,96.33,4
1787234640,96.33,96.33,96.33,96.33,1
1787235180,96.33,96.33,96.33,96.33,3
1787235240,96.33,96.33,96.33,96.33,18
1787235780,96.33,96.33,96.33,96.33,22
1787236380,96.33,96.335,96.33,96.335,280
1787236500,96.335,96.335,96.33,96.33,253