time,open,high,low,close,Volume
1783967820,96.27,96.27,96.27,96.27,481
1783967880,96.27,96.27,96.27,96.27,11
1783968060,96.27,96.27,96.27,96.27,640
1783968120,96.27,96.27,96.27,96.27,199
1783968180,96.27,96.27,96.27,96.27,139
1783968300,96.27,96.27,96.27,96.27,165
1783968360,96.27,96.27,96.27,96.27,136
1783968480,96.27,96.27,96.27,96.27,11
1783968600,96.27,96.27,96.27,96.27,195
1783968660,96.27,96.27,96.27,96.27,36
1783968720,96.27,96.27,96.27,96.27,269
1783968780,96.27,96.27,96.27,96.27,336
1783968900,96.27,96.27,96.27,96.27,834
1783968960,96.27,96.27,96.27,96.27,4
1783969080,96.27,96.27,96.27,96.27,19
1783969140,96.27,96.27,96.265,96.265,20
1783969320,96.27,96.27,96.27,96.27,600
1783969380,96.27,96.27,96.27,96.27,136
1783969620,96.27,96.27,96.27,96.27,101
1783969800,96.27,96.27,96.27,96.27,1352
1783969860,96.27,96.27,96.27,96.27,178
1783969980,96.275,96.275,96.275,96.275,3867
1783970220,96.27,96.27,96.27,96.27,12
1783971420,96.27,96.27,96.27,96.27,6
1783971600,96.27,96.275,96.27,96.275,35
1783971660,96.275,96.275,96.275,96.275,1
1783972140,96.275,96.275,96.275,96.275,1
1783972260,96.275,96.275,96.27,96.275,123
1783972500,96.27,96.27,96.27,96.27,1003
1783972800,96.27,96.27,96.27,96.27,300
1783973340,96.27,96.27,96.27,96.27,135
1783973400,96.27,96.27,96.27,96.27,2629
1783973460,96.27,96.27,96.27,96.27,50
1783973640,96.27,96.27,96.27,96.27,1
1783973940,96.27,96.27,96.27,96.27,5
1783974000,96.265,96.265,96.265,96.265,9
1783974660,96.27,96.27,96.27,96.27,14
1783974780,96.27,96.27,96.27,96.27,25
1783974900,96.27,96.27,96.27,96.27,88
1783975800,96.265,96.265,96.265,96.265,40
1783975920,96.265,96.265,96.265,96.265,80
1783976040,96.265,96.27,96.265,96.27,81
1783976100,96.265,96.265,96.265,96.265,40
1783976160,96.265,96.27,96.265,96.27,15
1783976340,96.265,96.265,96.265,96.265,10
1783980000,96.27,96.27,96.265,96.265,164
1783980060,96.27,96.27,96.27,96.27,3
1783980120,96.27,96.27,96.27,96.27,8
1783980840,96.27,96.27,96.27,96.27,1
1783981380,96.27,96.27,96.27,96.27,6
1783981440,96.27,96.27,96.27,96.27,7
1783982400,96.265,96.265,96.265,96.265,300
1783982700,96.265,96.265,96.265,96.265,18
1783983840,96.27,96.27,96.27,96.27,6
1783984020,96.27,96.27,96.27,96.27,80
1783985700,96.27,96.27,96.27,96.27,7
1783986960,96.27,96.27,96.27,96.27,100
1783987200,96.27,96.27,96.27,96.27,439
1783987380,96.27,96.27,96.27,96.27,1
1783988220,96.265,96.265,96.265,96.265,2
1783988340,96.265,96.265,96.26,96.26,4649
1783989300,96.265,96.265,96.265,96.265,200
1783989780,96.265,96.265,96.265,96.265,2
1783989840,96.265,96.265,96.265,96.265,2
1783990140,96.265,96.265,96.265,96.265,200
1783990200,96.265,96.265,96.265,96.265,10
1783990260,96.265,96.265,96.265,96.265,20
1783990320,96.265,96.265,96.265,96.265,50
1783990380,96.265,96.265,96.265,96.265,12
1783990800,96.265,96.265,96.265,96.265,200
1783990920,96.265,96.265,96.265,96.265,1871
1783991700,96.265,96.265,96.265,96.265,80
1783992000,96.265,96.265,96.265,96.265,80
1783993080,96.265,96.265,96.265,96.265,305
1783996260,96.265,96.265,96.265,96.265,171
1783996320,96.265,96.265,96.265,96.265,50
1783997160,96.265,96.265,96.265,96.265,50
1783997220,96.27,96.27,96.27,96.27,50
1783998120,96.265,96.265,96.265,96.265,5
1783998960,96.265,96.265,96.265,96.265,258
1783999200,96.265,96.265,96.265,96.265,702
1783999260,96.265,96.265,96.265,96.265,323
1783999320,96.265,96.265,96.265,96.265,200
1783999560,96.26,96.26,96.26,96.26,5
1784000100,96.265,96.265,96.265,96.265,638
1784001900,96.265,96.265,96.265,96.265,2
1784002560,96.265,96.265,96.265,96.265,536
1784002920,96.265,96.265,96.265,96.265,120
1784003400,96.265,96.275,96.265,96.27,9762
1784003580,96.275,96.275,96.275,96.275,143
1784003640,96.275,96.275,96.275,96.275,200
1784004000,96.275,96.275,96.275,96.275,100
1784005260,96.27,96.27,96.27,96.27,1123
1784005380,96.27,96.27,96.27,96.27,523
1784005440,96.27,96.27,96.27,96.27,189
1784005560,96.27,96.275,96.27,96.275,350
1784005680,96.27,96.27,96.27,96.27,224
1784005980,96.27,96.27,96.27,96.27,10
1784006280,96.27,96.27,96.27,96.27,175
1784006520,96.27,96.27,96.27,96.27,1
1784007300,96.27,96.27,96.27,96.27,345
1784007540,96.27,96.27,96.27,96.27,40
1784008020,96.27,96.27,96.27,96.27,826
1784008440,96.27,96.27,96.27,96.27,23
1784008740,96.27,96.27,96.27,96.27,40
1784008860,96.27,96.27,96.27,96.27,102
1784009880,96.265,96.265,96.265,96.265,500
1784010060,96.265,96.265,96.265,96.265,200
1784010240,96.265,96.265,96.265,96.265,124
1784010480,96.265,96.265,96.265,96.265,18
1784011140,96.265,96.265,96.265,96.265,12
1784011260,96.27,96.27,96.27,96.27,50
1784011560,96.265,96.265,96.265,96.265,25
1784011620,96.265,96.265,96.265,96.265,85
1784012400,96.265,96.265,96.265,96.265,145
1784013120,96.27,96.27,96.27,96.27,1
1784013240,96.27,96.27,96.27,96.27,5507
1784013300,96.275,96.275,96.27,96.27,1204
1784013360,96.27,96.27,96.27,96.27,173
1784013600,96.27,96.27,96.27,96.27,2943
1784013660,96.27,96.27,96.27,96.27,97
1784013720,96.27,96.27,96.27,96.27,34
1784014200,96.275,96.275,96.275,96.275,137
1784014380,96.27,96.27,96.27,96.27,1250
1784014440,96.27,96.27,96.27,96.27,456
1784014680,96.27,96.275,96.27,96.275,200
1784014740,96.27,96.27,96.27,96.27,144
1784014800,96.27,96.27,96.27,96.27,179
1784014860,96.27,96.27,96.27,96.27,322
1784014920,96.27,96.27,96.27,96.27,964
1784015340,96.27,96.27,96.27,96.27,500
1784015400,96.27,96.27,96.27,96.27,150
1784015520,96.27,96.27,96.27,96.27,71
1784015580,96.27,96.27,96.27,96.27,139
1784015640,96.27,96.27,96.27,96.27,1903
1784015760,96.27,96.27,96.27,96.27,36
1784015820,96.27,96.27,96.27,96.27,638
1784015880,96.27,96.27,96.27,96.27,163
1784015940,96.27,96.27,96.27,96.27,349
1784016000,96.27,96.27,96.27,96.27,16
1784016060,96.265,96.265,96.265,96.265,100
1784016180,96.27,96.27,96.265,96.265,355
1784016240,96.27,96.27,96.27,96.27,120
1784016360,96.27,96.27,96.27,96.27,250
1784016540,96.27,96.27,96.27,96.27,100
1784016660,96.27,96.27,96.27,96.27,33
1784016720,96.27,96.27,96.27,96.27,9
1784016780,96.27,96.27,96.27,96.27,158
1784016900,96.27,96.27,96.27,96.27,1297
1784016960,96.27,96.27,96.27,96.27,803
1784017080,96.27,96.27,96.27,96.27,138
1784017140,96.27,96.27,96.27,96.27,1
1784017200,96.27,96.27,96.27,96.27,905
1784017260,96.27,96.27,96.27,96.27,72
1784017680,96.27,96.27,96.27,96.27,126
1784017800,96.27,96.27,96.27,96.27,2
1784017920,96.275,96.275,96.275,96.275,125
1784018400,96.275,96.275,96.275,96.275,150
1784018460,96.275,96.275,96.275,96.275,150
1784019420,96.27,96.27,96.27,96.27,200
1784019600,96.27,96.27,96.27,96.27,3
1784019660,96.27,96.27,96.27,96.27,6
1784020200,96.27,96.27,96.27,96.27,65
1784020440,96.275,96.275,96.275,96.275,250
1784020500,96.275,96.275,96.275,96.275,1
1784020620,96.27,96.27,96.27,96.27,50
1784020980,96.27,96.27,96.27,96.27,250
1784021580,96.27,96.27,96.27,96.27,2
1784022300,96.27,96.27,96.27,96.27,3
1784022360,96.275,96.275,96.275,96.275,1000
1784022420,96.275,96.275,96.275,96.275,700
1784022480,96.275,96.275,96.275,96.275,2350
1784022540,96.275,96.275,96.275,96.275,1056
1784022600,96.275,96.275,96.275,96.275,773
1784022720,96.28,96.28,96.28,96.28,2
1784022780,96.28,96.28,96.28,96.28,44
1784023020,96.28,96.28,96.28,96.28,119
1784023380,96.28,96.28,96.28,96.28,2
1784023440,96.28,96.28,96.28,96.28,5
1784023500,96.28,96.28,96.275,96.275,119
1784023560,96.28,96.28,96.28,96.28,1
1784023680,96.275,96.275,96.275,96.275,1149
1784023740,96.275,96.275,96.275,96.275,272
1784023800,96.275,96.275,96.275,96.275,1613
1784023980,96.275,96.275,96.275,96.275,100
1784024160,96.28,96.28,96.28,96.28,8030
1784024220,96.28,96.28,96.28,96.28,981
1784024280,96.28,96.28,96.28,96.28,2647
1784024340,96.28,96.28,96.28,96.28,1140
1784024400,96.28,96.28,96.28,96.28,1
1784024520,96.275,96.275,96.275,96.275,50
1784024640,96.28,96.28,96.28,96.28,100
1784024760,96.28,96.28,96.28,96.28,150
1784025120,96.275,96.275,96.275,96.275,1
1784025240,96.275,96.275,96.275,96.275,4099
1784025300,96.275,96.275,96.275,96.275,1723
1784025360,96.275,96.275,96.275,96.275,41
1784025420,96.275,96.275,96.275,96.275,525
1784025480,96.275,96.275,96.275,96.275,150
1784025840,96.28,96.28,96.28,96.28,100
1784026380,96.28,96.28,96.28,96.28,2
1784026500,96.275,96.275,96.275,96.275,100
1784026560,96.275,96.275,96.275,96.275,1074
1784026620,96.275,96.275,96.275,96.275,596
1784026680,96.275,96.275,96.275,96.275,406
1784026740,96.275,96.275,96.275,96.275,29
1784026800,96.275,96.275,96.275,96.275,518
1784026860,96.275,96.275,96.275,96.275,101
1784026920,96.275,96.275,96.275,96.275,38
1784026980,96.275,96.275,96.275,96.275,120
1784027040,96.275,96.275,96.275,96.275,37
1784027160,96.275,96.275,96.275,96.275,242
1784027340,96.275,96.275,96.275,96.275,2
1784027400,96.275,96.275,96.275,96.275,234
1784027460,96.28,96.285,96.28,96.285,22091
1784027640,96.285,96.285,96.285,96.285,2116
1784027700,96.285,96.285,96.285,96.285,350
1784027760,96.285,96.285,96.285,96.285,1286
1784028000,96.285,96.285,96.285,96.285,45
1784028060,96.28,96.28,96.28,96.28,150
1784028120,96.285,96.285,96.285,96.285,10
1784028180,96.285,96.285,96.285,96.285,150
1784028240,96.285,96.285,96.285,96.285,5
1784028300,96.285,96.285,96.285,96.285,2
1784028360,96.285,96.285,96.285,96.285,555
1784028420,96.285,96.285,96.285,96.285,35
1784028540,96.285,96.285,96.285,96.285,90
1784028600,96.285,96.285,96.285,96.285,170
1784028660,96.285,96.285,96.285,96.285,412
1784028840,96.28,96.285,96.28,96.285,77
1784028960,96.285,96.285,96.285,96.285,129
1784029020,96.285,96.285,96.285,96.285,1500
1784029080,96.285,96.285,96.285,96.285,594
1784029140,96.28,96.28,96.28,96.28,300
1784029320,96.285,96.285,96.285,96.285,143
1784029500,96.285,96.285,96.285,96.285,283
1784029680,96.28,96.28,96.28,96.28,1000
1784029980,96.28,96.28,96.28,96.28,290
1784030040,96.28,96.28,96.28,96.28,100
1784030100,96.285,96.285,96.285,96.285,46
1784030160,96.285,96.285,96.285,96.285,18
1784030220,96.285,96.285,96.285,96.285,17
1784030280,96.285,96.285,96.285,96.285,6121
1784030340,96.285,96.285,96.285,96.285,1213
1784030400,96.285,96.285,96.285,96.285,1869
1784030460,96.285,96.285,96.285,96.285,43
1784030520,96.285,96.285,96.285,96.285,65
1784030580,96.285,96.285,96.285,96.285,520
1784030640,96.285,96.285,96.285,96.285,1002
1784030700,96.285,96.285,96.285,96.285,33
1784030820,96.285,96.285,96.28,96.28,32
1784030940,96.285,96.285,96.285,96.285,1
1784031000,96.28,96.285,96.28,96.285,2110
1784031060,96.285,96.285,96.285,96.285,1
1784031240,96.28,96.285,96.28,96.285,875
1784031360,96.28,96.28,96.28,96.28,141
1784031420,96.28,96.28,96.28,96.28,100
1784031480,96.28,96.28,96.28,96.28,35
1784031540,96.28,96.28,96.28,96.28,1123
1784031600,96.28,96.285,96.28,96.28,92
1784031660,96.28,96.28,96.28,96.28,5
1784031720,96.28,96.285,96.28,96.28,656
1784031780,96.285,96.285,96.28,96.28,636
1784031900,96.28,96.285,96.28,96.285,1284
1784031960,96.285,96.285,96.285,96.285,629
1784032020,96.28,96.28,96.275,96.28,3145
1784032080,96.28,96.28,96.28,96.28,510
1784032140,96.28,96.285,96.28,96.28,849
1784032200,96.285,96.34,96.285,96.335,25305
1784032260,96.335,96.335,96.33,96.33,11131
1784032320,96.33,96.335,96.33,96.33,8684
1784032380,96.33,96.335,96.33,96.335,15619
1784032440,96.335,96.335,96.33,96.335,12629
1784032500,96.335,96.34,96.335,96.335,23114
1784032560,96.335,96.34,96.33,96.335,17220
1784032620,96.335,96.335,96.33,96.335,9808
1784032680,96.335,96.335,96.335,96.335,3931
1784032740,96.335,96.335,96.335,96.335,120
1784032800,96.335,96.345,96.335,96.34,8707
1784032860,96.34,96.34,96.335,96.34,4578
1784032920,96.34,96.34,96.34,96.34,2095
1784032980,96.34,96.34,96.34,96.34,6740
1784033040,96.34,96.34,96.34,96.34,200
1784033100,96.34,96.34,96.34,96.34,5019
1784033160,96.34,96.345,96.34,96.34,3429
1784033220,96.34,96.34,96.34,96.34,805
1784033280,96.34,96.34,96.34,96.34,716
1784033340,96.335,96.335,96.335,96.335,309
1784033400,96.34,96.34,96.335,96.34,200
1784033460,96.335,96.335,96.335,96.335,10467
1784033520,96.335,96.34,96.335,96.335,1351
1784033580,96.34,96.34,96.335,96.34,283
1784033640,96.34,96.34,96.34,96.34,16
1784033700,96.34,96.345,96.34,96.34,8634
1784033760,96.34,96.34,96.34,96.34,533
1784033820,96.34,96.34,96.34,96.34,1424
1784033880,96.34,96.34,96.34,96.34,369
1784033940,96.34,96.34,96.34,96.34,203
1784034060,96.345,96.345,96.345,96.345,3142
1784034120,96.345,96.345,96.345,96.345,3038
1784034420,96.345,96.345,96.345,96.345,1000
1784034480,96.345,96.345,96.345,96.345,100
1784034540,96.345,96.345,96.345,96.345,91
1784034660,96.34,96.34,96.34,96.34,25
1784034720,96.345,96.345,96.34,96.34,616
1784034780,96.34,96.345,96.34,96.345,211
1784034900,96.34,96.34,96.34,96.34,100
1784035020,96.34,96.34,96.34,96.34,71
1784035080,96.34,96.34,96.34,96.34,600
1784035200,96.34,96.34,96.335,96.34,9263
1784035260,96.34,96.34,96.34,96.34,60
1784035320,96.34,96.34,96.34,96.34,717
1784035440,96.34,96.34,96.34,96.34,5
1784035500,96.335,96.34,96.335,96.34,320
1784035560,96.34,96.34,96.34,96.34,500
1784035620,96.34,96.34,96.34,96.34,3511
1784035680,96.34,96.34,96.34,96.34,387
1784035740,96.34,96.34,96.34,96.34,1864
1784035860,96.34,96.34,96.34,96.34,802
1784036040,96.34,96.34,96.34,96.34,55
1784036280,96.335,96.335,96.335,96.335,350
1784036460,96.34,96.34,96.34,96.34,123
1784036520,96.34,96.34,96.34,96.34,5274
1784036580,96.34,96.34,96.34,96.34,1262
1784036700,96.34,96.34,96.34,96.34,1471
1784036760,96.34,96.34,96.34,96.34,519
1784036880,96.34,96.34,96.34,96.34,100
1784036940,96.34,96.34,96.34,96.34,165
1784037000,96.34,96.34,96.34,96.34,556
1784037060,96.34,96.34,96.34,96.34,402
1784037120,96.34,96.34,96.34,96.34,1961
1784037180,96.34,96.34,96.34,96.34,659
1784037240,96.34,96.34,96.34,96.34,76
1784037300,96.34,96.34,96.34,96.34,39
1784037360,96.34,96.34,96.34,96.34,300
1784037420,96.34,96.34,96.34,96.34,50
1784037540,96.34,96.34,96.34,96.34,12
1784037600,96.34,96.34,96.34,96.34,24
1784037720,96.34,96.34,96.34,96.34,6
1784037900,96.345,96.345,96.345,96.345,5
1784037960,96.34,96.34,96.34,96.34,80
1784038080,96.345,96.345,96.345,96.345,1
1784038500,96.34,96.34,96.34,96.34,3432
1784038560,96.34,96.34,96.34,96.34,416
1784038620,96.34,96.34,96.34,96.34,27
1784038680,96.34,96.34,96.34,96.34,1285
1784038740,96.34,96.34,96.34,96.34,1382
1784038800,96.34,96.34,96.34,96.34,1991
1784038860,96.34,96.34,96.34,96.34,709
1784038920,96.34,96.34,96.34,96.34,32
1784039100,96.335,96.335,96.335,96.335,124
1784039160,96.335,96.335,96.335,96.335,1
1784039280,96.34,96.34,96.34,96.34,6103
1784039340,96.34,96.34,96.34,96.34,901
1784039400,96.34,96.34,96.34,96.34,3
1784039520,96.34,96.34,96.34,96.34,5
1784039580,96.34,96.34,96.34,96.34,1318
1784039640,96.34,96.345,96.34,96.34,1326
1784039700,96.34,96.34,96.34,96.34,188
1784039820,96.34,96.34,96.34,96.34,1211
1784040180,96.34,96.34,96.34,96.34,309
1784040240,96.34,96.34,96.34,96.34,50
1784040420,96.34,96.34,96.34,96.34,101
1784040480,96.34,96.34,96.34,96.34,45
1784040600,96.34,96.34,96.34,96.34,1
1784040960,96.34,96.34,96.34,96.34,16
1784041080,96.34,96.34,96.34,96.34,2
1784041260,96.34,96.34,96.34,96.34,6
1784041380,96.34,96.34,96.34,96.34,61
1784043120,96.34,96.34,96.34,96.34,18
1784043300,96.34,96.34,96.34,96.34,7
1784043480,96.34,96.34,96.34,96.34,1
1784043600,96.34,96.34,96.34,96.34,1037
1784043660,96.34,96.34,96.34,96.34,1214
1784043720,96.34,96.34,96.335,96.335,21104
1784043780,96.335,96.335,96.335,96.335,1166
1784043840,96.335,96.34,96.335,96.335,56
1784043900,96.335,96.335,96.335,96.335,6
1784043960,96.335,96.335,96.335,96.335,156
1784044020,96.34,96.34,96.335,96.335,963
1784044080,96.335,96.335,96.335,96.335,15841
1784044140,96.33,96.33,96.33,96.33,1617
1784044200,96.33,96.33,96.33,96.33,5277
1784044260,96.33,96.33,96.33,96.33,275
1784044320,96.335,96.335,96.335,96.335,3
1784044380,96.335,96.335,96.33,96.33,126
1784044440,96.33,96.33,96.33,96.33,94
1784044500,96.335,96.335,96.33,96.33,1152
1784044560,96.335,96.335,96.335,96.335,8604
1784044620,96.335,96.335,96.33,96.33,15551
1784044680,96.33,96.33,96.33,96.33,277
1784044740,96.33,96.33,96.33,96.33,600
1784044800,96.33,96.33,96.33,96.33,40
1784044920,96.33,96.33,96.33,96.33,50
1784044980,96.33,96.33,96.33,96.33,750
1784045040,96.33,96.33,96.33,96.33,6
1784045100,96.33,96.33,96.33,96.33,130
1784045160,96.33,96.33,96.33,96.33,1672
1784045220,96.33,96.33,96.33,96.33,906
1784045280,96.33,96.33,96.33,96.33,1498
1784045940,96.335,96.335,96.335,96.335,50
1784046120,96.335,96.335,96.335,96.335,50
1784046240,96.335,96.335,96.335,96.335,51
1784046360,96.335,96.335,96.335,96.335,4
1784046720,96.335,96.335,96.335,96.335,600
1784047200,96.335,96.335,96.335,96.335,27
1784047380,96.33,96.33,96.33,96.33,200
1784047860,96.335,96.335,96.335,96.335,10
1784048040,96.335,96.335,96.335,96.335,10
1784048280,96.33,96.33,96.33,96.33,200
1784048340,96.335,96.335,96.335,96.335,10
1784048580,96.335,96.335,96.335,96.335,10
1784048820,96.335,96.335,96.335,96.335,10
1784049060,96.335,96.335,96.335,96.335,10
1784049420,96.335,96.335,96.335,96.335,10
1784049480,96.335,96.335,96.335,96.335,1
1784049900,96.335,96.335,96.335,96.335,10
1784049960,96.335,96.335,96.335,96.335,311
1784050260,96.335,96.335,96.335,96.335,10
1784050320,96.335,96.335,96.335,96.335,50
1784050500,96.335,96.335,96.335,96.335,48
1784050560,96.33,96.33,96.33,96.33,100
1784050620,96.33,96.33,96.33,96.33,150
1784050800,96.335,96.335,96.335,96.335,10
1784050920,96.33,96.33,96.33,96.33,14
1784051100,96.335,96.335,96.335,96.335,29
1784051280,96.335,96.335,96.335,96.335,5
1784051340,96.335,96.335,96.335,96.335,10
1784051580,96.33,96.33,96.33,96.33,600
1784051940,96.335,96.335,96.335,96.335,520
1784052180,96.335,96.335,96.335,96.335,10
1784052240,96.335,96.335,96.335,96.335,34
1784052360,96.335,96.335,96.335,96.335,10
1784052600,96.335,96.335,96.335,96.335,3
1784052720,96.335,96.335,96.335,96.335,10
1784052900,96.335,96.335,96.335,96.335,17
1784053200,96.335,96.335,96.335,96.335,10
1784053260,96.335,96.335,96.335,96.335,2
1784053380,96.335,96.335,96.335,96.335,5
1784053440,96.335,96.335,96.335,96.335,52
1784053680,96.335,96.335,96.335,96.335,10
1784054160,96.335,96.335,96.335,96.335,10
1784054340,96.335,96.335,96.335,96.335,34
1784054460,96.335,96.335,96.335,96.335,3
1784054580,96.335,96.335,96.335,96.335,7
1784054700,96.335,96.335,96.335,96.335,10
1784054940,96.33,96.33,96.33,96.33,10
1784055300,96.335,96.335,96.335,96.335,25
1784055420,96.33,96.335,96.33,96.335,16
1784055480,96.335,96.335,96.335,96.335,3029
1784055540,96.335,96.335,96.335,96.335,493
1784055600,96.335,96.335,96.335,96.335,10
1784055660,96.335,96.335,96.335,96.335,10
1784055720,96.335,96.335,96.335,96.335,10
1784055780,96.335,96.335,96.335,96.335,10
1784055840,96.335,96.335,96.335,96.335,70
1784055900,96.335,96.335,96.335,96.335,10
1784055960,96.335,96.335,96.33,96.33,35
1784056080,96.335,96.335,96.335,96.335,31
1784056140,96.335,96.335,96.335,96.335,12
1784056200,96.335,96.335,96.335,96.335,10
1784056260,96.335,96.335,96.33,96.33,70
1784056320,96.335,96.335,96.335,96.335,124
1784056380,96.335,96.335,96.335,96.335,1
1784056440,96.335,96.335,96.335,96.335,10
1784056560,96.335,96.335,96.335,96.335,10
1784056680,96.335,96.335,96.335,96.335,111
1784056860,96.335,96.335,96.335,96.335,10
1784056980,96.335,96.335,96.335,96.335,610
1784057100,96.335,96.335,96.335,96.335,10
1784057220,96.335,96.335,96.335,96.335,10
1784057280,96.335,96.335,96.335,96.335,305
1784057340,96.335,96.335,96.335,96.335,10
1784057400,96.335,96.335,96.335,96.335,9
1784057460,96.335,96.335,96.335,96.335,10
1784057520,96.33,96.335,96.33,96.335,6
1784057640,96.335,96.335,96.335,96.335,10
1784057820,96.335,96.335,96.335,96.335,10
1784057880,96.335,96.335,96.335,96.335,35
1784058060,96.335,96.335,96.335,96.335,10
1784058120,96.33,96.33,96.33,96.33,95
1784058180,96.335,96.335,96.335,96.335,330
1784058300,96.335,96.335,96.335,96.335,10
1784058480,96.335,96.335,96.335,96.335,10
1784058720,96.335,96.335,96.335,96.335,100
1784058780,96.335,96.335,96.335,96.335,48
1784059080,96.335,96.335,96.335,96.335,3
1784059140,96.335,96.335,96.335,96.335,10
1784059260,96.335,96.335,96.335,96.335,152
1784059320,96.33,96.33,96.33,96.33,494
1784059380,96.335,96.335,96.335,96.335,15
1784059440,96.335,96.335,96.335,96.335,50
1784059500,96.335,96.335,96.335,96.335,13
1784059560,96.335,96.335,96.335,96.335,10
1784059740,96.335,96.335,96.335,96.335,120
1784059800,96.335,96.335,96.335,96.335,11
1784060040,96.335,96.335,96.335,96.335,10
1784060220,96.335,96.335,96.335,96.335,30
1784060280,96.335,96.335,96.335,96.335,30
1784060400,96.335,96.335,96.335,96.335,10
1784060820,96.335,96.335,96.335,96.335,10
1784061060,96.335,96.335,96.335,96.335,2
1784061300,96.33,96.33,96.33,96.33,61
1784061780,96.335,96.335,96.335,96.335,10
1784062320,96.335,96.335,96.335,96.335,10
1784062680,96.335,96.335,96.335,96.335,1
1784062740,96.335,96.335,96.335,96.335,40
1784066400,96.335,96.335,96.335,96.335,146
1784067660,96.335,96.335,96.335,96.335,100
1784068800,96.335,96.335,96.335,96.335,100
1784070840,96.335,96.335,96.335,96.335,100
1784071440,96.335,96.335,96.335,96.335,5
1784071560,96.335,96.335,96.335,96.335,5
1784072280,96.335,96.335,96.335,96.335,1500
1784072820,96.335,96.335,96.335,96.335,5
1784073120,96.33,96.33,96.33,96.33,1
1784073240,96.335,96.335,96.335,96.335,1
1784073300,96.335,96.335,96.335,96.335,600
1784073660,96.335,96.335,96.335,96.335,1
1784073780,96.335,96.335,96.335,96.335,738
1784073960,96.335,96.335,96.335,96.335,3
1784074080,96.335,96.335,96.335,96.335,150
1784076960,96.335,96.335,96.335,96.335,480
1784077440,96.335,96.335,96.335,96.335,70
1784078520,96.335,96.335,96.335,96.335,9
1784082360,96.335,96.335,96.335,96.335,150
1784083140,96.335,96.335,96.335,96.335,1
1784086920,96.335,96.335,96.335,96.335,20
1784087640,96.335,96.335,96.335,96.335,3
1784088720,96.335,96.335,96.335,96.335,1
1784088960,96.335,96.335,96.335,96.335,50
1784089080,96.335,96.335,96.335,96.335,3
1784089380,96.335,96.335,96.335,96.335,12
1784089560,96.335,96.335,96.335,96.335,28
1784091840,96.33,96.33,96.33,96.33,50
1784092020,96.335,96.335,96.335,96.335,2
1784094780,96.335,96.335,96.335,96.335,30
1784095800,96.335,96.335,96.335,96.335,92
1784096340,96.335,96.335,96.335,96.335,150
1784096820,96.335,96.335,96.335,96.335,100
1784097660,96.335,96.335,96.335,96.335,1200
1784097960,96.335,96.335,96.335,96.335,22
1784098260,96.335,96.335,96.335,96.335,20
1784099520,96.335,96.335,96.335,96.335,15
1784099820,96.335,96.335,96.335,96.335,100
1784100000,96.335,96.335,96.335,96.335,25
1784100060,96.335,96.335,96.335,96.335,600
1784100480,96.335,96.335,96.335,96.335,125
1784100540,96.33,96.33,96.33,96.33,50
1784101140,96.33,96.33,96.33,96.33,32
1784101200,96.335,96.335,96.335,96.335,650
1784101260,96.335,96.335,96.335,96.335,4491
1784101920,96.335,96.335,96.335,96.335,215
1784102460,96.335,96.335,96.335,96.335,1
1784102580,96.335,96.335,96.335,96.335,1205
1784102880,96.335,96.335,96.335,96.335,35
1784102940,96.335,96.335,96.335,96.335,19
1784103000,96.335,96.335,96.335,96.335,50
1784103180,96.335,96.335,96.335,96.335,10
1784103600,96.335,96.335,96.335,96.335,768
1784103660,96.335,96.335,96.335,96.335,786
1784104020,96.335,96.335,96.335,96.335,19
1784104500,96.335,96.335,96.335,96.335,463
1784104740,96.335,96.335,96.335,96.335,201
1784104920,96.335,96.335,96.335,96.335,550
1784105040,96.335,96.335,96.335,96.335,1606
1784105160,96.335,96.335,96.335,96.335,28
1784105340,96.335,96.335,96.335,96.335,151
1784105460,96.335,96.335,96.335,96.335,100
1784105760,96.335,96.335,96.335,96.335,154
1784105880,96.335,96.335,96.335,96.335,119
1784106180,96.34,96.34,96.335,96.34,24
1784106240,96.335,96.335,96.335,96.335,920
1784106480,96.335,96.335,96.335,96.335,200
1784106540,96.335,96.335,96.335,96.335,716
1784106600,96.335,96.335,96.335,96.335,119
1784106660,96.335,96.335,96.335,96.335,132
1784106720,96.335,96.335,96.335,96.335,100
1784106900,96.335,96.335,96.335,96.335,145
1784107080,96.335,96.335,96.335,96.335,5
1784107200,96.335,96.335,96.335,96.335,7
1784107260,96.335,96.335,96.335,96.335,61
1784107440,96.335,96.335,96.335,96.335,32
1784107560,96.335,96.335,96.335,96.335,486
1784107860,96.335,96.335,96.335,96.335,19
1784107980,96.335,96.335,96.335,96.335,3
1784108760,96.335,96.335,96.335,96.335,333
1784108940,96.335,96.335,96.335,96.335,669
1784109120,96.335,96.335,96.335,96.335,43
1784109540,96.335,96.335,96.335,96.335,183
1784109600,96.335,96.335,96.33,96.33,1981
1784109720,96.335,96.335,96.335,96.335,200
1784109900,96.33,96.33,96.33,96.33,1200
1784111400,96.335,96.335,96.335,96.335,1
1784111760,96.335,96.335,96.335,96.335,100
1784112060,96.335,96.335,96.335,96.335,4994
1784112780,96.335,96.335,96.335,96.335,2
1784113680,96.335,96.335,96.335,96.335,2025
1784113740,96.335,96.335,96.335,96.335,3127
1784114220,96.335,96.335,96.335,96.335,200
1784114640,96.335,96.335,96.335,96.335,100
1784114700,96.335,96.335,96.335,96.335,50
1784114880,96.335,96.335,96.335,96.335,500
1784114940,96.335,96.335,96.335,96.335,100
1784115060,96.335,96.335,96.335,96.335,125
1784115300,96.335,96.335,96.335,96.335,200
1784115360,96.335,96.335,96.335,96.335,2288
1784115420,96.335,96.335,96.335,96.335,757
1784115720,96.335,96.335,96.335,96.335,198
1784115780,96.335,96.335,96.335,96.335,198
1784116380,96.335,96.335,96.335,96.335,100
1784116560,96.335,96.335,96.335,96.335,2679
1784116620,96.335,96.335,96.335,96.335,4637
1784116680,96.335,96.335,96.335,96.335,309
1784116740,96.335,96.335,96.335,96.335,375
1784116800,96.335,96.335,96.335,96.335,472
1784116860,96.335,96.335,96.335,96.335,1742
1784116920,96.335,96.335,96.335,96.335,2
1784116980,96.335,96.335,96.335,96.335,141
1784117100,96.335,96.335,96.335,96.335,120
1784117160,96.335,96.335,96.335,96.335,2612
1784117220,96.335,96.335,96.335,96.335,607
1784117280,96.335,96.335,96.335,96.335,142
1784117340,96.335,96.335,96.335,96.335,250
1784117400,96.335,96.335,96.335,96.335,111
1784117580,96.335,96.335,96.335,96.335,11
1784118000,96.335,96.335,96.335,96.335,1
1784118120,96.335,96.335,96.335,96.335,34
1784118180,96.335,96.335,96.335,96.335,3373
1784118240,96.335,96.335,96.335,96.335,213
1784118300,96.335,96.335,96.335,96.335,738
1784118360,96.335,96.335,96.335,96.335,205
1784118420,96.335,96.335,96.335,96.335,275
1784118480,96.335,96.335,96.335,96.335,1253
1784118540,96.335,96.335,96.335,96.335,3
1784118600,96.335,96.345,96.335,96.345,16886
1784118660,96.345,96.35,96.345,96.345,9657
1784118720,96.35,96.36,96.35,96.355,54219
1784118780,96.355,96.355,96.35,96.355,6164
1784118840,96.355,96.355,96.355,96.355,5349
1784118900,96.355,96.355,96.355,96.355,204
1784118960,96.35,96.355,96.35,96.355,77
1784119020,96.355,96.355,96.35,96.35,2205
1784119080,96.355,96.355,96.345,96.35,31839
1784119140,96.35,96.355,96.35,96.35,2280
1784119200,96.35,96.35,96.35,96.35,1485
1784119260,96.35,96.35,96.35,96.35,1852
1784119320,96.35,96.35,96.35,96.35,2036
1784119380,96.35,96.35,96.35,96.35,3078
1784119440,96.35,96.355,96.35,96.355,14
1784119500,96.355,96.355,96.35,96.355,222
1784119560,96.355,96.355,96.355,96.355,2
1784119620,96.35,96.35,96.35,96.35,150
1784119680,96.35,96.35,96.35,96.35,50
1784119740,96.35,96.35,96.35,96.35,100
1784119800,96.35,96.35,96.35,96.35,13139
1784119860,96.35,96.35,96.35,96.35,377
1784119920,96.35,96.35,96.35,96.35,150
1784119980,96.35,96.35,96.35,96.35,1250
1784120040,96.35,96.35,96.35,96.35,1262
1784120100,96.35,96.35,96.35,96.35,1220
1784120160,96.35,96.35,96.35,96.35,1209
1784120220,96.35,96.35,96.35,96.35,1089
1784120280,96.35,96.35,96.35,96.35,1168
1784120340,96.35,96.35,96.35,96.35,1324
1784120400,96.345,96.345,96.345,96.345,10
1784120460,96.345,96.345,96.345,96.345,300
1784120700,96.345,96.345,96.345,96.345,601
1784120880,96.345,96.35,96.345,96.35,15
1784121000,96.345,96.345,96.345,96.345,54
1784121180,96.35,96.35,96.35,96.35,25
1784121240,96.345,96.345,96.345,96.345,100
1784121300,96.345,96.345,96.345,96.345,15
1784121900,96.345,96.345,96.34,96.34,18287
1784122020,96.34,96.345,96.34,96.345,355
1784122140,96.345,96.345,96.345,96.345,100
1784122200,96.345,96.345,96.345,96.345,1959
1784122260,96.345,96.345,96.345,96.345,1
1784122320,96.345,96.345,96.345,96.345,100
1784122380,96.345,96.345,96.34,96.345,6859
1784122560,96.345,96.345,96.345,96.345,1200
1784122620,96.345,96.345,96.345,96.345,1
1784122860,96.345,96.345,96.345,96.345,11
1784123340,96.34,96.34,96.34,96.34,5
1784123400,96.345,96.345,96.345,96.345,10
1784123520,96.345,96.345,96.345,96.345,2
1784123580,96.345,96.345,96.345,96.345,10
1784123640,96.34,96.34,96.34,96.34,559
1784123700,96.345,96.345,96.345,96.345,1
1784123760,96.345,96.345,96.345,96.345,9
1784123880,96.345,96.345,96.345,96.345,507
1784123940,96.345,96.345,96.345,96.345,463
1784124000,96.345,96.345,96.345,96.345,10
1784124240,96.345,96.345,96.345,96.345,108
1784124300,96.345,96.345,96.345,96.345,68
1784124420,96.345,96.345,96.345,96.345,1
1784124480,96.345,96.345,96.345,96.345,10
1784124540,96.345,96.345,96.345,96.345,1
1784124600,96.345,96.345,96.345,96.345,10
1784124660,96.345,96.345,96.345,96.345,1
1784124720,96.345,96.345,96.345,96.345,10
1784125020,96.345,96.345,96.345,96.345,11
1784125260,96.345,96.345,96.345,96.345,11
1784125320,96.34,96.34,96.34,96.34,5
1784125380,96.345,96.345,96.345,96.345,196
1784125440,96.345,96.345,96.345,96.345,300
1784125500,96.345,96.345,96.345,96.345,152
1784125560,96.345,96.345,96.345,96.345,4530
1784125620,96.345,96.345,96.345,96.345,189
1784125740,96.345,96.345,96.345,96.345,1288
1784125800,96.345,96.345,96.345,96.345,105
1784125920,96.345,96.345,96.345,96.345,1
1784125980,96.345,96.345,96.345,96.345,157
1784126040,96.345,96.345,96.345,96.345,7250
1784126100,96.345,96.345,96.345,96.345,720
1784126160,96.345,96.345,96.345,96.345,234
1784126220,96.345,96.35,96.345,96.345,779
1784126280,96.345,96.345,96.345,96.345,51
1784126340,96.345,96.345,96.345,96.345,480
1784126460,96.345,96.345,96.345,96.345,295
1784126520,96.345,96.345,96.345,96.345,652
1784126580,96.345,96.35,96.345,96.345,51
1784126700,96.35,96.35,96.35,96.35,10
1784126940,96.35,96.35,96.35,96.35,10
1784127060,96.345,96.35,96.345,96.345,60
1784127240,96.35,96.35,96.35,96.35,10
1784127420,96.35,96.35,96.35,96.35,1
1784127480,96.35,96.35,96.35,96.35,10
1784127540,96.35,96.35,96.35,96.35,1
1784127600,96.345,96.345,96.345,96.345,769
1784127720,96.35,96.35,96.35,96.35,13270
1784127780,96.35,96.35,96.35,96.35,36
1784127960,96.35,96.35,96.35,96.35,11
1784128200,96.35,96.35,96.35,96.35,10
1784128320,96.345,96.345,96.345,96.345,150
1784128380,96.345,96.345,96.345,96.345,559
1784128440,96.35,96.35,96.345,96.345,361
1784128500,96.345,96.35,96.345,96.35,101
1784128800,96.345,96.345,96.345,96.345,1
1784129040,96.35,96.35,96.35,96.35,34
1784129100,96.35,96.35,96.35,96.35,96
1784129220,96.35,96.35,96.35,96.35,10
1784129460,96.35,96.35,96.35,96.35,11
1784129520,96.35,96.35,96.345,96.345,132
1784129700,96.345,96.345,96.345,96.345,400
1784129820,96.345,96.345,96.345,96.345,9085
1784130720,96.34,96.34,96.34,96.34,25
1784130840,96.345,96.345,96.345,96.345,750
1784131320,96.345,96.345,96.345,96.345,4
1784131620,96.345,96.345,96.345,96.345,34
1784131680,96.345,96.345,96.345,96.345,3120
1784131860,96.345,96.345,96.345,96.345,12
1784132040,96.345,96.345,96.345,96.345,10
1784132100,96.345,96.345,96.345,96.345,15
1784132160,96.345,96.345,96.345,96.345,103
1784132280,96.345,96.345,96.345,96.345,10
1784132400,96.345,96.345,96.345,96.345,10
1784132520,96.345,96.345,96.345,96.345,43
1784132580,96.345,96.345,96.345,96.345,13
1784132640,96.345,96.345,96.345,96.345,33
1784132700,96.345,96.345,96.345,96.345,6
1784132760,96.345,96.345,96.345,96.345,1391
1784132820,96.345,96.345,96.345,96.345,63
1784133000,96.345,96.345,96.345,96.345,74
1784133060,96.345,96.345,96.345,96.345,36
1784133120,96.345,96.345,96.34,96.34,72
1784133360,96.345,96.345,96.345,96.345,19
1784133480,96.345,96.345,96.345,96.345,10
1784133660,96.345,96.345,96.345,96.345,5
1784133960,96.345,96.35,96.345,96.345,781
1784134020,96.345,96.345,96.345,96.345,1645
1784134080,96.345,96.345,96.345,96.345,170
1784134140,96.345,96.345,96.345,96.345,9
1784134200,96.345,96.345,96.345,96.345,371
1784134260,96.345,96.345,96.345,96.345,114
1784134320,96.345,96.345,96.345,96.345,234
1784134380,96.345,96.345,96.345,96.345,203
1784134440,96.345,96.345,96.345,96.345,30
1784134500,96.345,96.345,96.345,96.345,58
1784134560,96.345,96.345,96.345,96.345,21
1784134620,96.345,96.345,96.345,96.345,155
1784134680,96.345,96.345,96.345,96.345,310
1784134740,96.345,96.345,96.345,96.345,61
1784134800,96.345,96.345,96.345,96.345,571
1784134860,96.345,96.345,96.345,96.345,364
1784134920,96.345,96.345,96.345,96.345,305
1784134980,96.345,96.345,96.345,96.345,547
1784135160,96.345,96.345,96.345,96.345,1202
1784135220,96.345,96.345,96.345,96.345,21
1784135280,96.345,96.345,96.345,96.345,22
1784135340,96.35,96.35,96.35,96.35,10
1784135640,96.345,96.345,96.345,96.345,44
1784135820,96.35,96.35,96.35,96.35,10
1784136300,96.35,96.35,96.35,96.35,10
1784136720,96.345,96.345,96.345,96.345,100
1784136840,96.35,96.35,96.35,96.35,30
1784136960,96.345,96.345,96.345,96.345,122
1784137380,96.35,96.35,96.35,96.35,16
1784137440,96.35,96.35,96.35,96.35,10
1784137680,96.35,96.35,96.35,96.35,541
1784137860,96.35,96.35,96.35,96.35,578
1784138220,96.345,96.345,96.345,96.345,2
1784138400,96.35,96.35,96.35,96.35,10
1784138880,96.35,96.35,96.35,96.35,10
1784138940,96.345,96.345,96.345,96.345,500
1784139540,96.35,96.35,96.35,96.35,10
1784139900,96.345,96.345,96.345,96.345,13
1784140080,96.35,96.35,96.35,96.35,10
1784140680,96.35,96.35,96.35,96.35,10
1784141220,96.35,96.35,96.35,96.35,10
1784141760,96.35,96.35,96.35,96.35,10
1784141940,96.345,96.345,96.345,96.345,6
1784142000,96.35,96.35,96.35,96.35,4
1784142360,96.35,96.35,96.35,96.35,10
1784142900,96.35,96.35,96.35,96.35,10
1784143320,96.345,96.345,96.345,96.345,14
1784143440,96.35,96.35,96.35,96.35,10
1784143560,96.35,96.35,96.35,96.35,2
1784143800,96.345,96.345,96.345,96.345,45
1784143920,96.345,96.345,96.345,96.345,7
1784143980,96.35,96.35,96.35,96.35,10
1784144160,96.345,96.345,96.345,96.345,18
1784144220,96.345,96.345,96.345,96.345,18
1784144280,96.345,96.345,96.345,96.345,6
1784144340,96.345,96.345,96.345,96.345,1053
1784144700,96.345,96.345,96.345,96.345,5
1784144880,96.35,96.35,96.35,96.35,10
1784145180,96.345,96.345,96.345,96.345,46
1784145480,96.35,96.35,96.35,96.35,10
1784145540,96.345,96.345,96.345,96.345,201
1784145600,96.345,96.345,96.345,96.345,42
1784145660,96.35,96.35,96.35,96.35,320
1784145720,96.345,96.345,96.345,96.345,1600
1784145900,96.345,96.345,96.345,96.345,6
1784145960,96.345,96.345,96.345,96.345,25
1784146200,96.345,96.345,96.345,96.345,30
1784146260,96.35,96.35,96.35,96.35,1
1784146320,96.345,96.345,96.345,96.345,150
1784146440,96.35,96.35,96.35,96.35,10
1784146500,96.345,96.345,96.345,96.345,71
1784146560,96.345,96.345,96.345,96.345,6939
1784146620,96.345,96.345,96.345,96.345,61
1784146680,96.345,96.345,96.345,96.345,121
1784146740,96.345,96.345,96.345,96.345,311
1784146800,96.345,96.345,96.345,96.345,118
1784146860,96.345,96.345,96.345,96.345,368
1784146920,96.345,96.345,96.345,96.345,211
1784146980,96.345,96.345,96.345,96.345,1851
1784147040,96.345,96.345,96.34,96.34,1324
1784147100,96.34,96.345,96.34,96.345,174
1784147160,96.34,96.34,96.34,96.34,76
1784147220,96.34,96.34,96.34,96.34,81
1784147280,96.345,96.345,96.345,96.345,377
1784147340,96.345,96.345,96.345,96.345,324
1784148180,96.345,96.345,96.345,96.345,50
1784149080,96.35,96.35,96.35,96.35,1
1784152800,96.35,96.35,96.345,96.35,291
1784153040,96.35,96.35,96.35,96.35,11
1784155260,96.35,96.35,96.35,96.35,500
1784155320,96.35,96.35,96.35,96.35,500
1784155440,96.35,96.35,96.35,96.35,500
1784162340,96.345,96.345,96.345,96.345,274
1784163660,96.345,96.345,96.345,96.345,18
1784165820,96.345,96.345,96.345,96.345,250
1784166180,96.345,96.345,96.345,96.345,250
1784166840,96.345,96.345,96.345,96.345,5
1784166900,96.345,96.345,96.345,96.345,1
1784167020,96.345,96.345,96.345,96.345,200
1784167620,96.345,96.345,96.345,96.345,200
1784167740,96.345,96.345,96.345,96.345,15
1784167800,96.345,96.345,96.345,96.345,606
1784168100,96.345,96.345,96.345,96.345,200
1784168700,96.35,96.35,96.35,96.35,1
1784170860,96.345,96.345,96.345,96.345,125
1784174820,96.345,96.345,96.345,96.345,22
1784175300,96.345,96.345,96.345,96.345,20
1784175420,96.345,96.345,96.345,96.345,6
1784175660,96.35,96.35,96.35,96.35,243
1784180880,96.345,96.345,96.345,96.345,1
1784181180,96.345,96.345,96.345,96.345,100
1784181240,96.345,96.345,96.345,96.345,1
1784181300,96.345,96.345,96.345,96.345,12
1784181420,96.345,96.345,96.345,96.345,11
1784183400,96.345,96.345,96.345,96.345,125
1784183460,96.345,96.345,96.345,96.345,453
1784183580,96.345,96.345,96.345,96.345,171
1784183760,96.345,96.345,96.345,96.345,351
1784184120,96.345,96.345,96.345,96.345,1
1784184180,96.345,96.345,96.345,96.345,2
1784184840,96.345,96.345,96.345,96.345,16
1784184960,96.345,96.345,96.345,96.345,145
1784185740,96.345,96.345,96.345,96.345,11
1784185800,96.345,96.345,96.345,96.345,500
1784185860,96.345,96.345,96.345,96.345,10
1784185920,96.345,96.345,96.345,96.345,85
1784185980,96.345,96.345,96.345,96.345,165
1784186220,96.345,96.345,96.345,96.345,1
1784186640,96.345,96.345,96.345,96.345,120
1784187240,96.35,96.35,96.35,96.35,15
1784187360,96.345,96.345,96.345,96.345,35
1784191020,96.35,96.35,96.35,96.35,2
1784191140,96.345,96.35,96.345,96.35,35
1784191200,96.35,96.35,96.35,96.35,1
1784191260,96.35,96.35,96.35,96.35,2
1784193300,96.35,96.35,96.35,96.35,1
1784197500,96.345,96.345,96.345,96.345,200
1784199180,96.345,96.35,96.345,96.35,1946
1784199660,96.345,96.35,96.345,96.35,155
1784199960,96.345,96.35,96.345,96.35,111
1784200140,96.345,96.345,96.345,96.345,3190
1784200620,96.345,96.345,96.345,96.345,71
1784200680,96.345,96.345,96.345,96.345,265
1784200740,96.345,96.345,96.345,96.345,200
1784200860,96.345,96.345,96.345,96.345,560
1784200920,96.345,96.345,96.345,96.345,291
1784201220,96.345,96.345,96.345,96.345,102
1784201340,96.345,96.345,96.345,96.345,200
1784201820,96.345,96.345,96.345,96.345,7778
1784201880,96.345,96.345,96.345,96.345,186
1784201940,96.345,96.345,96.345,96.345,810
1784202000,96.345,96.345,96.345,96.345,50
1784202060,96.345,96.345,96.345,96.345,300
1784202120,96.345,96.345,96.345,96.345,13
1784202180,96.345,96.345,96.345,96.345,20
1784202240,96.345,96.345,96.345,96.345,305
1784202300,96.345,96.345,96.345,96.345,10
1784202540,96.34,96.34,96.34,96.34,200
1784203020,96.345,96.345,96.345,96.345,1
1784204100,96.34,96.34,96.34,96.34,923
1784204400,96.345,96.345,96.34,96.34,2
1784204460,96.34,96.34,96.34,96.34,665
1784204820,96.34,96.34,96.34,96.34,638
1784204880,96.34,96.34,96.34,96.34,559
1784205060,96.34,96.34,96.34,96.34,100
1784205120,96.345,96.345,96.345,96.345,1
1784205180,96.345,96.345,96.345,96.345,75
1784205240,96.345,96.345,96.345,96.345,25
1784205300,96.34,96.34,96.34,96.34,193
1784205360,96.34,96.34,96.34,96.34,50
1784205420,96.34,96.34,96.34,96.34,7403
1784205480,96.34,96.34,96.335,96.34,3609
1784205540,96.34,96.34,96.34,96.34,1234
1784205780,96.34,96.34,96.34,96.34,1064
1784205840,96.34,96.34,96.34,96.34,1134
1784205900,96.34,96.34,96.34,96.34,1741
1784205960,96.34,96.34,96.34,96.34,233
1784206140,96.34,96.34,96.34,96.34,11
1784206440,96.34,96.34,96.34,96.34,7
1784206500,96.34,96.34,96.34,96.34,250
1784206740,96.34,96.34,96.34,96.34,865
1784206800,96.34,96.34,96.34,96.34,292
1784206860,96.335,96.34,96.335,96.34,457
1784206920,96.34,96.34,96.34,96.34,448
1784207100,96.34,96.34,96.34,96.34,526
1784207340,96.34,96.34,96.34,96.34,143
1784207400,96.34,96.34,96.34,96.34,410
1784207460,96.34,96.34,96.34,96.34,10
1784207520,96.34,96.34,96.34,96.34,59
1784207580,96.34,96.34,96.34,96.34,61
1784207640,96.34,96.34,96.34,96.34,210
1784207760,96.34,96.34,96.34,96.34,9
1784207820,96.34,96.34,96.34,96.34,28
1784207880,96.34,96.34,96.34,96.34,223
1784207940,96.34,96.34,96.34,96.34,250
1784208660,96.34,96.34,96.34,96.34,1071
1784208780,96.34,96.34,96.34,96.34,20
1784210160,96.34,96.34,96.34,96.34,27
1784211540,96.34,96.34,96.34,96.34,63
1784211780,96.34,96.34,96.34,96.34,1500
1784211840,96.34,96.34,96.34,96.34,500
1784212140,96.34,96.34,96.34,96.34,3
1784212740,96.345,96.345,96.34,96.34,465
1784212800,96.34,96.34,96.34,96.34,133
1784212860,96.34,96.34,96.34,96.34,54
1784212920,96.34,96.34,96.34,96.34,128
1784212980,96.34,96.34,96.34,96.34,1
1784213040,96.34,96.34,96.34,96.34,50
1784213100,96.34,96.34,96.34,96.34,39
1784213220,96.34,96.34,96.34,96.34,10
1784213520,96.345,96.345,96.345,96.345,2
1784213700,96.345,96.345,96.345,96.345,10
1784214180,96.34,96.34,96.34,96.34,102
1784214420,96.34,96.34,96.34,96.34,72
1784214960,96.345,96.345,96.345,96.345,210
1784215440,96.345,96.345,96.345,96.345,10
1784215980,96.345,96.345,96.34,96.34,33
1784216100,96.34,96.34,96.34,96.34,1
1784216220,96.34,96.34,96.34,96.34,8
1784216520,96.345,96.345,96.345,96.345,10
1784216580,96.345,96.345,96.345,96.345,100
1784216640,96.345,96.345,96.345,96.345,46
1784216880,96.345,96.345,96.345,96.345,4
1784217000,96.345,96.345,96.345,96.345,10
1784217240,96.345,96.345,96.345,96.345,24
1784217360,96.345,96.345,96.345,96.345,6
1784217480,96.345,96.345,96.345,96.345,100
1784217540,96.345,96.345,96.345,96.345,10
1784217600,96.345,96.345,96.345,96.345,3
1784217840,96.345,96.345,96.345,96.345,55
1784217900,96.345,96.345,96.345,96.345,42
1784218020,96.345,96.345,96.345,96.345,10
1784218320,96.345,96.345,96.345,96.345,196
1784218380,96.34,96.34,96.34,96.34,28
1784218800,96.34,96.34,96.34,96.34,1
1784218860,96.34,96.34,96.34,96.34,2
1784218920,96.345,96.345,96.345,96.345,10
1784219100,96.34,96.34,96.34,96.34,1
1784219160,96.34,96.34,96.34,96.34,1
1784219280,96.34,96.34,96.34,96.34,1
1784219340,96.34,96.34,96.34,96.34,1
1784219400,96.345,96.345,96.345,96.345,10
1784219460,96.345,96.345,96.345,96.345,1
1784219520,96.34,96.34,96.34,96.34,2
1784219940,96.345,96.345,96.345,96.345,10
1784220360,96.345,96.345,96.345,96.345,47
1784220420,96.345,96.345,96.345,96.345,10
1784220660,96.345,96.345,96.345,96.345,1
1784220720,96.345,96.345,96.345,96.345,306
1784220780,96.345,96.345,96.345,96.345,300
1784220960,96.34,96.345,96.34,96.345,11
1784221320,96.345,96.345,96.345,96.345,500
1784221440,96.345,96.345,96.345,96.345,10
1784221560,96.345,96.345,96.345,96.345,1
1784221980,96.345,96.345,96.345,96.345,10
1784222100,96.34,96.34,96.34,96.34,6345
1784222580,96.345,96.345,96.345,96.345,10
1784222640,96.345,96.345,96.345,96.345,10
1784222700,96.34,96.34,96.34,96.34,200
1784222760,96.345,96.345,96.345,96.345,10
1784222940,96.345,96.345,96.345,96.345,10
1784223060,96.345,96.345,96.345,96.345,10
1784223120,96.345,96.345,96.345,96.345,5912
1784223180,96.345,96.345,96.345,96.345,160
1784223300,96.345,96.345,96.345,96.345,11
1784223360,96.345,96.345,96.345,96.345,3
1784223420,96.345,96.345,96.345,96.345,10
1784223480,96.345,96.345,96.345,96.345,10
1784223540,96.345,96.345,96.345,96.345,5360
1784223600,96.345,96.345,96.345,96.345,267
1784223660,96.35,96.35,96.35,96.35,10
1784223720,96.35,96.35,96.345,96.345,260
1784223840,96.345,96.345,96.345,96.345,112
1784223900,96.35,96.35,96.35,96.35,10
1784224020,96.35,96.35,96.35,96.35,10
1784224080,96.345,96.345,96.345,96.345,9
1784224140,96.345,96.35,96.345,96.35,250
1784224260,96.35,96.35,96.35,96.35,10
1784224320,96.35,96.35,96.35,96.35,10
1784224500,96.35,96.35,96.35,96.35,10
1784224620,96.35,96.35,96.35,96.35,10
1784224740,96.35,96.35,96.35,96.35,10
1784224860,96.35,96.35,96.35,96.35,10
1784224920,96.35,96.35,96.35,96.35,10
1784225100,96.35,96.35,96.35,96.35,10
1784225220,96.35,96.35,96.35,96.35,10
1784225340,96.35,96.35,96.35,96.35,10
1784225400,96.345,96.345,96.345,96.345,500
1784225580,96.345,96.35,96.345,96.35,256
1784225760,96.345,96.345,96.345,96.345,250
1784225940,96.345,96.345,96.345,96.345,900
1784226000,96.345,96.345,96.345,96.345,26
1784226060,96.345,96.35,96.345,96.35,51
1784226240,96.345,96.345,96.345,96.345,184
1784226360,96.345,96.345,96.345,96.345,338
1784226420,96.345,96.345,96.345,96.345,3
1784226480,96.345,96.345,96.345,96.345,328
1784226540,96.345,96.345,96.345,96.345,503
1784226600,96.345,96.35,96.345,96.345,60
1784226660,96.345,96.35,96.345,96.345,818
1784226720,96.35,96.35,96.35,96.35,10
1784226780,96.345,96.345,96.345,96.345,100
1784226900,96.35,96.35,96.35,96.35,10
1784227020,96.35,96.35,96.345,96.345,13
1784227140,96.35,96.35,96.35,96.35,10
1784227200,96.345,96.345,96.345,96.345,122
1784227260,96.35,96.35,96.35,96.35,10
1784227380,96.35,96.35,96.35,96.35,10
1784227560,96.35,96.35,96.35,96.35,10
1784227680,96.35,96.35,96.35,96.35,10
1784227740,96.345,96.35,96.345,96.35,1053
1784227920,96.35,96.35,96.35,96.35,10
1784227980,96.345,96.345,96.345,96.345,1
1784228040,96.35,96.35,96.35,96.35,10
1784228160,96.35,96.35,96.35,96.35,10
1784228220,96.345,96.345,96.345,96.345,103
1784228280,96.35,96.35,96.35,96.35,10
1784228340,96.35,96.35,96.35,96.35,2
1784228460,96.35,96.35,96.35,96.35,10
1784228520,96.345,96.345,96.345,96.345,16
1784228580,96.345,96.345,96.345,96.345,1
1784228640,96.35,96.35,96.35,96.35,10
1784228820,96.345,96.345,96.345,96.345,1
1784228880,96.35,96.35,96.35,96.35,10
1784229000,96.345,96.345,96.345,96.345,36
1784229060,96.345,96.345,96.345,96.345,7
1784229180,96.35,96.35,96.35,96.35,10
1784229480,96.35,96.35,96.35,96.35,10
1784229840,96.345,96.345,96.345,96.345,3
1784230020,96.35,96.35,96.345,96.345,61
1784230380,96.345,96.35,96.345,96.345,517
1784230440,96.345,96.345,96.345,96.345,15
1784230500,96.345,96.345,96.345,96.345,1
1784230740,96.35,96.35,96.35,96.35,10
1784231100,96.345,96.345,96.345,96.345,28
1784231220,96.35,96.35,96.35,96.35,10
1784231280,96.345,96.345,96.345,96.345,4
1784231460,96.345,96.345,96.345,96.345,2
1784231760,96.35,96.35,96.35,96.35,10
1784232240,96.345,96.35,96.345,96.35,250
1784232300,96.35,96.35,96.35,96.35,7
1784232600,96.345,96.35,96.345,96.35,1035
1784232660,96.345,96.345,96.345,96.345,150
1784232720,96.345,96.35,96.345,96.35,20
1784232840,96.35,96.35,96.35,96.35,93
1784232900,96.345,96.35,96.345,96.35,25
1784233080,96.35,96.35,96.35,96.35,10
1784233320,96.35,96.35,96.35,96.35,10
1784233560,96.35,96.35,96.35,96.35,10
1784233920,96.35,96.35,96.35,96.35,10
1784234100,96.345,96.345,96.345,96.345,1
1784234340,96.345,96.345,96.345,96.345,1
1784234460,96.35,96.35,96.35,96.35,10
1784234520,96.35,96.35,96.345,96.345,4
1784234760,96.345,96.345,96.345,96.345,4
1784235240,96.35,96.35,96.35,96.35,10
1784235360,96.345,96.345,96.345,96.345,9
1784235540,96.345,96.345,96.345,96.345,5
1784242800,96.35,96.35,96.35,96.35,750
1784242980,96.345,96.345,96.345,96.345,350
1784243460,96.345,96.345,96.345,96.345,24
1784244360,96.345,96.345,96.345,96.345,214
1784256240,96.35,96.35,96.35,96.35,5
1784256720,96.35,96.35,96.35,96.35,37
1784256780,96.35,96.35,96.35,96.35,11
1784261940,96.35,96.35,96.35,96.35,24
1784262060,96.35,96.35,96.35,96.35,189
1784262660,96.35,96.35,96.35,96.35,3
1784263200,96.35,96.35,96.35,96.35,2
1784266260,96.35,96.35,96.345,96.345,3
1784266320,96.35,96.35,96.35,96.35,3
1784266500,96.35,96.35,96.35,96.35,1
1784266680,96.35,96.35,96.35,96.35,6
1784266860,96.35,96.35,96.35,96.35,371
1784270100,96.35,96.35,96.35,96.35,513
1784271180,96.35,96.35,96.35,96.35,3
1784271300,96.35,96.35,96.35,96.35,2
1784271780,96.35,96.35,96.35,96.35,1
1784272800,96.345,96.345,96.345,96.345,200
1784276640,96.35,96.35,96.35,96.35,4
1784277060,96.35,96.35,96.35,96.35,12
1784277180,96.35,96.35,96.35,96.35,1
1784277300,96.35,96.35,96.35,96.35,174
1784277420,96.35,96.35,96.35,96.35,99
1784277660,96.35,96.35,96.35,96.35,19
1784277720,96.35,96.35,96.35,96.35,100
1784277780,96.35,96.35,96.35,96.35,200
1784277900,96.35,96.35,96.35,96.35,25
1784278500,96.35,96.35,96.35,96.35,27
1784278620,96.35,96.35,96.35,96.35,5
1784278980,96.35,96.35,96.35,96.35,18
1784280000,96.35,96.35,96.35,96.35,30
1784280060,96.345,96.345,96.345,96.345,200
1784282340,96.35,96.35,96.35,96.35,24
1784283000,96.35,96.35,96.35,96.35,100
1784285940,96.35,96.35,96.35,96.35,3
1784286000,96.35,96.35,96.35,96.35,5
1784286120,96.35,96.35,96.35,96.35,6
1784286240,96.35,96.35,96.35,96.35,1236
1784286960,96.35,96.35,96.35,96.35,544
1784287140,96.35,96.35,96.35,96.35,11
1784287560,96.35,96.35,96.35,96.35,300
1784289960,96.35,96.35,96.35,96.35,612
1784290320,96.345,96.345,96.345,96.345,50
1784290380,96.345,96.345,96.345,96.345,229
1784290440,96.35,96.35,96.35,96.35,312
1784290800,96.35,96.35,96.345,96.345,2
1784290920,96.35,96.35,96.35,96.35,80
1784290980,96.345,96.35,96.345,96.345,115
1784291040,96.35,96.35,96.35,96.35,80
1784291100,96.35,96.35,96.35,96.35,40
1784291160,96.35,96.35,96.35,96.35,100
1784291460,96.345,96.345,96.345,96.345,6
1784291820,96.345,96.345,96.345,96.345,200
1784292480,96.345,96.35,96.345,96.35,741
1784292540,96.345,96.345,96.345,96.345,24
1784292720,96.345,96.345,96.345,96.345,121
1784293200,96.345,96.345,96.345,96.345,23
1784293320,96.345,96.345,96.345,96.345,1001
1784293380,96.345,96.345,96.345,96.345,850
1784293500,96.345,96.345,96.345,96.345,1418
1784293620,96.345,96.345,96.345,96.345,301
1784293680,96.345,96.345,96.345,96.345,58
1784293920,96.345,96.345,96.345,96.345,180
1784294040,96.345,96.345,96.345,96.345,10
1784294100,96.345,96.345,96.345,96.345,500
1784294280,96.35,96.35,96.35,96.35,2
1784294940,96.345,96.345,96.345,96.345,10
1784295240,96.345,96.345,96.345,96.345,2
1784295540,96.35,96.35,96.35,96.35,151
1784295720,96.35,96.35,96.35,96.35,30
1784295780,96.35,96.35,96.35,96.35,22
1784295960,96.35,96.35,96.35,96.35,10
1784296440,96.35,96.35,96.35,96.35,10
1784296620,96.345,96.345,96.345,96.345,9
1784296980,96.35,96.35,96.345,96.345,50
1784297160,96.345,96.345,96.345,96.345,787
1784297220,96.345,96.345,96.345,96.345,250
1784297340,96.345,96.345,96.345,96.345,100
1784297700,96.35,96.35,96.35,96.35,1
1784298120,96.345,96.345,96.345,96.345,2358
1784298240,96.345,96.345,96.345,96.345,301
1784298300,96.345,96.345,96.345,96.345,60
1784298420,96.345,96.345,96.345,96.345,291
1784298540,96.345,96.345,96.345,96.345,20
1784298600,96.345,96.345,96.345,96.345,200
1784298780,96.345,96.345,96.345,96.345,1634
1784298900,96.345,96.345,96.345,96.345,200
1784299680,96.345,96.345,96.345,96.345,10
1784299740,96.345,96.345,96.345,96.345,640
1784299980,96.345,96.345,96.345,96.345,1
1784300100,96.345,96.345,96.345,96.345,10
1784300400,96.345,96.345,96.345,96.345,3
1784300580,96.35,96.35,96.35,96.35,10
1784300760,96.345,96.345,96.345,96.345,113
1784301120,96.345,96.345,96.345,96.345,109
1784301300,96.35,96.35,96.35,96.35,35
1784301360,96.345,96.345,96.345,96.345,59
1784301480,96.345,96.345,96.345,96.345,19
1784301540,96.345,96.345,96.345,96.345,53
1784301660,96.345,96.35,96.345,96.35,50
1784301720,96.345,96.345,96.345,96.345,18
1784301780,96.345,96.345,96.345,96.345,117
1784301840,96.345,96.345,96.345,96.345,17
1784301900,96.345,96.345,96.345,96.345,2
1784301960,96.345,96.345,96.345,96.345,18
1784302020,96.345,96.345,96.345,96.345,18
1784302080,96.345,96.345,96.345,96.345,20
1784302140,96.345,96.345,96.345,96.345,117
1784302200,96.345,96.345,96.345,96.345,50
1784302260,96.345,96.345,96.345,96.345,16
1784302320,96.345,96.345,96.345,96.345,619
1784302380,96.345,96.345,96.345,96.345,18
1784302440,96.345,96.345,96.345,96.345,19
1784302500,96.345,96.345,96.345,96.345,19
1784302620,96.345,96.345,96.345,96.345,16
1784302680,96.345,96.345,96.345,96.345,3531
1784302740,96.345,96.345,96.345,96.345,5255
1784302860,96.345,96.345,96.345,96.345,193
1784302920,96.345,96.345,96.345,96.345,17
1784302980,96.345,96.345,96.345,96.345,18
1784303100,96.345,96.345,96.345,96.345,630
1784303160,96.345,96.345,96.345,96.345,1657
1784303220,96.345,96.345,96.345,96.345,392
1784303280,96.345,96.345,96.345,96.345,30
1784303340,96.345,96.345,96.345,96.345,58
1784303460,96.345,96.345,96.345,96.345,59
1784303520,96.345,96.345,96.345,96.345,312
1784303580,96.345,96.345,96.345,96.345,89
1784303640,96.345,96.345,96.345,96.345,18
1784303700,96.345,96.345,96.345,96.345,967
1784303760,96.34,96.34,96.34,96.34,15
1784303820,96.345,96.345,96.345,96.345,25
1784303880,96.34,96.34,96.34,96.34,14
1784304000,96.34,96.34,96.34,96.34,15
1784304060,96.34,96.34,96.34,96.34,16
1784304120,96.345,96.345,96.345,96.345,1
1784304180,96.34,96.34,96.34,96.34,6102
1784304240,96.34,96.34,96.34,96.34,200
1784304300,96.34,96.34,96.34,96.34,141
1784304360,96.34,96.34,96.34,96.34,16
1784304480,96.34,96.34,96.34,96.34,14
1784304600,96.34,96.34,96.34,96.34,15
1784304660,96.34,96.34,96.34,96.34,45
1784304720,96.34,96.34,96.34,96.34,16
1784304840,96.34,96.34,96.34,96.34,14
1784304900,96.34,96.34,96.34,96.34,15
1784305020,96.34,96.34,96.34,96.34,16
1784305140,96.345,96.345,96.34,96.34,18
1784305260,96.34,96.34,96.34,96.34,14
1784305320,96.34,96.34,96.34,96.34,15
1784305440,96.34,96.34,96.34,96.34,14
1784305560,96.34,96.34,96.34,96.34,16
1784305680,96.34,96.34,96.34,96.34,16
1784305800,96.34,96.34,96.34,96.34,15
1784305920,96.34,96.345,96.34,96.345,561
1784305980,96.34,96.345,96.34,96.34,3256
1784306100,96.34,96.34,96.34,96.34,165
1784306160,96.34,96.34,96.34,96.34,510
1784306220,96.34,96.34,96.34,96.34,30
1784306280,96.34,96.34,96.34,96.34,175
1784306340,96.34,96.34,96.335,96.34,2265
1784306400,96.34,96.34,96.34,96.34,155
1784306460,96.34,96.34,96.34,96.34,150
1784306520,96.34,96.34,96.34,96.34,42
1784306580,96.34,96.34,96.34,96.34,26
1784306760,96.34,96.34,96.34,96.34,172
1784306820,96.34,96.34,96.34,96.34,106
1784306880,96.34,96.34,96.34,96.34,112
1784306940,96.34,96.34,96.34,96.34,63
1784307180,96.34,96.34,96.34,96.34,191
1784307360,96.34,96.34,96.34,96.34,125
1784307480,96.34,96.34,96.34,96.34,15
1784307600,96.335,96.34,96.335,96.34,141
1784307660,96.34,96.34,96.34,96.34,1
1784307840,96.34,96.34,96.34,96.34,297
1784308020,96.34,96.34,96.34,96.34,125
1784308080,96.335,96.335,96.335,96.335,12
1784308140,96.34,96.34,96.34,96.34,100
1784308200,96.34,96.34,96.34,96.34,1288
1784308260,96.34,96.34,96.34,96.34,190
1784308560,96.34,96.34,96.34,96.34,24
1784308620,96.335,96.335,96.335,96.335,12
1784308740,96.34,96.34,96.34,96.34,2
1784308800,96.335,96.335,96.335,96.335,14
1784308980,96.34,96.34,96.335,96.335,14
1784309160,96.335,96.335,96.335,96.335,13
1784309280,96.34,96.34,96.34,96.34,4
1784309340,96.335,96.335,96.335,96.335,15
1784309520,96.34,96.34,96.335,96.335,15
1784309700,96.335,96.335,96.335,96.335,14
1784309760,96.34,96.34,96.34,96.34,133
1784309940,96.335,96.34,96.335,96.34,64
1784310120,96.335,96.335,96.335,96.335,14
1784310300,96.335,96.335,96.335,96.335,13
1784310360,96.335,96.335,96.335,96.335,59
1784310480,96.335,96.335,96.335,96.335,14
1784310600,96.335,96.335,96.335,96.335,14
1784310780,96.335,96.335,96.335,96.335,14
1784310840,96.335,96.335,96.335,96.335,1002
1784310960,96.335,96.34,96.335,96.34,314
1784311140,96.335,96.335,96.335,96.335,13
1784311260,96.335,96.335,96.335,96.335,14
1784311440,96.335,96.335,96.335,96.335,14
1784311500,96.34,96.34,96.335,96.34,747
1784311560,96.34,96.34,96.34,96.34,2544
1784311620,96.34,96.34,96.34,96.34,89
1784311680,96.34,96.34,96.34,96.34,100
1784311740,96.34,96.34,96.34,96.34,2
1784311860,96.34,96.34,96.34,96.34,550
1784311920,96.34,96.34,96.34,96.34,86
1784311980,96.34,96.34,96.34,96.34,795
1784312040,96.34,96.34,96.34,96.34,12
1784312100,96.34,96.34,96.34,96.34,3
1784312160,96.34,96.34,96.34,96.34,116
1784312340,96.34,96.34,96.34,96.34,13
1784312520,96.34,96.34,96.34,96.34,113
1784312640,96.34,96.34,96.34,96.34,915
1784312760,96.335,96.335,96.335,96.335,14
1784312940,96.335,96.335,96.335,96.335,14
1784313180,96.335,96.335,96.335,96.335,14
1784313360,96.335,96.335,96.335,96.335,12
1784313420,96.34,96.34,96.34,96.34,50
1784313540,96.335,96.335,96.335,96.335,12
1784313600,96.34,96.34,96.335,96.34,605
1784313780,96.335,96.335,96.335,96.335,12
1784313840,96.34,96.34,96.34,96.34,91
1784314020,96.335,96.335,96.335,96.335,14
1784314140,96.335,96.335,96.335,96.335,14
1784314260,96.335,96.335,96.335,96.335,12
1784314380,96.335,96.34,96.335,96.34,54
1784314500,96.34,96.34,96.34,96.34,500
1784314620,96.335,96.335,96.335,96.335,14
1784314680,96.335,96.335,96.335,96.335,14
1784314740,96.335,96.335,96.335,96.335,21
1784314860,96.335,96.335,96.335,96.335,14
1784314920,96.335,96.335,96.335,96.335,12
1784315040,96.335,96.34,96.335,96.34,37
1784315160,96.335,96.335,96.335,96.335,13
1784315280,96.335,96.335,96.335,96.335,12
1784315460,96.335,96.335,96.335,96.335,12
1784315640,96.335,96.335,96.335,96.335,13
1784315820,96.335,96.335,96.335,96.335,20
1784316060,96.335,96.335,96.335,96.335,12
1784316240,96.335,96.335,96.335,96.335,12
1784316300,96.335,96.335,96.335,96.335,34
1784316360,96.335,96.335,96.335,96.335,24
1784316420,96.335,96.335,96.335,96.335,14
1784316600,96.335,96.335,96.335,96.335,14
1784316780,96.335,96.335,96.335,96.335,13
1784316900,96.335,96.335,96.335,96.335,8
1784316960,96.335,96.335,96.335,96.335,13
1784317020,96.34,96.34,96.34,96.34,50
1784317080,96.335,96.335,96.335,96.335,13
1784317200,96.335,96.335,96.335,96.335,23
1784317260,96.335,96.335,96.335,96.335,13
1784317380,96.335,96.335,96.335,96.335,12
1784317440,96.335,96.335,96.335,96.335,5
1784317500,96.335,96.335,96.335,96.335,16
1784317680,96.335,96.335,96.335,96.335,16
1784317800,96.335,96.335,96.335,96.335,16
1784317920,96.34,96.34,96.34,96.34,2
1784318160,96.34,96.34,96.34,96.34,50
1784318220,96.335,96.335,96.335,96.335,218
1784318340,96.335,96.335,96.335,96.335,30
1784318640,96.34,96.34,96.335,96.335,422
1784319180,96.335,96.335,96.335,96.335,30
1784319300,96.335,96.335,96.335,96.335,58
1784319360,96.335,96.335,96.335,96.335,3
1784319720,96.335,96.335,96.335,96.335,2
1784319780,96.34,96.34,96.34,96.34,23
1784320440,96.335,96.335,96.335,96.335,2
1784320800,96.335,96.335,96.335,96.335,1
1784320920,96.335,96.335,96.335,96.335,1
1784321280,96.335,96.335,96.335,96.335,20
1784321400,96.335,96.335,96.335,96.335,80
1784321520,96.335,96.335,96.335,96.335,80
1784321640,96.335,96.335,96.335,96.335,80
1784321700,96.335,96.335,96.335,96.335,1913
1784321880,96.34,96.34,96.34,96.34,1
1784321940,96.335,96.335,96.335,96.335,51
1784498400,96.335,96.335,96.335,96.335,1271
1784498460,96.335,96.335,96.335,96.335,23
1784498520,96.335,96.335,96.335,96.335,39
1784498820,96.33,96.33,96.33,96.33,106
1784499060,96.335,96.335,96.335,96.335,1
1784504040,96.335,96.335,96.335,96.335,25
1784505960,96.335,96.335,96.335,96.335,1
1784506320,96.335,96.335,96.335,96.335,20
1784506920,96.335,96.335,96.335,96.335,2
1784507040,96.335,96.335,96.335,96.335,7
1784507280,96.33,96.33,96.33,96.33,265
1784507640,96.335,96.335,96.335,96.335,2
1784508420,96.335,96.335,96.335,96.335,95
1784510100,96.335,96.335,96.335,96.335,2282
1784510220,96.335,96.335,96.335,96.335,5
1784510280,96.335,96.335,96.335,96.335,3
1784511000,96.335,96.335,96.335,96.335,440
1784511120,96.335,96.335,96.335,96.335,4
1784516280,96.335,96.335,96.335,96.335,300
1784517360,96.34,96.34,96.34,96.34,401
1784519940,96.34,96.34,96.34,96.34,2
1784521740,96.34,96.34,96.34,96.34,12
1784526600,96.335,96.335,96.335,96.335,263
1784527380,96.335,96.335,96.335,96.335,2426
1784527500,96.335,96.335,96.335,96.335,252
1784527560,96.335,96.335,96.335,96.335,1
1784528400,96.335,96.335,96.335,96.335,3
1784529120,96.335,96.335,96.335,96.335,100
1784529360,96.335,96.335,96.335,96.335,100
1784529420,96.335,96.335,96.335,96.335,373
1784529840,96.335,96.335,96.335,96.335,8
1784531700,96.335,96.335,96.335,96.335,1
1784531940,96.335,96.335,96.335,96.335,6
1784533020,96.335,96.335,96.335,96.335,12
1784533080,96.34,96.34,96.34,96.34,48
1784533200,96.34,96.34,96.34,96.34,152
1784533260,96.34,96.34,96.34,96.34,222
1784533320,96.34,96.345,96.34,96.345,1661
1784533620,96.34,96.34,96.34,96.34,895
1784533740,96.34,96.34,96.34,96.34,176
1784533920,96.34,96.34,96.34,96.34,63
1784534160,96.34,96.34,96.34,96.34,784
1784534400,96.34,96.34,96.34,96.34,351
1784535000,96.34,96.34,96.34,96.34,150
1784535120,96.345,96.345,96.345,96.345,72
1784535960,96.34,96.34,96.34,96.34,1219
1784536500,96.34,96.34,96.34,96.34,150
1784536560,96.34,96.34,96.34,96.34,100
1784536620,96.34,96.34,96.34,96.34,734
1784536680,96.34,96.34,96.34,96.34,210
1784536740,96.34,96.34,96.34,96.34,450
1784536800,96.34,96.34,96.34,96.34,248
1784536860,96.34,96.34,96.34,96.34,151
1784537220,96.34,96.34,96.34,96.34,624
1784537460,96.34,96.34,96.34,96.34,50
1784537700,96.34,96.34,96.34,96.34,38
1784537760,96.34,96.34,96.34,96.34,272
1784538120,96.34,96.34,96.34,96.34,21
1784538180,96.34,96.34,96.34,96.34,15
1784538420,96.34,96.34,96.34,96.34,251
1784538480,96.34,96.34,96.34,96.34,153
1784538960,96.34,96.34,96.34,96.34,56
1784539260,96.34,96.34,96.34,96.34,9
1784539320,96.34,96.34,96.34,96.34,2
1784539440,96.34,96.34,96.34,96.34,200
1784539920,96.34,96.34,96.34,96.34,100
1784540040,96.34,96.34,96.34,96.34,1
1784540340,96.34,96.34,96.34,96.34,39
1784540460,96.34,96.34,96.34,96.34,250
1784540520,96.34,96.34,96.34,96.34,600
1784541780,96.335,96.335,96.335,96.335,10
1784542980,96.335,96.335,96.335,96.335,21
1784543040,96.335,96.335,96.335,96.335,5
1784543280,96.335,96.335,96.335,96.335,41
1784543340,96.335,96.335,96.335,96.335,102
1784543400,96.335,96.335,96.335,96.335,76
1784543460,96.335,96.335,96.335,96.335,103
1784543520,96.335,96.34,96.335,96.335,88
1784543580,96.335,96.335,96.335,96.335,78
1784543640,96.335,96.335,96.335,96.335,61
1784543700,96.335,96.335,96.335,96.335,72
1784543760,96.335,96.335,96.335,96.335,67
1784543820,96.335,96.335,96.335,96.335,63
1784543880,96.335,96.335,96.335,96.335,63
1784543940,96.335,96.335,96.335,96.335,59
1784544000,96.335,96.335,96.335,96.335,42
1784544060,96.335,96.335,96.335,96.335,26
1784544120,96.335,96.335,96.335,96.335,23
1784544180,96.335,96.335,96.335,96.335,10
1784544240,96.335,96.335,96.335,96.335,13
1784544300,96.335,96.335,96.335,96.335,43
1784544360,96.335,96.335,96.335,96.335,38
1784544420,96.335,96.335,96.335,96.335,38
1784544480,96.335,96.335,96.335,96.335,30
1784544540,96.335,96.335,96.335,96.335,30
1784544600,96.335,96.335,96.335,96.335,31
1784544660,96.335,96.335,96.335,96.335,22
1784544720,96.335,96.335,96.335,96.335,28
1784544780,96.335,96.335,96.335,96.335,29
1784544840,96.335,96.335,96.335,96.335,29
1784544900,96.335,96.335,96.335,96.335,29
1784544960,96.335,96.335,96.335,96.335,24
1784545020,96.335,96.335,96.335,96.335,32
1784545080,96.335,96.335,96.335,96.335,23
1784545140,96.335,96.335,96.335,96.335,23
1784545200,96.335,96.335,96.335,96.335,25
1784545260,96.335,96.335,96.335,96.335,25
1784545320,96.335,96.335,96.335,96.335,23
1784545380,96.335,96.335,96.335,96.335,7
1784545440,96.335,96.335,96.335,96.335,20
1784545500,96.335,96.335,96.335,96.335,8
1784545560,96.335,96.335,96.335,96.335,2
1784545620,96.335,96.335,96.335,96.335,18
1784545680,96.335,96.335,96.335,96.335,13
1784545800,96.335,96.335,96.335,96.335,1
1784545860,96.335,96.335,96.335,96.335,5
1784546100,96.335,96.335,96.335,96.335,5
1784546160,96.335,96.335,96.335,96.335,6
1784546220,96.335,96.335,96.335,96.335,13
1784546280,96.335,96.335,96.335,96.335,12
1784546340,96.335,96.335,96.335,96.335,9
1784546400,96.335,96.335,96.335,96.335,3
1784546460,96.335,96.335,96.335,96.335,8
1784546520,96.335,96.335,96.335,96.335,8
1784546640,96.335,96.335,96.335,96.335,150
1784546700,96.335,96.335,96.335,96.335,150
1784547000,96.34,96.34,96.34,96.34,340
1784547060,96.34,96.34,96.34,96.34,3893
1784547120,96.34,96.34,96.34,96.34,1663
1784547420,96.34,96.34,96.34,96.34,1000
1784547960,96.34,96.34,96.34,96.34,29
1784548020,96.34,96.34,96.34,96.34,600
1784548140,96.34,96.34,96.34,96.34,5650
1784548380,96.34,96.34,96.34,96.34,33
1784548440,96.34,96.34,96.34,96.34,100
1784548620,96.34,96.34,96.34,96.34,500
1784548680,96.34,96.34,96.34,96.34,1
1784548800,96.34,96.34,96.34,96.34,600
1784548920,96.34,96.34,96.34,96.34,2
1784549220,96.34,96.34,96.34,96.34,100
1784550000,96.34,96.34,96.34,96.34,1
1784550300,96.335,96.335,96.335,96.335,1
1784550360,96.335,96.335,96.335,96.335,150
1784550780,96.335,96.335,96.335,96.335,7
1784551500,96.335,96.335,96.335,96.335,1
1784551620,96.335,96.335,96.335,96.335,5
1784552940,96.335,96.335,96.335,96.335,133
1784553000,96.335,96.335,96.335,96.335,18376
1784553060,96.335,96.335,96.335,96.335,346
1784553120,96.335,96.335,96.335,96.335,500
1784553180,96.335,96.335,96.335,96.335,2415
1784553240,96.335,96.335,96.335,96.335,1017
1784553300,96.335,96.335,96.335,96.335,95
1784553420,96.335,96.335,96.335,96.335,100
1784553660,96.34,96.34,96.34,96.34,37
1784553900,96.335,96.335,96.335,96.335,10
1784554560,96.335,96.335,96.335,96.335,179
1784554620,96.335,96.335,96.335,96.335,600
1784555100,96.335,96.335,96.335,96.335,1
1784556000,96.335,96.335,96.335,96.335,1
1784556540,96.335,96.335,96.335,96.335,80
1784556900,96.335,96.335,96.335,96.335,1
1784558700,96.335,96.335,96.335,96.335,1
1784558760,96.335,96.335,96.335,96.335,600
1784559300,96.335,96.335,96.335,96.335,700
1784559360,96.335,96.335,96.335,96.335,100
1784559540,96.335,96.335,96.335,96.335,600
1784559600,96.335,96.335,96.335,96.335,38
1784560140,96.335,96.335,96.335,96.335,1200
1784560500,96.335,96.335,96.335,96.335,27
1784560560,96.335,96.335,96.335,96.335,104
1784560860,96.335,96.335,96.335,96.335,79
1784561340,96.335,96.335,96.335,96.335,545
1784561400,96.335,96.335,96.335,96.335,1
1784561460,96.335,96.335,96.335,96.335,300
1784561520,96.335,96.335,96.335,96.335,720
1784561580,96.335,96.335,96.335,96.335,5772
1784561640,96.335,96.335,96.335,96.335,1325
1784561700,96.335,96.335,96.335,96.335,124
1784561880,96.335,96.335,96.335,96.335,510
1784561940,96.33,96.33,96.33,96.33,87
1784562180,96.335,96.335,96.33,96.33,256
1784562300,96.33,96.33,96.33,96.33,31
1784562540,96.335,96.335,96.335,96.335,3
1784562660,96.33,96.33,96.33,96.33,160
1784562900,96.335,96.335,96.335,96.335,248
1784563080,96.335,96.335,96.335,96.335,150
1784563140,96.33,96.33,96.33,96.33,10
1784563560,96.335,96.335,96.335,96.335,35
1784563620,96.335,96.335,96.335,96.335,15
1784563680,96.335,96.335,96.335,96.335,1037
1784563800,96.335,96.335,96.335,96.335,101
1784563860,96.335,96.335,96.335,96.335,160
1784563920,96.335,96.335,96.335,96.335,1000
1784564280,96.33,96.33,96.33,96.33,1
1784564340,96.33,96.33,96.33,96.33,1
1784564400,96.33,96.33,96.33,96.33,1
1784564460,96.33,96.33,96.33,96.33,3
1784564520,96.335,96.335,96.33,96.33,101
1784564700,96.33,96.33,96.33,96.33,1
1784564820,96.33,96.33,96.33,96.33,1
1784564880,96.33,96.33,96.33,96.33,1
1784565660,96.33,96.33,96.33,96.33,557
1784565780,96.33,96.33,96.33,96.33,119
1784565900,96.33,96.33,96.33,96.33,24
1784566140,96.33,96.33,96.33,96.33,2
1784567460,96.33,96.33,96.33,96.33,1
1784568000,96.335,96.335,96.335,96.335,51
1784569320,96.335,96.335,96.335,96.335,2
1784569380,96.335,96.335,96.335,96.335,50
1784569980,96.335,96.335,96.335,96.335,1
1784571420,96.335,96.335,96.335,96.335,54
1784573940,96.335,96.335,96.335,96.335,5
1784575500,96.335,96.335,96.335,96.335,20
1784575740,96.335,96.335,96.335,96.335,60
1784575860,96.335,96.335,96.335,96.335,20
1784576340,96.33,96.33,96.33,96.33,25
1784576700,96.335,96.335,96.335,96.335,35
1784577540,96.335,96.335,96.335,96.335,15
1784578980,96.335,96.335,96.335,96.335,10
1784579100,96.335,96.335,96.335,96.335,3
1784579940,96.335,96.335,96.335,96.335,20
1784580180,96.335,96.335,96.335,96.335,17
1784580960,96.335,96.335,96.335,96.335,4
1784581080,96.335,96.335,96.335,96.335,3
1784581140,96.335,96.335,96.335,96.335,6
1784586480,96.33,96.33,96.33,96.33,86
1784589120,96.335,96.335,96.335,96.335,150
1784591640,96.335,96.335,96.335,96.335,100
1784595660,96.335,96.335,96.335,96.335,25
1784596800,96.335,96.335,96.33,96.33,22
1784604360,96.335,96.335,96.335,96.335,13
1784604660,96.335,96.335,96.335,96.335,104
1784604780,96.335,96.335,96.335,96.335,250
1784604840,96.335,96.335,96.335,96.335,1
1784605080,96.335,96.335,96.335,96.335,50
1784605620,96.335,96.335,96.335,96.335,5
1784606100,96.335,96.335,96.335,96.335,200
1784612400,96.335,96.335,96.335,96.335,126
1784612640,96.335,96.335,96.335,96.335,1
1784612760,96.335,96.335,96.335,96.335,112
1784613840,96.335,96.335,96.335,96.335,3
1784614740,96.335,96.335,96.335,96.335,2
1784616540,96.335,96.335,96.335,96.335,10
1784619120,96.335,96.335,96.335,96.335,1
1784619960,96.335,96.335,96.335,96.335,100
1784620560,96.335,96.335,96.335,96.335,25
1784623080,96.335,96.335,96.335,96.335,3
1784623440,96.335,96.335,96.335,96.335,250
1784624640,96.335,96.335,96.335,96.335,1
1784625540,96.335,96.335,96.33,96.33,80
1784625600,96.335,96.335,96.33,96.33,62
1784626800,96.335,96.335,96.33,96.33,103
1784627160,96.335,96.335,96.335,96.335,1
1784628060,96.335,96.335,96.335,96.335,1
1784628120,96.335,96.335,96.33,96.335,10647
1784628180,96.335,96.335,96.335,96.335,400
1784628240,96.335,96.335,96.335,96.335,198
1784628480,96.335,96.335,96.335,96.335,394
1784628600,96.335,96.335,96.335,96.335,362
1784628660,96.335,96.335,96.335,96.335,3998
1784628780,96.335,96.335,96.335,96.335,23
1784629140,96.335,96.335,96.335,96.335,1073
1784629200,96.335,96.335,96.335,96.335,132
1784629380,96.335,96.335,96.335,96.335,100
1784630340,96.335,96.335,96.335,96.335,57
1784630520,96.335,96.335,96.335,96.335,400
1784630580,96.335,96.335,96.335,96.335,200
1784631060,96.335,96.335,96.335,96.335,125
1784631120,96.335,96.335,96.335,96.335,5
1784631420,96.335,96.335,96.335,96.335,7
1784631660,96.34,96.34,96.34,96.34,10
1784631780,96.335,96.335,96.335,96.335,80
1784631840,96.335,96.335,96.335,96.335,2567
1784631900,96.335,96.335,96.335,96.335,754
1784632020,96.335,96.335,96.335,96.335,19
1784632080,96.335,96.335,96.335,96.335,1514
1784632200,96.335,96.335,96.335,96.335,200
1784632440,96.335,96.335,96.335,96.335,133
1784632740,96.335,96.335,96.335,96.335,1121
1784632800,96.335,96.335,96.335,96.335,9
1784632860,96.335,96.335,96.335,96.335,313
1784632920,96.335,96.335,96.335,96.335,2
1784633100,96.335,96.335,96.335,96.335,100
1784633160,96.335,96.335,96.335,96.335,30
1784633280,96.335,96.335,96.335,96.335,91
1784633340,96.335,96.335,96.335,96.335,463
1784633400,96.335,96.335,96.335,96.335,50
1784633460,96.335,96.335,96.335,96.335,146
1784633640,96.335,96.335,96.335,96.335,876
1784633700,96.335,96.335,96.335,96.335,357
1784633880,96.335,96.335,96.335,96.335,96
1784633940,96.335,96.335,96.335,96.335,215
1784634120,96.335,96.335,96.335,96.335,106
1784634240,96.335,96.335,96.335,96.335,102
1784634540,96.335,96.335,96.335,96.335,100
1784634720,96.335,96.335,96.335,96.335,804
1784634960,96.335,96.335,96.335,96.335,2
1784635020,96.335,96.335,96.335,96.335,30
1784635200,96.335,96.335,96.335,96.335,1
1784635320,96.335,96.335,96.335,96.335,2020
1784635380,96.335,96.335,96.335,96.335,470
1784635440,96.335,96.335,96.335,96.335,866
1784635500,96.335,96.335,96.335,96.335,2
1784635620,96.335,96.335,96.335,96.335,3
1784635680,96.335,96.335,96.335,96.335,35
1784635980,96.335,96.335,96.335,96.335,72
1784636040,96.335,96.335,96.335,96.335,3
1784636100,96.335,96.335,96.335,96.335,702
1784636280,96.335,96.335,96.335,96.335,112
1784636340,96.335,96.335,96.335,96.335,24
1784636400,96.33,96.335,96.33,96.335,43
1784636460,96.335,96.335,96.335,96.335,288
1784636580,96.335,96.335,96.335,96.335,51
1784636700,96.335,96.335,96.335,96.335,1918
1784636760,96.335,96.335,96.335,96.335,530
1784636820,96.335,96.335,96.335,96.335,619
1784637480,96.335,96.335,96.335,96.335,1000
1784637780,96.335,96.335,96.335,96.335,314
1784638200,96.335,96.335,96.335,96.335,173
1784638260,96.335,96.335,96.335,96.335,12
1784638680,96.335,96.335,96.335,96.335,2052
1784638740,96.335,96.335,96.335,96.335,1093
1784638800,96.335,96.335,96.335,96.335,31
1784638980,96.335,96.335,96.335,96.335,45
1784639040,96.335,96.335,96.335,96.335,300
1784639100,96.335,96.335,96.335,96.335,80
1784639220,96.335,96.335,96.335,96.335,200
1784639760,96.33,96.33,96.32,96.32,72565
1784639820,96.325,96.325,96.325,96.325,5715
1784639880,96.325,96.325,96.32,96.32,4222
1784639940,96.32,96.325,96.32,96.325,56
1784640000,96.325,96.325,96.325,96.325,5
1784640060,96.325,96.33,96.325,96.325,5035
1784640120,96.325,96.325,96.325,96.325,5451
1784640180,96.325,96.325,96.325,96.325,250
1784640240,96.325,96.325,96.32,96.325,133
1784640300,96.32,96.32,96.32,96.32,538
1784640360,96.32,96.325,96.32,96.32,61
1784640420,96.32,96.325,96.32,96.325,1611
1784640480,96.325,96.325,96.325,96.325,1000
1784640540,96.32,96.325,96.32,96.325,3422
1784640720,96.325,96.33,96.325,96.325,17898
1784640780,96.325,96.325,96.325,96.325,1057
1784640840,96.325,96.325,96.325,96.325,230
1784640900,96.325,96.325,96.325,96.325,2
1784640960,96.325,96.325,96.325,96.325,26
1784641020,96.325,96.325,96.325,96.325,250
1784641080,96.325,96.325,96.325,96.325,8286
1784641140,96.325,96.325,96.325,96.325,2122
1784641200,96.325,96.325,96.325,96.325,18
1784641260,96.325,96.33,96.325,96.33,202
1784641380,96.325,96.325,96.325,96.325,5
1784641440,96.33,96.33,96.33,96.33,621
1784641620,96.33,96.33,96.33,96.33,88
1784641800,96.325,96.325,96.325,96.325,29
1784642160,96.325,96.325,96.325,96.325,500
1784642220,96.325,96.325,96.325,96.325,6025
1784642280,96.325,96.325,96.325,96.325,647
1784642400,96.325,96.325,96.325,96.325,1498
1784642460,96.325,96.325,96.325,96.325,120
1784642520,96.325,96.325,96.325,96.325,101
1784642820,96.33,96.33,96.33,96.33,1
1784642940,96.33,96.33,96.33,96.33,15
1784643060,96.325,96.325,96.325,96.325,1035
1784643180,96.325,96.325,96.325,96.325,100
1784643540,96.33,96.33,96.33,96.33,1
1784643660,96.33,96.33,96.33,96.33,18
1784643720,96.325,96.33,96.325,96.33,508
1784643900,96.33,96.33,96.33,96.33,600
1784644020,96.325,96.325,96.325,96.325,2793
1784644080,96.325,96.325,96.325,96.325,535
1784644140,96.325,96.325,96.325,96.325,6263
1784644200,96.325,96.325,96.325,96.325,52
1784644260,96.325,96.325,96.325,96.325,50
1784644320,96.325,96.325,96.325,96.325,3
1784644440,96.325,96.325,96.325,96.325,500
1784644500,96.32,96.32,96.315,96.315,24830
1784644560,96.315,96.315,96.315,96.315,475
1784644620,96.32,96.32,96.32,96.32,13
1784644740,96.315,96.315,96.315,96.315,500
1784644980,96.315,96.315,96.315,96.315,500
1784645160,96.315,96.315,96.315,96.315,5
1784645220,96.315,96.315,96.315,96.315,1
1784645280,96.315,96.32,96.315,96.315,128
1784645340,96.32,96.32,96.315,96.315,5
1784645400,96.315,96.315,96.315,96.315,3
1784645640,96.315,96.315,96.315,96.315,2
1784645760,96.315,96.315,96.315,96.315,1
1784645880,96.315,96.315,96.315,96.315,1
1784645940,96.32,96.32,96.32,96.32,1
1784646060,96.315,96.315,96.315,96.315,28
1784646300,96.32,96.32,96.32,96.32,1
1784646480,96.315,96.315,96.315,96.315,1
1784646540,96.32,96.32,96.315,96.315,9
1784646600,96.315,96.315,96.315,96.315,3
1784646780,96.315,96.315,96.315,96.315,5
1784646960,96.315,96.315,96.315,96.315,4
1784647260,96.32,96.32,96.32,96.32,1402
1784647560,96.32,96.32,96.32,96.32,50
1784647620,96.315,96.315,96.315,96.315,1
1784647800,96.315,96.315,96.315,96.315,6
1784648100,96.32,96.32,96.32,96.32,100
1784648220,96.32,96.32,96.32,96.32,47
1784648340,96.32,96.32,96.32,96.32,100
1784648460,96.32,96.32,96.32,96.32,46
1784648760,96.32,96.32,96.32,96.32,20
1784648820,96.32,96.32,96.32,96.32,55
1784649000,96.32,96.32,96.32,96.32,1
1784649060,96.32,96.32,96.32,96.32,154
1784649300,96.315,96.32,96.315,96.32,5
1784649480,96.315,96.315,96.315,96.315,225
1784649720,96.315,96.315,96.315,96.315,125
1784649780,96.315,96.315,96.315,96.315,100
1784649900,96.32,96.32,96.32,96.32,13
1784650020,96.32,96.32,96.315,96.315,122
1784650080,96.315,96.32,96.315,96.32,60
1784650380,96.315,96.315,96.315,96.315,101
1784650440,96.315,96.315,96.315,96.315,1
1784650500,96.315,96.315,96.315,96.315,1
1784650560,96.315,96.315,96.315,96.315,2
1784650680,96.315,96.315,96.315,96.315,1
1784650740,96.315,96.32,96.315,96.315,57
1784650800,96.315,96.315,96.315,96.315,1
1784650860,96.32,96.32,96.32,96.32,45
1784650920,96.315,96.315,96.315,96.315,251
1784650980,96.315,96.315,96.315,96.315,150
1784651040,96.315,96.315,96.315,96.315,1
1784651160,96.315,96.315,96.315,96.315,50
1784651220,96.32,96.32,96.315,96.315,500
1784651280,96.315,96.315,96.315,96.315,50
1784651340,96.315,96.315,96.315,96.315,110
1784651400,96.315,96.315,96.315,96.315,50
1784651580,96.315,96.315,96.315,96.315,90
1784651640,96.32,96.32,96.32,96.32,1
1784652180,96.315,96.315,96.315,96.315,100
1784652240,96.32,96.32,96.32,96.32,2
1784652420,96.315,96.315,96.315,96.315,1
1784653620,96.315,96.315,96.315,96.315,21
1784654280,96.315,96.315,96.315,96.315,1
1784654520,96.32,96.32,96.32,96.32,25
1784654700,96.315,96.315,96.315,96.315,6
1784654880,96.315,96.315,96.315,96.315,3
1784654940,96.315,96.315,96.315,96.315,4
1784655000,96.315,96.315,96.315,96.315,9
1784655900,96.32,96.32,96.32,96.32,10
1784656140,96.315,96.315,96.315,96.315,500
1784656560,96.315,96.315,96.315,96.315,579
1784656620,96.315,96.315,96.315,96.315,9920
1784656740,96.315,96.315,96.315,96.315,150
1784656980,96.31,96.31,96.305,96.305,11878
1784657100,96.31,96.31,96.305,96.305,3177
1784657160,96.305,96.31,96.305,96.305,3758
1784657220,96.305,96.305,96.305,96.305,3359
1784657280,96.305,96.305,96.3,96.305,2202
1784657340,96.305,96.31,96.305,96.305,430
1784657460,96.31,96.31,96.31,96.31,1
1784657700,96.31,96.31,96.31,96.31,2
1784657760,96.31,96.31,96.31,96.31,3
1784657820,96.31,96.31,96.31,96.31,200
1784658000,96.305,96.305,96.305,96.305,124
1784658240,96.31,96.31,96.31,96.31,2
1784658300,96.31,96.31,96.31,96.31,195
1784658360,96.31,96.31,96.31,96.31,2
1784658600,96.31,96.31,96.31,96.31,2
1784658660,96.31,96.31,96.31,96.31,2
1784658720,96.31,96.31,96.31,96.31,100
1784658780,96.31,96.31,96.31,96.31,100
1784658840,96.305,96.305,96.3,96.3,12540
1784658900,96.305,96.305,96.305,96.305,4
1784658960,96.305,96.305,96.305,96.305,80
1784659020,96.305,96.305,96.305,96.305,3959
1784659080,96.305,96.305,96.305,96.305,962
1784659140,96.305,96.305,96.305,96.305,267
1784659200,96.305,96.305,96.305,96.305,240
1784659260,96.305,96.305,96.305,96.305,100
1784659380,96.31,96.31,96.31,96.31,4
1784659440,96.31,96.31,96.31,96.31,254
1784659500,96.31,96.31,96.31,96.31,100
1784659560,96.31,96.31,96.31,96.31,3710
1784659620,96.31,96.31,96.31,96.31,1021
1784659680,96.31,96.31,96.31,96.31,57
1784659920,96.31,96.31,96.31,96.31,100
1784660040,96.31,96.31,96.31,96.31,9
1784660100,96.305,96.305,96.305,96.305,185
1784660160,96.31,96.31,96.31,96.31,1
1784660220,96.305,96.305,96.305,96.305,36
1784660280,96.305,96.305,96.305,96.305,280
1784660340,96.31,96.31,96.305,96.305,80
1784660460,96.305,96.305,96.305,96.305,2
1784660520,96.305,96.305,96.305,96.305,5
1784660580,96.305,96.305,96.305,96.305,2000
1784660640,96.305,96.305,96.305,96.305,6
1784660760,96.305,96.305,96.305,96.305,739
1784660880,96.305,96.305,96.305,96.305,36
1784660940,96.305,96.305,96.305,96.305,744
1784661060,96.305,96.305,96.305,96.305,100
1784661240,96.305,96.305,96.305,96.305,171
1784661360,96.305,96.305,96.305,96.305,97
1784661480,96.31,96.31,96.31,96.31,45
1784661900,96.305,96.305,96.305,96.305,1
1784662020,96.31,96.31,96.31,96.31,8527
1784662320,96.315,96.315,96.315,96.315,1
1784662800,96.31,96.31,96.31,96.31,50
1784662860,96.31,96.31,96.31,96.31,25
1784663400,96.31,96.31,96.305,96.31,9638
1784663460,96.31,96.31,96.31,96.31,616
1784663820,96.31,96.31,96.31,96.31,40
1784664000,96.31,96.31,96.31,96.31,9
1784664420,96.31,96.31,96.31,96.31,91
1784664540,96.31,96.31,96.31,96.31,610
1784664660,96.315,96.315,96.31,96.31,364
1784664960,96.31,96.31,96.31,96.31,99
1784665020,96.31,96.31,96.31,96.31,1
1784665200,96.31,96.31,96.31,96.31,12
1784666700,96.315,96.315,96.315,96.315,191
1784666760,96.31,96.31,96.31,96.31,1052
1784667000,96.31,96.31,96.31,96.31,6463
1784667060,96.31,96.31,96.31,96.31,1
1784667240,96.31,96.31,96.31,96.31,7
1784667300,96.31,96.31,96.31,96.31,50
1784667360,96.31,96.31,96.31,96.31,1025
1784667480,96.31,96.31,96.31,96.31,3
1784671740,96.31,96.31,96.31,96.31,82
1784671980,96.31,96.31,96.31,96.31,4
1784672160,96.31,96.31,96.31,96.31,513
1784673540,96.31,96.31,96.31,96.31,300
1784673600,96.31,96.31,96.31,96.31,100
1784674200,96.31,96.31,96.31,96.31,1
1784675520,96.31,96.31,96.31,96.31,13
1784678160,96.31,96.31,96.31,96.31,1
1784679480,96.31,96.31,96.31,96.31,1
1784680680,96.31,96.31,96.31,96.31,125
1784682600,96.31,96.31,96.31,96.31,10
1784682660,96.31,96.31,96.31,96.31,41
1784683440,96.31,96.31,96.31,96.31,2872
1784683740,96.31,96.31,96.31,96.31,50
1784683980,96.31,96.31,96.31,96.31,385
1784684100,96.31,96.31,96.31,96.31,500
1784684160,96.31,96.31,96.31,96.31,50
1784684220,96.31,96.31,96.31,96.31,200
1784684460,96.31,96.31,96.31,96.31,29
1784684580,96.31,96.31,96.31,96.31,700
1784684640,96.31,96.31,96.31,96.31,29
1784684940,96.31,96.31,96.31,96.31,10
1784685240,96.31,96.31,96.31,96.31,52
1784685780,96.31,96.31,96.31,96.31,100
1784685840,96.31,96.31,96.31,96.31,200
1784686320,96.31,96.31,96.31,96.31,5
1784687340,96.31,96.31,96.31,96.31,113
1784687760,96.31,96.31,96.31,96.31,100
1784687880,96.31,96.31,96.31,96.31,18
1784689800,96.31,96.31,96.31,96.31,25
1784690820,96.31,96.31,96.31,96.31,10
1784691120,96.31,96.31,96.31,96.31,20
1784691540,96.31,96.31,96.31,96.31,100
1784692740,96.31,96.31,96.31,96.31,51
1784693760,96.31,96.31,96.31,96.31,125
1784693820,96.31,96.31,96.31,96.31,500
1784694120,96.31,96.31,96.31,96.31,50
1784695380,96.31,96.31,96.31,96.31,55
1784696700,96.31,96.31,96.31,96.31,300
1784696880,96.31,96.31,96.31,96.31,100
1784697840,96.31,96.31,96.31,96.31,10
1784697900,96.31,96.31,96.31,96.31,20
1784698020,96.31,96.31,96.31,96.31,10
1784698320,96.31,96.31,96.31,96.31,842
1784698800,96.31,96.31,96.31,96.31,150
1784699100,96.31,96.31,96.31,96.31,1
1784699580,96.31,96.31,96.31,96.31,50
1784700240,96.31,96.31,96.31,96.31,100
1784700300,96.31,96.31,96.31,96.31,1360
1784700360,96.31,96.31,96.31,96.31,638
1784700480,96.31,96.31,96.31,96.31,5
1784700540,96.31,96.31,96.31,96.31,33
1784700720,96.31,96.31,96.31,96.31,820
1784700780,96.31,96.31,96.31,96.31,607
1784700840,96.31,96.31,96.31,96.31,3132
1784701440,96.31,96.31,96.31,96.31,200
1784702700,96.315,96.315,96.315,96.315,241
1784702820,96.31,96.31,96.31,96.31,72
1784702880,96.315,96.315,96.31,96.31,1089
1784703600,96.31,96.31,96.31,96.31,761
1784703960,96.315,96.315,96.315,96.315,150
1784704620,96.315,96.315,96.315,96.315,50
1784704920,96.315,96.315,96.315,96.315,500
1784705160,96.315,96.315,96.315,96.315,100
1784706360,96.315,96.315,96.315,96.315,223
1784706540,96.315,96.315,96.315,96.315,135
1784706600,96.315,96.315,96.315,96.315,100
1784706660,96.315,96.315,96.315,96.315,100
1784706840,96.315,96.315,96.315,96.315,250
1784706900,96.315,96.315,96.315,96.315,11
1784706960,96.315,96.315,96.315,96.315,1
1784707080,96.315,96.315,96.315,96.315,1505
1784707140,96.315,96.315,96.315,96.315,25
1784707320,96.315,96.315,96.315,96.315,933
1784707380,96.315,96.315,96.315,96.315,45
1784707440,96.315,96.315,96.315,96.315,384
1784707500,96.315,96.315,96.315,96.315,212
1784707560,96.315,96.315,96.315,96.315,219
1784707740,96.315,96.315,96.315,96.315,294
1784707800,96.315,96.315,96.315,96.315,180
1784707860,96.315,96.315,96.315,96.315,50
1784707920,96.315,96.315,96.315,96.315,551
1784707980,96.315,96.315,96.315,96.315,493
1784708040,96.315,96.315,96.315,96.315,100
1784708400,96.32,96.32,96.32,96.32,315
1784708760,96.32,96.32,96.32,96.32,4
1784709000,96.32,96.32,96.32,96.32,1
1784709060,96.32,96.32,96.32,96.32,240
1784709120,96.32,96.32,96.32,96.32,22
1784709300,96.32,96.32,96.32,96.32,1
1784709720,96.315,96.315,96.315,96.315,6
1784709840,96.315,96.315,96.315,96.315,833
1784709900,96.315,96.315,96.315,96.315,300
1784709960,96.315,96.315,96.315,96.315,2037
1784710140,96.315,96.315,96.315,96.315,3
1784710200,96.315,96.315,96.315,96.315,8
1784710380,96.315,96.315,96.315,96.315,402
1784710440,96.315,96.315,96.315,96.315,68
1784710500,96.315,96.315,96.315,96.315,30
1784710860,96.315,96.315,96.315,96.315,100
1784712600,96.315,96.315,96.315,96.315,103
1784712900,96.31,96.31,96.31,96.31,1
1784713080,96.31,96.31,96.31,96.31,267
1784713260,96.31,96.31,96.31,96.31,2
1784713860,96.31,96.31,96.31,96.31,2371
1784713920,96.315,96.315,96.31,96.31,2826
1784714520,96.305,96.305,96.305,96.305,50
1784714700,96.305,96.305,96.305,96.305,1882
1784714760,96.305,96.305,96.305,96.305,697
1784714820,96.305,96.305,96.305,96.305,4
1784715000,96.305,96.305,96.305,96.305,5630
1784715060,96.305,96.305,96.305,96.305,14
1784715120,96.305,96.305,96.305,96.305,383
1784715780,96.305,96.305,96.305,96.305,250
1784716260,96.305,96.305,96.305,96.305,200
1784717460,96.31,96.31,96.31,96.31,250
1784717700,96.31,96.31,96.31,96.31,25
1784718660,96.305,96.305,96.305,96.305,2639
1784718720,96.305,96.305,96.305,96.305,4457
1784718780,96.305,96.305,96.305,96.305,1010
1784718840,96.305,96.305,96.305,96.305,391
1784718900,96.305,96.305,96.305,96.305,219
1784718960,96.305,96.305,96.305,96.305,111
1784719080,96.305,96.305,96.305,96.305,25
1784719140,96.305,96.305,96.305,96.305,1050
1784719260,96.3,96.305,96.3,96.305,532
1784719440,96.305,96.305,96.305,96.305,101
1784719500,96.305,96.305,96.305,96.305,211
1784719560,96.305,96.305,96.305,96.305,62
1784719620,96.305,96.305,96.305,96.305,284
1784719920,96.305,96.305,96.305,96.305,300
1784720040,96.305,96.305,96.305,96.305,1426
1784720160,96.305,96.305,96.305,96.305,1570
1784720220,96.305,96.305,96.305,96.305,3144
1784720280,96.305,96.305,96.305,96.305,5
1784720340,96.305,96.305,96.305,96.305,231
1784720460,96.305,96.305,96.305,96.305,25
1784720520,96.305,96.305,96.305,96.305,999
1784720640,96.3,96.3,96.3,96.3,65
1784720760,96.3,96.3,96.3,96.3,3452
1784720820,96.3,96.3,96.3,96.3,559
1784721000,96.3,96.3,96.3,96.3,400
1784721120,96.3,96.3,96.3,96.3,15
1784721180,96.3,96.305,96.3,96.305,205
1784721300,96.305,96.305,96.305,96.305,100
1784721420,96.3,96.3,96.3,96.3,150
1784721600,96.305,96.305,96.305,96.305,978
1784721960,96.305,96.305,96.305,96.305,50
1784722020,96.305,96.305,96.305,96.305,150
1784722080,96.305,96.305,96.305,96.305,600
1784722260,96.305,96.305,96.305,96.305,3966
1784722320,96.305,96.305,96.305,96.305,45
1784722440,96.305,96.305,96.305,96.305,25
1784722800,96.31,96.31,96.31,96.31,1
1784722980,96.305,96.305,96.3,96.3,3634
1784723040,96.305,96.305,96.305,96.305,1232
1784723160,96.305,96.305,96.305,96.305,2
1784723220,96.3,96.3,96.3,96.3,747
1784723580,96.305,96.305,96.305,96.305,11
1784723640,96.305,96.305,96.305,96.305,44
1784723700,96.305,96.305,96.305,96.305,53
1784723760,96.305,96.305,96.305,96.305,45
1784723820,96.305,96.305,96.305,96.305,45
1784723880,96.305,96.305,96.305,96.305,36
1784723940,96.305,96.305,96.305,96.305,33
1784724000,96.305,96.305,96.305,96.305,23
1784724060,96.305,96.305,96.305,96.305,264
1784724120,96.305,96.305,96.305,96.305,345
1784724180,96.305,96.305,96.305,96.305,125
1784724240,96.305,96.305,96.305,96.305,12
1784724300,96.305,96.305,96.305,96.305,18
1784724360,96.305,96.305,96.305,96.305,65
1784724420,96.305,96.305,96.305,96.305,17
1784724480,96.305,96.305,96.305,96.305,227
1784724540,96.305,96.305,96.305,96.305,2080
1784724600,96.305,96.305,96.305,96.305,55
1784724780,96.305,96.305,96.305,96.305,12
1784724840,96.305,96.305,96.305,96.305,15
1784724900,96.305,96.305,96.305,96.305,17
1784724960,96.305,96.305,96.3,96.3,471
1784725020,96.3,96.305,96.3,96.305,846
1784725140,96.305,96.305,96.305,96.305,300
1784725440,96.305,96.305,96.305,96.305,50
1784725500,96.305,96.305,96.305,96.305,29
1784725620,96.305,96.305,96.3,96.3,454
1784725680,96.3,96.3,96.3,96.3,20
1784725920,96.3,96.305,96.3,96.305,39
1784725980,96.305,96.305,96.305,96.305,50
1784726040,96.305,96.305,96.305,96.305,610
1784726100,96.305,96.305,96.305,96.305,600
1784726160,96.305,96.305,96.305,96.305,200
1784726220,96.305,96.305,96.305,96.305,6257
1784726280,96.305,96.305,96.305,96.305,283
1784726340,96.305,96.305,96.305,96.305,31
1784726400,96.305,96.305,96.305,96.305,760
1784726460,96.31,96.31,96.31,96.31,2
1784726640,96.31,96.31,96.31,96.31,321
1784726700,96.31,96.31,96.31,96.31,1733
1784726760,96.31,96.31,96.31,96.31,1336
1784726820,96.31,96.31,96.31,96.31,504
1784727060,96.31,96.31,96.31,96.31,200
1784727120,96.31,96.31,96.31,96.31,250
1784727360,96.31,96.31,96.31,96.31,150
1784727420,96.31,96.31,96.31,96.31,20
1784727480,96.31,96.31,96.31,96.31,150
1784727600,96.305,96.305,96.305,96.305,104
1784727660,96.305,96.305,96.305,96.305,5
1784727720,96.305,96.305,96.305,96.305,27
1784727780,96.305,96.305,96.305,96.305,989
1784727840,96.305,96.305,96.305,96.305,4276
1784727900,96.305,96.305,96.305,96.305,4
1784727960,96.305,96.305,96.3,96.305,168
1784728020,96.305,96.305,96.305,96.305,7
1784728140,96.305,96.305,96.305,96.305,25
1784728260,96.305,96.305,96.305,96.305,55
1784728380,96.305,96.305,96.305,96.305,20
1784728440,96.305,96.305,96.305,96.305,3
1784728620,96.305,96.305,96.305,96.305,2
1784728680,96.305,96.305,96.305,96.305,50
1784728800,96.305,96.305,96.305,96.305,3
1784728920,96.305,96.305,96.305,96.305,500
1784729100,96.3,96.305,96.3,96.3,1942
1784729160,96.3,96.305,96.3,96.305,12
1784729220,96.3,96.3,96.29,96.295,31746
1784729280,96.295,96.295,96.295,96.295,2414
1784729340,96.3,96.3,96.3,96.3,50
1784729400,96.295,96.295,96.295,96.295,150
1784729460,96.295,96.295,96.295,96.295,50
1784729580,96.295,96.3,96.295,96.3,3486
1784729640,96.295,96.3,96.295,96.295,316
1784729700,96.295,96.295,96.295,96.295,179
1784729760,96.295,96.295,96.295,96.295,288
1784729820,96.295,96.295,96.295,96.295,14
1784729940,96.295,96.295,96.295,96.295,101
1784730000,96.295,96.295,96.295,96.295,158
1784730120,96.295,96.295,96.29,96.29,5439
1784730180,96.29,96.29,96.29,96.29,150
1784730240,96.29,96.29,96.285,96.285,13311
1784730300,96.285,96.285,96.28,96.28,2392
1784730360,96.28,96.285,96.28,96.28,18067
1784730420,96.28,96.285,96.28,96.28,1894
1784730480,96.28,96.28,96.28,96.28,159
1784730540,96.28,96.285,96.28,96.285,371
1784730600,96.285,96.285,96.285,96.285,126
1784730660,96.285,96.285,96.285,96.285,5212
1784730720,96.285,96.285,96.285,96.285,530
1784730780,96.285,96.285,96.28,96.285,2222
1784730840,96.285,96.285,96.285,96.285,1689
1784730960,96.285,96.285,96.285,96.285,50
1784731140,96.29,96.29,96.29,96.29,5
1784731200,96.29,96.29,96.29,96.29,529
1784731260,96.29,96.29,96.285,96.29,901
1784731320,96.29,96.29,96.29,96.29,10
1784731380,96.29,96.29,96.29,96.29,110
1784731440,96.29,96.29,96.29,96.29,105
1784731500,96.29,96.29,96.29,96.29,233
1784731560,96.29,96.29,96.29,96.29,6372
1784731680,96.295,96.295,96.295,96.295,144
1784732160,96.295,96.295,96.295,96.295,6217
1784732220,96.295,96.295,96.295,96.295,1339
1784732340,96.295,96.295,96.295,96.295,700
1784732400,96.29,96.29,96.29,96.29,5655
1784732460,96.29,96.29,96.29,96.29,1158
1784732520,96.29,96.29,96.29,96.29,101
1784732580,96.29,96.29,96.29,96.29,251
1784732640,96.29,96.29,96.29,96.29,102
1784732700,96.29,96.29,96.29,96.29,125
1784732820,96.29,96.29,96.29,96.29,173
1784732940,96.285,96.285,96.285,96.285,500
1784733000,96.29,96.29,96.29,96.29,25
1784733060,96.285,96.285,96.285,96.285,100
1784733360,96.285,96.285,96.285,96.285,750
1784733660,96.285,96.285,96.285,96.285,100
1784733780,96.285,96.29,96.285,96.29,310
1784733840,96.285,96.285,96.285,96.285,16
1784734020,96.285,96.285,96.285,96.285,610
1784734320,96.285,96.285,96.285,96.285,2
1784734440,96.285,96.285,96.285,96.285,470
1784734500,96.285,96.285,96.285,96.285,634
1784734680,96.29,96.29,96.285,96.285,7185
1784734740,96.285,96.285,96.285,96.285,917
1784734800,96.285,96.285,96.285,96.285,1306
1784734860,96.285,96.285,96.285,96.285,1325
1784734920,96.285,96.285,96.285,96.285,1
1784734980,96.285,96.285,96.285,96.285,870
1784735040,96.285,96.285,96.285,96.285,223
1784735100,96.285,96.285,96.285,96.285,149
1784735220,96.285,96.29,96.285,96.29,349
1784735340,96.29,96.29,96.29,96.29,300
1784735400,96.29,96.29,96.29,96.29,159
1784735460,96.29,96.29,96.29,96.29,101
1784735580,96.29,96.29,96.29,96.29,250
1784735760,96.29,96.29,96.29,96.29,1
1784735820,96.29,96.29,96.29,96.29,1003
1784735880,96.29,96.29,96.29,96.29,3260
1784735940,96.29,96.29,96.29,96.29,10
1784736000,96.29,96.29,96.29,96.29,898
1784736060,96.29,96.29,96.29,96.29,15
1784736120,96.29,96.29,96.29,96.29,145
1784736180,96.29,96.29,96.29,96.29,187
1784736240,96.29,96.29,96.285,96.29,322
1784736300,96.29,96.295,96.29,96.29,58
1784736360,96.29,96.29,96.29,96.29,126
1784736540,96.29,96.29,96.29,96.29,377
1784736600,96.29,96.29,96.29,96.29,240
1784736720,96.29,96.295,96.29,96.295,109
1784736840,96.29,96.29,96.29,96.29,32
1784736900,96.29,96.29,96.29,96.29,120
1784736960,96.29,96.29,96.29,96.29,1
1784737080,96.29,96.29,96.29,96.29,1273
1784737200,96.29,96.29,96.29,96.29,50
1784737560,96.29,96.29,96.29,96.29,27
1784737680,96.29,96.29,96.29,96.29,3732
1784737740,96.29,96.29,96.29,96.29,28
1784737800,96.29,96.29,96.285,96.285,500
1784737860,96.285,96.29,96.285,96.29,54
1784737920,96.285,96.29,96.285,96.285,110
1784738220,96.29,96.29,96.29,96.29,1
1784738280,96.29,96.29,96.29,96.29,30
1784738460,96.29,96.29,96.29,96.29,75
1784738760,96.29,96.29,96.29,96.29,100
1784739060,96.29,96.29,96.29,96.29,2755
1784739120,96.29,96.29,96.29,96.29,85
1784739180,96.29,96.29,96.29,96.29,140
1784739240,96.29,96.29,96.29,96.29,40
1784739360,96.29,96.29,96.29,96.29,370
1784739420,96.29,96.29,96.29,96.29,107
1784739660,96.295,96.295,96.295,96.295,1200
1784740320,96.295,96.295,96.295,96.295,1200
1784742360,96.295,96.295,96.295,96.295,2
1784742540,96.29,96.29,96.29,96.29,8
1784742600,96.295,96.295,96.295,96.295,10
1784743020,96.295,96.295,96.295,96.295,1
1784743080,96.295,96.295,96.295,96.295,1
1784743500,96.295,96.295,96.295,96.295,501
1784743560,96.29,96.29,96.29,96.29,500
1784743620,96.295,96.295,96.295,96.295,1
1784744040,96.295,96.295,96.295,96.295,3
1784744160,96.295,96.295,96.295,96.295,1
1784744460,96.29,96.29,96.29,96.29,2156
1784744520,96.29,96.29,96.29,96.29,3951
1784744580,96.29,96.29,96.29,96.29,1
1784744880,96.29,96.29,96.29,96.29,8
1784744940,96.29,96.29,96.29,96.29,1830
1784745000,96.29,96.29,96.29,96.29,45
1784745120,96.29,96.29,96.29,96.29,241
1784745180,96.29,96.29,96.29,96.29,239
1784745240,96.29,96.29,96.29,96.29,342
1784745300,96.29,96.29,96.29,96.29,25
1784745600,96.29,96.29,96.29,96.29,1123
1784746200,96.29,96.29,96.29,96.29,3
1784746260,96.29,96.29,96.29,96.29,300
1784746320,96.29,96.29,96.29,96.29,100
1784746380,96.29,96.29,96.29,96.29,100
1784746740,96.285,96.285,96.285,96.285,1
1784747400,96.285,96.285,96.285,96.285,54
1784747520,96.29,96.29,96.29,96.29,8
1784747640,96.285,96.285,96.285,96.285,4
1784747880,96.285,96.285,96.285,96.285,100
1784748360,96.285,96.285,96.285,96.285,83
1784748540,96.29,96.29,96.29,96.29,1
1784748900,96.29,96.29,96.29,96.29,6
1784748960,96.285,96.285,96.285,96.285,108
1784749080,96.285,96.285,96.285,96.285,5
1784749140,96.285,96.285,96.285,96.285,150
1784749380,96.29,96.29,96.285,96.285,500
1784749440,96.285,96.285,96.285,96.285,586
1784749500,96.285,96.285,96.285,96.285,549
1784749740,96.285,96.285,96.285,96.285,4
1784749920,96.285,96.285,96.285,96.285,361
1784749980,96.285,96.285,96.285,96.285,781
1784750280,96.285,96.285,96.285,96.285,28
1784750340,96.285,96.285,96.285,96.285,1371
1784750460,96.285,96.285,96.285,96.285,8
1784750760,96.285,96.285,96.285,96.285,9
1784751060,96.29,96.29,96.29,96.29,448
1784751360,96.29,96.29,96.29,96.29,300
1784751600,96.285,96.285,96.285,96.285,240
1784752920,96.285,96.285,96.285,96.285,64
1784753100,96.285,96.285,96.285,96.285,158
1784753520,96.285,96.285,96.285,96.285,80
1784753640,96.285,96.285,96.285,96.285,80
1784753700,96.285,96.285,96.285,96.285,213
1784753760,96.285,96.285,96.285,96.285,17
1784753880,96.29,96.29,96.29,96.29,2
1784753940,96.285,96.285,96.285,96.285,9
1784757600,96.285,96.285,96.285,96.285,25
1784759760,96.285,96.285,96.285,96.285,3933
1784760720,96.28,96.28,96.28,96.28,100
1784761440,96.285,96.285,96.285,96.285,240
1784762040,96.285,96.285,96.285,96.285,300
1784762400,96.285,96.285,96.285,96.285,200
1784763300,96.28,96.28,96.28,96.28,1
1784763900,96.28,96.28,96.28,96.28,1457
1784763960,96.28,96.285,96.28,96.28,1076
1784764020,96.28,96.28,96.28,96.28,1063
1784764140,96.28,96.28,96.28,96.28,1417
1784764200,96.275,96.275,96.275,96.275,83
1784764380,96.28,96.28,96.28,96.28,50
1784764500,96.275,96.275,96.275,96.275,1080
1784765400,96.275,96.275,96.275,96.275,874
1784765460,96.275,96.275,96.275,96.275,60
1784765520,96.275,96.275,96.275,96.275,15
1784765640,96.275,96.275,96.275,96.275,543
1784766840,96.28,96.28,96.28,96.28,1529
1784767020,96.28,96.28,96.28,96.28,963
1784767080,96.28,96.28,96.28,96.28,56
1784769540,96.28,96.28,96.28,96.28,3
1784770980,96.28,96.28,96.28,96.28,450
1784771040,96.285,96.285,96.285,96.285,10
1784771160,96.285,96.285,96.285,96.285,50
1784771700,96.285,96.285,96.285,96.285,300
1784771820,96.285,96.285,96.285,96.285,10
1784772240,96.285,96.285,96.285,96.285,1
1784772540,96.285,96.285,96.285,96.285,9
1784772660,96.28,96.28,96.28,96.28,101
1784773020,96.285,96.285,96.285,96.285,1
1784773080,96.285,96.285,96.285,96.285,3
1784773140,96.285,96.285,96.285,96.285,3
1784773200,96.285,96.285,96.285,96.285,2
1784774280,96.28,96.28,96.28,96.28,100
1784774460,96.285,96.285,96.285,96.285,1
1784775300,96.285,96.285,96.285,96.285,1
1784775420,96.285,96.285,96.285,96.285,5
1784775480,96.285,96.285,96.285,96.285,927
1784775540,96.285,96.285,96.285,96.285,3
1784775660,96.285,96.285,96.285,96.285,313
1784775780,96.285,96.285,96.285,96.285,23
1784775840,96.285,96.285,96.285,96.285,311
1784775900,96.285,96.285,96.285,96.285,600
1784776080,96.285,96.285,96.285,96.285,170
1784776200,96.285,96.285,96.285,96.285,225
1784776260,96.285,96.285,96.285,96.285,39
1784776440,96.285,96.285,96.285,96.285,11
1784777640,96.285,96.285,96.285,96.285,1
1784777820,96.285,96.285,96.285,96.285,227
1784777880,96.285,96.285,96.285,96.285,773
1784778060,96.285,96.285,96.285,96.285,201
1784778120,96.285,96.285,96.285,96.285,51
1784778180,96.285,96.285,96.285,96.285,1
1784778240,96.285,96.285,96.285,96.285,4
1784778360,96.285,96.285,96.285,96.285,2
1784778480,96.285,96.285,96.285,96.285,1
1784778600,96.285,96.285,96.285,96.285,1
1784778960,96.285,96.285,96.285,96.285,1
1784779140,96.285,96.285,96.285,96.285,1
1784779200,96.285,96.285,96.285,96.285,2
1784779320,96.285,96.285,96.285,96.285,1
1784779680,96.285,96.285,96.285,96.285,5
1784779800,96.285,96.285,96.285,96.285,20
1784780700,96.285,96.285,96.285,96.285,300
1784780760,96.285,96.285,96.285,96.285,906
1784780820,96.285,96.285,96.285,96.285,5
1784781660,96.285,96.285,96.285,96.285,3
1784782380,96.285,96.285,96.285,96.285,100
1784782620,96.29,96.29,96.29,96.29,150
1784782980,96.285,96.285,96.285,96.285,100
1784783040,96.29,96.29,96.29,96.29,1
1784784060,96.285,96.285,96.285,96.285,120
1784784420,96.285,96.285,96.285,96.285,50
1784785500,96.285,96.285,96.285,96.285,2
1784785920,96.285,96.285,96.285,96.285,4
1784788860,96.285,96.285,96.285,96.285,57
1784789580,96.285,96.285,96.285,96.285,100
1784790240,96.285,96.285,96.285,96.285,400
1784790540,96.285,96.285,96.285,96.285,1
1784790600,96.285,96.285,96.285,96.285,195
1784791800,96.285,96.285,96.285,96.285,200
1784791920,96.285,96.285,96.285,96.285,31
1784792040,96.285,96.285,96.285,96.285,59
1784792100,96.285,96.285,96.285,96.285,21
1784792460,96.285,96.285,96.285,96.285,734
1784792520,96.285,96.285,96.28,96.285,5072
1784792580,96.28,96.28,96.28,96.28,4
1784792880,96.285,96.285,96.285,96.285,25
1784793360,96.285,96.285,96.285,96.285,930
1784793420,96.285,96.285,96.285,96.285,2173
1784793480,96.285,96.285,96.285,96.285,200
1784793600,96.285,96.285,96.285,96.285,1404
1784793720,96.285,96.285,96.285,96.285,2914
1784794080,96.28,96.285,96.28,96.285,250
1784794920,96.285,96.285,96.285,96.285,2
1784794980,96.285,96.285,96.285,96.285,604
1784795040,96.285,96.285,96.285,96.285,249
1784795160,96.29,96.29,96.29,96.29,75
1784795220,96.29,96.29,96.29,96.29,70
1784795280,96.29,96.29,96.29,96.29,75
1784795340,96.29,96.29,96.29,96.29,75
1784795400,96.29,96.29,96.29,96.29,90
1784795460,96.29,96.29,96.29,96.29,105
1784795520,96.29,96.29,96.285,96.29,651
1784795580,96.29,96.29,96.29,96.29,175
1784795640,96.29,96.29,96.29,96.29,60
1784796240,96.29,96.29,96.29,96.29,11
1784796420,96.29,96.29,96.29,96.29,10
1784796480,96.29,96.29,96.29,96.29,3
1784796720,96.29,96.29,96.29,96.29,2
1784797440,96.285,96.285,96.285,96.285,500
1784797920,96.29,96.29,96.29,96.29,35
1784797980,96.29,96.29,96.29,96.29,175
1784798220,96.29,96.29,96.29,96.29,60
1784799060,96.29,96.29,96.29,96.29,400
1784799480,96.285,96.285,96.285,96.285,29
1784799600,96.285,96.285,96.285,96.285,78
1784800560,96.285,96.285,96.285,96.285,417
1784800620,96.29,96.29,96.29,96.29,4
1784801820,96.285,96.285,96.285,96.285,70
1784802240,96.285,96.285,96.285,96.285,10
1784802360,96.285,96.285,96.285,96.285,5
1784802480,96.285,96.285,96.285,96.285,300
1784802720,96.285,96.285,96.285,96.285,150
1784802960,96.285,96.285,96.285,96.285,5
1784803200,96.29,96.29,96.285,96.285,27
1784803320,96.285,96.285,96.285,96.285,300
1784803920,96.285,96.285,96.285,96.285,899
1784804400,96.285,96.285,96.285,96.285,400
1784804520,96.285,96.285,96.285,96.285,5
1784804820,96.285,96.285,96.285,96.285,257
1784804880,96.285,96.285,96.28,96.28,2546
1784804940,96.285,96.285,96.285,96.285,369
1784805000,96.285,96.285,96.285,96.285,20
1784805060,96.285,96.285,96.285,96.285,1
1784805120,96.285,96.285,96.285,96.285,793
1784805180,96.285,96.285,96.285,96.285,414
1784805420,96.285,96.285,96.285,96.285,472
1784805720,96.28,96.28,96.28,96.28,6
1784806020,96.28,96.28,96.28,96.28,2
1784806080,96.28,96.285,96.28,96.28,750
1784806140,96.28,96.28,96.28,96.28,4211
1784806200,96.28,96.28,96.28,96.28,379
1784806260,96.28,96.28,96.28,96.28,810
1784806320,96.28,96.28,96.28,96.28,3
1784806500,96.28,96.28,96.28,96.28,63
1784806800,96.28,96.28,96.28,96.28,7
1784807340,96.28,96.28,96.28,96.28,4528
1784807400,96.28,96.28,96.28,96.28,1237
1784807460,96.28,96.28,96.28,96.28,225
1784807520,96.28,96.28,96.28,96.28,1904
1784807580,96.28,96.28,96.28,96.28,20
1784807880,96.28,96.28,96.28,96.28,300
1784807940,96.28,96.28,96.28,96.28,4703
1784808000,96.28,96.28,96.28,96.28,1348
1784808060,96.28,96.28,96.28,96.28,147
1784808120,96.28,96.28,96.28,96.28,150
1784808180,96.28,96.28,96.28,96.28,621
1784808240,96.28,96.28,96.28,96.28,300
1784808420,96.28,96.28,96.28,96.28,5488
1784808480,96.28,96.28,96.28,96.28,1158
1784808600,96.28,96.28,96.28,96.28,175
1784808660,96.28,96.28,96.28,96.28,744
1784808720,96.28,96.28,96.28,96.28,9
1784808780,96.28,96.28,96.28,96.28,2010
1784808840,96.28,96.28,96.28,96.28,120
1784808900,96.28,96.28,96.28,96.28,401
1784808960,96.28,96.28,96.28,96.28,295
1784809080,96.28,96.28,96.28,96.28,2
1784809200,96.285,96.285,96.285,96.285,119
1784809380,96.285,96.285,96.285,96.285,100
1784809440,96.28,96.28,96.28,96.28,240
1784809500,96.28,96.28,96.28,96.28,1798
1784809620,96.28,96.28,96.28,96.28,133
1784809680,96.28,96.28,96.28,96.28,450
1784809740,96.28,96.28,96.28,96.28,3
1784809800,96.28,96.28,96.28,96.28,8652
1784809860,96.28,96.28,96.28,96.28,701
1784809920,96.28,96.28,96.28,96.28,885
1784809980,96.28,96.28,96.275,96.28,359
1784810280,96.275,96.275,96.275,96.275,103
1784810460,96.275,96.275,96.275,96.275,1
1784810520,96.275,96.275,96.275,96.275,4
1784810580,96.275,96.275,96.275,96.275,8
1784810640,96.275,96.275,96.275,96.275,7
1784810700,96.28,96.28,96.28,96.28,2
1784810820,96.275,96.275,96.275,96.275,6
1784811060,96.28,96.28,96.28,96.28,500
1784811180,96.28,96.28,96.28,96.28,222
1784811360,96.28,96.28,96.28,96.28,60
1784811420,96.28,96.28,96.28,96.28,1
1784811480,96.28,96.28,96.28,96.28,238
1784811540,96.28,96.28,96.28,96.28,25
1784811600,96.28,96.28,96.28,96.28,2894
1784811660,96.28,96.28,96.28,96.28,200
1784811720,96.28,96.28,96.28,96.28,680
1784811840,96.28,96.28,96.28,96.28,36
1784811960,96.28,96.28,96.28,96.28,8076
1784812020,96.28,96.28,96.28,96.28,35
1784812080,96.28,96.28,96.28,96.28,2214
1784812200,96.28,96.28,96.28,96.28,1000
1784812320,96.28,96.28,96.28,96.28,20
1784812500,96.28,96.28,96.28,96.28,38
1784812560,96.28,96.28,96.28,96.28,5
1784812620,96.285,96.285,96.28,96.28,764
1784812740,96.28,96.28,96.28,96.28,15
1784812800,96.28,96.285,96.28,96.285,14
1784812860,96.28,96.285,96.28,96.285,211
1784813100,96.28,96.285,96.28,96.285,241
1784813760,96.285,96.285,96.285,96.285,100
1784814120,96.285,96.285,96.28,96.28,24
1784814240,96.285,96.285,96.285,96.285,50
1784814480,96.28,96.28,96.28,96.28,997
1784814660,96.28,96.28,96.28,96.28,59
1784814780,96.28,96.28,96.28,96.28,60
1784814840,96.28,96.28,96.28,96.28,3594
1784814900,96.28,96.28,96.28,96.28,1
1784814960,96.28,96.28,96.28,96.28,396
1784815020,96.28,96.28,96.28,96.28,1
1784815080,96.28,96.28,96.28,96.28,50
1784815140,96.275,96.275,96.275,96.275,145
1784815500,96.28,96.28,96.28,96.28,252
1784815560,96.28,96.28,96.28,96.28,3911
1784815740,96.275,96.28,96.275,96.275,176
1784815980,96.28,96.28,96.28,96.28,200
1784816220,96.28,96.28,96.28,96.28,275
1784816280,96.28,96.28,96.28,96.28,250
1784816580,96.28,96.28,96.28,96.28,700
1784816760,96.28,96.28,96.28,96.28,3
1784816820,96.28,96.28,96.28,96.28,200
1784817240,96.28,96.28,96.28,96.28,259
1784817300,96.275,96.275,96.275,96.275,92
1784817420,96.28,96.28,96.28,96.28,50
1784817480,96.28,96.28,96.28,96.28,300
1784817600,96.28,96.28,96.28,96.28,50
1784817780,96.28,96.28,96.28,96.28,500
1784818020,96.28,96.28,96.28,96.28,40
1784818080,96.28,96.28,96.28,96.28,865
1784818440,96.28,96.28,96.28,96.28,2
1784818500,96.28,96.28,96.28,96.28,492
1784818560,96.28,96.28,96.28,96.28,407
1784818680,96.28,96.28,96.28,96.28,19
1784819040,96.28,96.28,96.28,96.28,6257
1784819160,96.28,96.28,96.28,96.28,3594
1784819220,96.28,96.28,96.28,96.28,43
1784819280,96.28,96.28,96.28,96.28,92
1784819340,96.28,96.28,96.28,96.28,1965
1784819400,96.28,96.28,96.28,96.28,408
1784819460,96.28,96.28,96.28,96.28,1335
1784819520,96.28,96.28,96.28,96.28,34
1784819580,96.28,96.28,96.28,96.28,10
1784819640,96.28,96.28,96.28,96.28,77
1784819700,96.28,96.28,96.28,96.28,680
1784819760,96.28,96.28,96.28,96.28,60
1784819880,96.28,96.28,96.28,96.28,126
1784819940,96.28,96.28,96.28,96.28,302
1784820120,96.28,96.28,96.28,96.28,868
1784820180,96.28,96.28,96.28,96.28,120
1784820420,96.28,96.28,96.28,96.28,296
1784820480,96.28,96.28,96.28,96.28,861
1784820540,96.28,96.28,96.28,96.28,53
1784820600,96.28,96.28,96.28,96.28,1866
1784820660,96.28,96.28,96.28,96.28,311
1784820840,96.28,96.28,96.28,96.28,23
1784821020,96.28,96.28,96.28,96.28,451
1784821080,96.28,96.28,96.28,96.28,120
1784821140,96.28,96.28,96.28,96.28,17
1784821200,96.28,96.28,96.28,96.28,406
1784821320,96.28,96.28,96.28,96.28,5
1784821380,96.28,96.28,96.28,96.28,207
1784821500,96.28,96.28,96.28,96.28,2
1784821680,96.28,96.28,96.28,96.28,200
1784821740,96.28,96.28,96.28,96.28,250
1784821800,96.28,96.28,96.28,96.28,21
1784821860,96.275,96.28,96.275,96.28,35
1784822280,96.28,96.28,96.28,96.28,99
1784822340,96.28,96.28,96.28,96.28,75
1784822820,96.275,96.275,96.275,96.275,4
1784822940,96.28,96.28,96.28,96.28,100
1784823060,96.28,96.28,96.28,96.28,25
1784823180,96.275,96.275,96.275,96.275,14
1784823240,96.28,96.28,96.28,96.28,50
1784823480,96.275,96.275,96.275,96.275,14
1784823600,96.28,96.28,96.28,96.28,3
1784823660,96.28,96.28,96.28,96.28,6
1784823900,96.28,96.28,96.28,96.28,6
1784823960,96.28,96.28,96.275,96.275,123
1784824080,96.28,96.28,96.28,96.28,150
1784824260,96.28,96.28,96.28,96.28,49
1784824500,96.28,96.28,96.28,96.28,1
1784824680,96.28,96.28,96.28,96.28,1000
1784825100,96.275,96.275,96.275,96.275,51
1784825280,96.28,96.28,96.28,96.28,250
1784825400,96.28,96.285,96.28,96.28,6562
1784825520,96.28,96.28,96.28,96.28,250
1784826060,96.285,96.285,96.285,96.285,250
1784826240,96.285,96.285,96.285,96.285,22
1784826420,96.28,96.28,96.28,96.28,8013
1784826480,96.28,96.285,96.28,96.285,290
1784826540,96.28,96.28,96.28,96.28,1038
1784826600,96.28,96.28,96.28,96.28,60
1784826840,96.28,96.28,96.28,96.28,3
1784827440,96.28,96.28,96.28,96.28,2125
1784827500,96.28,96.28,96.28,96.28,300
1784827620,96.28,96.28,96.28,96.28,3
1784827680,96.28,96.28,96.28,96.28,1
1784828460,96.28,96.28,96.28,96.28,49
1784828580,96.28,96.28,96.28,96.28,1
1784828640,96.28,96.28,96.28,96.28,4
1784828820,96.28,96.28,96.28,96.28,1604
1784829120,96.28,96.28,96.28,96.28,113
1784829180,96.28,96.28,96.28,96.28,1138
1784829300,96.28,96.28,96.28,96.28,989
1784829360,96.28,96.28,96.28,96.28,238
1784829420,96.28,96.28,96.28,96.28,389
1784829540,96.28,96.28,96.28,96.28,13
1784829600,96.28,96.28,96.28,96.28,4997
1784829840,96.285,96.285,96.285,96.285,1
1784830080,96.285,96.285,96.28,96.28,89
1784830260,96.285,96.285,96.285,96.285,1
1784830620,96.285,96.285,96.285,96.285,240
1784830800,96.285,96.285,96.285,96.285,300
1784831400,96.285,96.285,96.285,96.285,30
1784831460,96.285,96.285,96.285,96.285,300
1784831580,96.285,96.285,96.285,96.285,81
1784831640,96.285,96.285,96.285,96.285,3
1784831760,96.285,96.285,96.285,96.285,15
1784831820,96.285,96.285,96.285,96.285,34
1784831940,96.285,96.285,96.285,96.285,30
1784832300,96.285,96.285,96.285,96.285,141
1784832540,96.285,96.285,96.285,96.285,100
1784833140,96.285,96.285,96.285,96.285,5
1784833320,96.285,96.285,96.285,96.285,100
1784833380,96.28,96.28,96.28,96.28,400
1784834460,96.285,96.285,96.285,96.285,12
1784834820,96.28,96.28,96.28,96.28,1
1784834940,96.28,96.28,96.28,96.28,1
1784835000,96.28,96.285,96.28,96.285,1001
1784835240,96.285,96.285,96.285,96.285,3
1784835360,96.285,96.285,96.285,96.285,391
1784835480,96.285,96.285,96.285,96.285,300
1784835540,96.285,96.285,96.285,96.285,153
1784835720,96.285,96.285,96.28,96.285,912
1784835780,96.285,96.285,96.285,96.285,50
1784835840,96.285,96.285,96.285,96.285,43
1784835960,96.285,96.285,96.285,96.285,2
1784836080,96.28,96.285,96.28,96.285,350
1784836260,96.285,96.285,96.285,96.285,250
1784836500,96.285,96.285,96.285,96.285,600
1784836620,96.285,96.285,96.285,96.285,512
1784836680,96.285,96.285,96.285,96.285,16
1784836800,96.285,96.285,96.285,96.285,4
1784836860,96.28,96.28,96.28,96.28,1
1784836920,96.285,96.285,96.285,96.285,15
1784837160,96.285,96.285,96.285,96.285,301
1784837400,96.285,96.285,96.285,96.285,7
1784837460,96.28,96.28,96.28,96.28,50
1784837520,96.285,96.285,96.285,96.285,10
1784837580,96.285,96.285,96.285,96.285,25
1784837640,96.28,96.285,96.28,96.285,54
1784837760,96.285,96.285,96.285,96.285,3
1784837880,96.28,96.28,96.28,96.28,13
1784837940,96.285,96.285,96.285,96.285,6
1784838240,96.285,96.285,96.285,96.285,50
1784838300,96.285,96.285,96.285,96.285,15
1784838420,96.285,96.285,96.285,96.285,1783
1784838540,96.285,96.29,96.285,96.285,4521
1784838600,96.285,96.285,96.285,96.285,119
1784838900,96.285,96.285,96.285,96.285,212
1784839020,96.285,96.285,96.285,96.285,126
1784839380,96.285,96.285,96.285,96.285,100
1784839620,96.285,96.285,96.285,96.285,28
1784839800,96.29,96.29,96.29,96.29,75
1784839860,96.285,96.285,96.285,96.285,10
1784839980,96.285,96.285,96.285,96.285,50
1784840160,96.285,96.285,96.285,96.285,3
1784840280,96.285,96.29,96.285,96.29,52
1784840340,96.29,96.29,96.285,96.285,1013
1784844000,96.285,96.285,96.285,96.285,1
1784844540,96.285,96.285,96.285,96.285,8
1784846040,96.285,96.285,96.285,96.285,1404
1784849340,96.285,96.285,96.285,96.285,11
1784853600,96.285,96.285,96.285,96.285,540
1784854140,96.285,96.285,96.285,96.285,6
1784854800,96.285,96.285,96.285,96.285,4
1784855160,96.285,96.29,96.285,96.29,709
1784855220,96.285,96.285,96.285,96.285,18
1784856000,96.285,96.285,96.285,96.285,7
1784857200,96.285,96.285,96.285,96.285,100
1784858460,96.28,96.28,96.28,96.28,1
1784858580,96.285,96.285,96.285,96.285,18
1784858640,96.28,96.28,96.28,96.28,1
1784858700,96.28,96.28,96.28,96.28,1
1784859600,96.28,96.28,96.28,96.28,3
1784859960,96.28,96.28,96.28,96.28,19
1784862960,96.285,96.285,96.285,96.285,2576
1784863080,96.285,96.285,96.285,96.285,360
1784863140,96.285,96.285,96.285,96.285,100
1784863380,96.285,96.285,96.285,96.285,104
1784863920,96.285,96.285,96.285,96.285,525
1784863980,96.285,96.285,96.285,96.285,1
1784864040,96.285,96.285,96.285,96.285,211
1784864220,96.285,96.285,96.285,96.285,22
1784865720,96.285,96.285,96.285,96.285,1
1784866860,96.285,96.285,96.285,96.285,10
1784868480,96.29,96.29,96.29,96.29,15
1784868720,96.285,96.285,96.285,96.285,400
1784869680,96.285,96.285,96.285,96.285,225
1784869920,96.285,96.285,96.285,96.285,85
1784870820,96.285,96.285,96.285,96.285,3
1784871180,96.285,96.285,96.285,96.285,305
1784871240,96.285,96.285,96.285,96.285,305
1784871660,96.285,96.285,96.285,96.285,6
1784871780,96.29,96.29,96.29,96.29,1002
1784872140,96.29,96.29,96.29,96.29,18
1784873940,96.29,96.29,96.29,96.29,29
1784874060,96.29,96.29,96.29,96.29,400
1784874300,96.29,96.29,96.29,96.29,1298
1784874600,96.29,96.29,96.29,96.29,50
1784874660,96.29,96.29,96.29,96.29,100
1784874780,96.29,96.29,96.29,96.29,250
1784875200,96.29,96.29,96.29,96.29,2
1784876580,96.29,96.29,96.29,96.29,25
1784876700,96.29,96.29,96.29,96.29,100
1784876820,96.29,96.29,96.29,96.29,189
1784877180,96.29,96.29,96.29,96.29,250
1784877240,96.29,96.29,96.29,96.29,751
1784877420,96.29,96.29,96.29,96.29,1
1784877540,96.29,96.29,96.29,96.29,1362
1784877600,96.29,96.295,96.29,96.295,3139
1784877720,96.295,96.295,96.295,96.295,1200
1784877780,96.295,96.295,96.295,96.295,160
1784877840,96.295,96.295,96.295,96.295,531
1784877900,96.295,96.295,96.295,96.295,100
1784877960,96.295,96.3,96.295,96.295,731
1784878020,96.3,96.3,96.3,96.3,50
1784878080,96.3,96.3,96.3,96.3,300
1784878140,96.3,96.3,96.3,96.3,120
1784878200,96.3,96.3,96.3,96.3,135
1784878260,96.3,96.3,96.3,96.3,804
1784878320,96.3,96.3,96.3,96.3,294
1784878560,96.3,96.3,96.3,96.3,150
1784878680,96.3,96.3,96.3,96.3,8
1784878800,96.295,96.295,96.295,96.295,3
1784878860,96.295,96.295,96.295,96.295,100
1784878980,96.295,96.295,96.295,96.295,2200
1784879100,96.295,96.295,96.295,96.295,3
1784879160,96.295,96.295,96.295,96.295,1
1784879340,96.295,96.295,96.295,96.295,560
1784879400,96.295,96.295,96.295,96.295,640
1784879520,96.295,96.295,96.295,96.295,100
1784879580,96.295,96.295,96.295,96.295,300
1784879700,96.295,96.295,96.295,96.295,1
1784879760,96.295,96.295,96.295,96.295,2950
1784880240,96.295,96.295,96.295,96.295,250
1784881200,96.295,96.295,96.295,96.295,400
1784881260,96.295,96.295,96.295,96.295,6
1784881320,96.295,96.295,96.295,96.295,73
1784881560,96.295,96.295,96.295,96.295,50
1784882220,96.3,96.3,96.3,96.3,3
1784882280,96.3,96.3,96.3,96.3,100
1784883180,96.3,96.3,96.3,96.3,500
1784883600,96.3,96.3,96.3,96.3,51
1784883660,96.3,96.3,96.3,96.3,1
1784883720,96.3,96.3,96.3,96.3,1
1784883780,96.3,96.3,96.3,96.3,1464
1784883840,96.3,96.3,96.3,96.3,501
1784883900,96.3,96.3,96.3,96.3,255
1784883960,96.3,96.3,96.3,96.3,330
1784884020,96.3,96.3,96.3,96.3,100
1784884080,96.3,96.3,96.3,96.3,1
1784884500,96.3,96.3,96.3,96.3,1
1784884620,96.3,96.3,96.3,96.3,200
1784885280,96.3,96.3,96.3,96.3,1
1784885460,96.3,96.3,96.3,96.3,101
1784886420,96.3,96.3,96.3,96.3,500
1784887320,96.3,96.3,96.3,96.3,258
1784887440,96.3,96.3,96.3,96.3,1
1784888100,96.3,96.3,96.3,96.3,9749
1784888160,96.3,96.3,96.3,96.3,1558
1784888220,96.3,96.3,96.3,96.3,150
1784888280,96.3,96.3,96.3,96.3,537
1784888340,96.3,96.3,96.3,96.3,120
1784888460,96.3,96.3,96.3,96.3,653
1784888520,96.3,96.3,96.3,96.3,10
1784888640,96.3,96.3,96.3,96.3,967
1784889300,96.3,96.3,96.3,96.3,200
1784889540,96.295,96.295,96.295,96.295,3
1784889960,96.295,96.295,96.295,96.295,20
1784890020,96.295,96.295,96.295,96.295,88
1784890080,96.295,96.295,96.29,96.29,3333
1784890140,96.29,96.29,96.29,96.29,3554
1784890200,96.29,96.29,96.29,96.29,250
1784890260,96.29,96.29,96.29,96.29,500
1784891040,96.29,96.29,96.29,96.29,32
1784891100,96.29,96.29,96.29,96.29,60
1784892180,96.29,96.29,96.29,96.29,8086
1784892240,96.29,96.29,96.29,96.29,397
1784892300,96.29,96.29,96.29,96.29,1080
1784892420,96.29,96.29,96.29,96.29,30
1784892660,96.29,96.29,96.29,96.29,99
1784892720,96.29,96.29,96.29,96.29,1375
1784892780,96.29,96.29,96.29,96.29,172
1784892840,96.285,96.285,96.285,96.285,1
1784892900,96.29,96.29,96.29,96.29,20
1784892960,96.29,96.29,96.29,96.29,600
1784893020,96.29,96.29,96.29,96.29,1829
1784893080,96.29,96.29,96.29,96.29,189
1784893140,96.29,96.29,96.29,96.29,1
1784893320,96.29,96.29,96.29,96.29,631
1784893440,96.29,96.29,96.29,96.29,16
1784893620,96.29,96.29,96.29,96.29,100
1784893680,96.29,96.29,96.29,96.29,7
1784893740,96.29,96.29,96.29,96.29,423
1784893800,96.29,96.29,96.29,96.29,763
1784894280,96.285,96.29,96.285,96.29,6136
1784894340,96.29,96.29,96.29,96.29,3596
1784894400,96.285,96.285,96.285,96.285,1
1784894460,96.29,96.29,96.29,96.29,3
1784894580,96.29,96.29,96.29,96.29,13
1784894640,96.29,96.29,96.29,96.29,4
1784894700,96.29,96.29,96.285,96.285,8049
1784894760,96.285,96.285,96.285,96.285,1340
1784894820,96.285,96.285,96.285,96.285,373
1784894880,96.285,96.285,96.285,96.285,120
1784894940,96.285,96.285,96.285,96.285,775
1784895000,96.285,96.285,96.285,96.285,32
1784895060,96.285,96.285,96.285,96.285,1655
1784895120,96.29,96.29,96.29,96.29,34
1784895180,96.285,96.29,96.285,96.29,3259
1784895240,96.285,96.285,96.285,96.285,2200
1784895300,96.285,96.29,96.285,96.29,11588
1784895360,96.29,96.295,96.29,96.295,1204
1784895420,96.295,96.295,96.29,96.29,3164
1784895480,96.285,96.285,96.285,96.285,200
1784895540,96.285,96.285,96.285,96.285,1400
1784895600,96.285,96.29,96.285,96.285,1311
1784895660,96.285,96.29,96.285,96.29,352
1784895720,96.29,96.29,96.29,96.29,4
1784895780,96.29,96.29,96.29,96.29,4
1784895900,96.285,96.285,96.285,96.285,3737
1784895960,96.285,96.285,96.285,96.285,299
1784896020,96.285,96.285,96.285,96.285,1487
1784896080,96.285,96.285,96.285,96.285,1121
1784896140,96.285,96.285,96.285,96.285,1301
1784896260,96.29,96.29,96.29,96.29,1
1784896560,96.29,96.29,96.29,96.29,2
1784896620,96.285,96.285,96.285,96.285,30
1784896680,96.285,96.285,96.285,96.285,25
1784896980,96.285,96.285,96.285,96.285,25
1784897040,96.29,96.29,96.29,96.29,4
1784897220,96.285,96.285,96.285,96.285,3
1784897340,96.29,96.29,96.29,96.29,2
1784897460,96.285,96.285,96.285,96.285,125
1784897640,96.285,96.285,96.285,96.285,2
1784897940,96.29,96.29,96.29,96.29,5081
1784898000,96.29,96.29,96.29,96.29,5221
1784898060,96.29,96.29,96.29,96.29,857
1784898120,96.29,96.29,96.29,96.29,120
1784898240,96.29,96.29,96.29,96.29,3
1784898300,96.29,96.29,96.29,96.29,409
1784898420,96.29,96.29,96.29,96.29,900
1784898480,96.29,96.29,96.29,96.29,479
1784898600,96.29,96.29,96.29,96.29,1225
1784898660,96.29,96.29,96.29,96.29,500
1784898720,96.29,96.29,96.29,96.29,3
1784898780,96.29,96.29,96.29,96.29,4
1784899440,96.285,96.285,96.285,96.285,24
1784899500,96.29,96.29,96.29,96.29,245
1784900040,96.29,96.29,96.29,96.29,43
1784900100,96.285,96.285,96.285,96.285,1
1784900160,96.29,96.29,96.29,96.29,500
1784900400,96.29,96.29,96.29,96.29,13
1784900520,96.29,96.29,96.29,96.29,3
1784900580,96.29,96.29,96.29,96.29,96
1784900640,96.29,96.29,96.29,96.29,4
1784900700,96.285,96.285,96.285,96.285,3619
1784900760,96.285,96.285,96.285,96.285,503
1784900820,96.285,96.285,96.285,96.285,5
1784900880,96.285,96.285,96.285,96.285,750
1784900940,96.285,96.285,96.285,96.285,300
1784901000,96.285,96.285,96.285,96.285,1224
1784901060,96.285,96.285,96.28,96.285,432
1784901120,96.285,96.29,96.285,96.29,226
1784901540,96.29,96.29,96.29,96.29,77
1784901780,96.29,96.29,96.29,96.29,100
1784902020,96.29,96.29,96.29,96.29,100
1784902080,96.29,96.29,96.29,96.29,300
1784902140,96.29,96.29,96.29,96.29,4
1784902440,96.285,96.285,96.285,96.285,1
1784902560,96.29,96.29,96.29,96.29,602
1784902980,96.29,96.29,96.29,96.29,400
1784903040,96.285,96.285,96.285,96.285,1
1784903100,96.29,96.29,96.29,96.29,600
1784903160,96.285,96.285,96.285,96.285,3
1784903220,96.285,96.29,96.285,96.29,2
1784903280,96.285,96.285,96.285,96.285,1
1784903340,96.285,96.285,96.285,96.285,3
1784903460,96.285,96.285,96.285,96.285,136
1784903820,96.29,96.29,96.29,96.29,7
1784903880,96.285,96.285,96.285,96.285,7
1784903940,96.29,96.29,96.285,96.285,51
1784904000,96.29,96.29,96.29,96.29,500
1784904240,96.285,96.285,96.285,96.285,410
1784904540,96.285,96.285,96.285,96.285,36
1784904720,96.285,96.285,96.285,96.285,56
1784904780,96.285,96.285,96.285,96.285,3
1784904840,96.285,96.285,96.285,96.285,6031
1784904900,96.285,96.285,96.285,96.285,351
1784904960,96.285,96.285,96.285,96.285,169
1784905020,96.285,96.285,96.285,96.285,1280
1784905080,96.285,96.285,96.285,96.285,150
1784905140,96.285,96.285,96.285,96.285,2
1784905200,96.285,96.285,96.285,96.285,200
1784905380,96.28,96.285,96.28,96.285,157
1784905500,96.285,96.285,96.285,96.285,200
1784905620,96.285,96.285,96.285,96.285,170
1784905680,96.285,96.285,96.285,96.285,370
1784905740,96.285,96.285,96.285,96.285,1250
1784905800,96.285,96.285,96.285,96.285,500
1784905860,96.29,96.29,96.29,96.29,90
1784905920,96.285,96.285,96.285,96.285,4480
1784906040,96.285,96.285,96.285,96.285,1649
1784906100,96.285,96.285,96.285,96.285,93
1784906160,96.29,96.29,96.29,96.29,10910
1784906220,96.29,96.29,96.29,96.29,6347
1784906280,96.29,96.29,96.29,96.29,89
1784906340,96.29,96.29,96.29,96.29,4069
1784906400,96.29,96.29,96.29,96.29,1196
1784906460,96.295,96.295,96.295,96.295,50
1784906520,96.295,96.295,96.295,96.295,24
1784906760,96.29,96.295,96.29,96.295,3
1784906820,96.29,96.29,96.29,96.29,17
1784906880,96.29,96.29,96.29,96.29,2
1784906940,96.29,96.29,96.29,96.29,1000
1784907000,96.295,96.295,96.29,96.29,51
1784907060,96.29,96.29,96.29,96.29,100
1784907120,96.29,96.29,96.29,96.29,16
1784907240,96.29,96.29,96.29,96.29,4
1784907360,96.295,96.295,96.295,96.295,500
1784907420,96.295,96.295,96.295,96.295,100
1784907540,96.295,96.295,96.295,96.295,90
1784907600,96.295,96.295,96.295,96.295,43
1784907960,96.295,96.295,96.295,96.295,50
1784908140,96.29,96.29,96.29,96.29,98
1784908380,96.295,96.295,96.295,96.295,50
1784908560,96.295,96.295,96.295,96.295,490
1784908800,96.29,96.29,96.29,96.29,100
1784908980,96.29,96.29,96.29,96.29,100
1784909040,96.29,96.29,96.285,96.29,4537
1784909100,96.29,96.29,96.29,96.29,224
1784909160,96.29,96.29,96.29,96.29,123
1784909220,96.29,96.29,96.29,96.29,778
1784909280,96.29,96.29,96.29,96.29,251
1784909340,96.29,96.29,96.29,96.29,43
1784909400,96.29,96.29,96.29,96.29,12
1784909760,96.29,96.29,96.29,96.29,200
1784909820,96.29,96.29,96.29,96.29,1220
1784909880,96.29,96.29,96.29,96.29,725
1784909940,96.29,96.29,96.29,96.29,2
1784910060,96.29,96.29,96.29,96.29,555
1784910120,96.29,96.29,96.29,96.29,43
1784910240,96.29,96.29,96.29,96.29,600
1784910420,96.29,96.29,96.29,96.29,304
1784910480,96.29,96.29,96.29,96.29,10
1784910600,96.29,96.29,96.29,96.29,1
1784910660,96.29,96.29,96.29,96.29,5
1784911380,96.29,96.29,96.29,96.29,1
1784911860,96.29,96.29,96.29,96.29,35
1784912160,96.285,96.285,96.285,96.285,100
1784912640,96.29,96.29,96.285,96.285,255
1784912700,96.285,96.285,96.285,96.285,1
1784912880,96.285,96.285,96.285,96.285,181
1784913000,96.285,96.285,96.28,96.28,6849
1784913060,96.285,96.285,96.285,96.285,720
1784913360,96.285,96.285,96.285,96.285,50
1784913540,96.28,96.28,96.28,96.28,101
1784913600,96.28,96.28,96.28,96.28,52
1784913660,96.28,96.28,96.28,96.28,512
1784914140,96.285,96.285,96.285,96.285,9531
1784914260,96.285,96.285,96.285,96.285,1568
1784914380,96.285,96.285,96.285,96.285,2042
1784914440,96.285,96.285,96.285,96.285,252
1784914500,96.28,96.28,96.275,96.275,26801
1784914740,96.28,96.28,96.28,96.28,50
1784914800,96.275,96.275,96.275,96.275,200
1784915100,96.28,96.28,96.28,96.28,100
1784915160,96.28,96.28,96.28,96.28,200
1784915220,96.28,96.28,96.28,96.28,259
1784915280,96.28,96.285,96.28,96.28,6333
1784915340,96.28,96.28,96.28,96.28,170
1784915460,96.28,96.28,96.28,96.28,31
1784915520,96.28,96.28,96.28,96.28,75
1784915580,96.28,96.28,96.28,96.28,5
1784915640,96.28,96.28,96.28,96.28,240
1784915700,96.28,96.28,96.28,96.28,50
1784915760,96.28,96.28,96.28,96.28,28
1784915940,96.28,96.28,96.28,96.28,22
1784916000,96.28,96.28,96.28,96.28,7
1784916240,96.28,96.28,96.28,96.28,338
1784916300,96.28,96.28,96.28,96.28,72
1784916360,96.28,96.28,96.28,96.28,564
1784916420,96.28,96.28,96.28,96.28,75
1784916480,96.28,96.28,96.28,96.28,129
1784916540,96.28,96.28,96.28,96.28,1350
1784916600,96.28,96.28,96.28,96.28,493
1784916720,96.28,96.28,96.28,96.28,955
1784916780,96.28,96.28,96.28,96.28,1
1784916900,96.28,96.28,96.28,96.28,30
1784916960,96.28,96.28,96.28,96.28,5
1784917020,96.28,96.28,96.28,96.28,50
1784917080,96.28,96.28,96.28,96.28,65
1784917620,96.28,96.28,96.28,96.28,20
1784917800,96.28,96.28,96.28,96.28,2
1784918160,96.275,96.275,96.275,96.275,50
1784918880,96.28,96.28,96.28,96.28,150
1784919240,96.275,96.275,96.275,96.275,1
1784919300,96.28,96.28,96.28,96.28,1
1784919540,96.275,96.28,96.275,96.275,18
1784919660,96.28,96.28,96.28,96.28,2
1784919960,96.28,96.28,96.28,96.28,2000
1784920620,96.275,96.275,96.275,96.275,14
1784921340,96.275,96.275,96.275,96.275,23
1784921700,96.28,96.28,96.28,96.28,200
1784921760,96.28,96.28,96.28,96.28,150
1784921820,96.28,96.28,96.28,96.28,10
1784922000,96.275,96.275,96.275,96.275,2
1784922060,96.28,96.28,96.275,96.275,661
1784922240,96.28,96.28,96.28,96.28,5
1784922360,96.28,96.28,96.28,96.28,20
1784922420,96.28,96.28,96.28,96.28,2
1784922960,96.28,96.28,96.28,96.28,35
1784923020,96.28,96.28,96.28,96.28,10
1784923080,96.28,96.28,96.28,96.28,35
1784923200,96.28,96.28,96.28,96.28,5
1784923260,96.275,96.275,96.275,96.275,3
1784923740,96.275,96.275,96.275,96.275,128
1784924940,96.28,96.28,96.28,96.28,1
1784925000,96.275,96.275,96.275,96.275,99
1784925120,96.275,96.275,96.275,96.275,5
1784925240,96.275,96.275,96.275,96.275,1
1784925300,96.28,96.28,96.28,96.28,5
1784925900,96.275,96.275,96.275,96.275,8
1784925960,96.275,96.275,96.275,96.275,806
1784926020,96.28,96.28,96.28,96.28,50
1784926260,96.275,96.275,96.275,96.275,351
1784926380,96.275,96.275,96.275,96.275,26
1784926440,96.275,96.275,96.275,96.275,95
1784926500,96.275,96.275,96.275,96.275,448
1784926560,96.275,96.275,96.275,96.275,6
1784926620,96.275,96.275,96.275,96.275,297
1784926680,96.275,96.28,96.275,96.28,239
1784926740,96.275,96.28,96.275,96.275,1080
1785103200,96.295,96.3,96.29,96.29,7242
1785103260,96.295,96.295,96.295,96.295,657
1785103320,96.295,96.295,96.295,96.295,1175
1785103380,96.295,96.295,96.295,96.295,98
1785103440,96.295,96.295,96.29,96.295,1124
1785103500,96.295,96.295,96.295,96.295,219
1785103560,96.29,96.29,96.29,96.29,8426
1785103620,96.29,96.29,96.285,96.29,6382
1785103680,96.29,96.29,96.29,96.29,73
1785103740,96.29,96.29,96.285,96.285,526
1785103800,96.29,96.29,96.285,96.29,218
1785103860,96.285,96.285,96.285,96.285,5
1785103920,96.285,96.285,96.285,96.285,125
1785103980,96.285,96.285,96.285,96.285,2966
1785104040,96.285,96.285,96.285,96.285,1409
1785104100,96.285,96.285,96.285,96.285,130
1785104160,96.285,96.285,96.285,96.285,5
1785104220,96.29,96.29,96.29,96.29,200
1785104280,96.285,96.285,96.285,96.285,6
1785104340,96.285,96.285,96.285,96.285,5
1785104400,96.285,96.285,96.285,96.285,6
1785104460,96.285,96.285,96.285,96.285,131
1785104520,96.285,96.285,96.285,96.285,5
1785104580,96.285,96.29,96.285,96.29,1006
1785104640,96.285,96.285,96.285,96.285,3
1785104700,96.285,96.285,96.285,96.285,6
1785104760,96.285,96.285,96.285,96.285,5
1785104820,96.285,96.285,96.285,96.285,6
1785104880,96.285,96.285,96.285,96.285,6
1785104940,96.285,96.285,96.285,96.285,5
1785105000,96.285,96.285,96.285,96.285,6
1785105060,96.285,96.285,96.285,96.285,5
1785105120,96.285,96.285,96.285,96.285,6
1785105180,96.285,96.285,96.285,96.285,6
1785105240,96.285,96.285,96.285,96.285,5
1785105300,96.285,96.285,96.285,96.285,6
1785105360,96.285,96.285,96.285,96.285,5
1785105420,96.285,96.285,96.285,96.285,6
1785105480,96.285,96.285,96.285,96.285,6
1785105540,96.285,96.285,96.285,96.285,5
1785105600,96.285,96.285,96.285,96.285,6
1785105660,96.285,96.285,96.285,96.285,1257
1785105720,96.285,96.285,96.285,96.285,6
1785105780,96.285,96.285,96.285,96.285,5
1785105840,96.285,96.285,96.285,96.285,6
1785105900,96.285,96.29,96.285,96.29,206
1785105960,96.285,96.285,96.285,96.285,5
1785106020,96.285,96.285,96.285,96.285,6
1785106080,96.285,96.285,96.285,96.285,5
1785106140,96.285,96.285,96.285,96.285,6
1785106200,96.285,96.285,96.285,96.285,6
1785106260,96.285,96.285,96.285,96.285,5
1785106320,96.285,96.285,96.285,96.285,6
1785106380,96.29,96.29,96.285,96.285,6
1785106440,96.285,96.29,96.285,96.29,206
1785106500,96.285,96.285,96.285,96.285,5
1785106560,96.29,96.29,96.285,96.285,106
1785106620,96.285,96.285,96.285,96.285,6
1785106680,96.285,96.285,96.285,96.285,5
1785106740,96.285,96.285,96.285,96.285,6
1785106800,96.285,96.285,96.285,96.285,5
1785106860,96.285,96.285,96.285,96.285,6
1785106920,96.285,96.285,96.285,96.285,6
1785106980,96.285,96.285,96.285,96.285,5
1785107040,96.285,96.285,96.285,96.285,6
1785107100,96.285,96.285,96.285,96.285,5
1785107160,96.285,96.285,96.285,96.285,6
1785107220,96.285,96.285,96.285,96.285,6
1785107280,96.285,96.285,96.285,96.285,5
1785107340,96.285,96.285,96.285,96.285,6
1785107400,96.285,96.285,96.285,96.285,5
1785107460,96.285,96.285,96.285,96.285,56
1785107520,96.285,96.285,96.285,96.285,5
1785107580,96.285,96.285,96.285,96.285,6
1785107640,96.285,96.285,96.285,96.285,6
1785107700,96.285,96.285,96.285,96.285,5
1785107760,96.285,96.285,96.285,96.285,6
1785107820,96.285,96.285,96.285,96.285,5
1785107880,96.285,96.285,96.285,96.285,6
1785107940,96.285,96.285,96.285,96.285,6
1785108000,96.285,96.285,96.285,96.285,5
1785108060,96.285,96.285,96.285,96.285,7
1785108120,96.285,96.285,96.285,96.285,5
1785108180,96.285,96.285,96.285,96.285,6
1785108240,96.285,96.285,96.285,96.285,6
1785108300,96.285,96.285,96.285,96.285,6
1785108360,96.285,96.285,96.285,96.285,6
1785108420,96.285,96.29,96.285,96.29,11
1785108480,96.285,96.285,96.285,96.285,6
1785108540,96.285,96.285,96.285,96.285,5
1785108600,96.285,96.285,96.285,96.285,6
1785108660,96.285,96.285,96.285,96.285,6
1785108720,96.285,96.285,96.285,96.285,5
1785108780,96.285,96.285,96.285,96.285,6
1785108840,96.285,96.285,96.285,96.285,5
1785108900,96.285,96.285,96.285,96.285,6
1785108960,96.285,96.285,96.285,96.285,6
1785109020,96.285,96.285,96.285,96.285,5
1785109080,96.285,96.285,96.285,96.285,6
1785109140,96.285,96.285,96.285,96.285,5
1785109200,96.285,96.285,96.285,96.285,6
1785109260,96.29,96.29,96.285,96.285,10
1785109320,96.285,96.285,96.285,96.285,6
1785109380,96.285,96.285,96.285,96.285,6
1785109440,96.285,96.285,96.285,96.285,5
1785109500,96.285,96.285,96.285,96.285,6
1785109560,96.285,96.29,96.285,96.29,8
1785109620,96.285,96.285,96.285,96.285,6
1785109680,96.29,96.29,96.285,96.285,10
1785109740,96.285,96.285,96.285,96.285,5
1785109800,96.285,96.285,96.285,96.285,6
1785109860,96.285,96.285,96.285,96.285,5
1785109920,96.285,96.285,96.285,96.285,6
1785109980,96.285,96.285,96.285,96.285,6
1785110040,96.285,96.285,96.285,96.285,5
1785110100,96.285,96.285,96.285,96.285,6
1785110160,96.285,96.285,96.285,96.285,5
1785110220,96.285,96.285,96.285,96.285,6
1785110280,96.285,96.285,96.285,96.285,5
1785110340,96.285,96.29,96.285,96.29,16
1785110400,96.285,96.285,96.285,96.285,6
1785110460,96.29,96.29,96.285,96.285,10
1785110520,96.285,96.285,96.285,96.285,6
1785110580,96.285,96.285,96.285,96.285,5
1785110640,96.285,96.285,96.285,96.285,6
1785110700,96.285,96.285,96.285,96.285,6
1785110760,96.285,96.29,96.285,96.29,10
1785110820,96.285,96.285,96.285,96.285,6
1785110880,96.285,96.285,96.285,96.285,5
1785110940,96.285,96.285,96.285,96.285,6
1785111000,96.285,96.285,96.285,96.285,5
1785111060,96.29,96.29,96.285,96.285,56
1785111120,96.285,96.285,96.285,96.285,6
1785111180,96.285,96.285,96.285,96.285,5
1785111240,96.285,96.285,96.285,96.285,6
1785111300,96.285,96.285,96.285,96.285,5
1785111360,96.285,96.29,96.285,96.29,506
1785111420,96.285,96.285,96.285,96.285,4
1785111480,96.285,96.285,96.285,96.285,5
1785111540,96.285,96.285,96.285,96.285,6
1785111600,96.285,96.29,96.285,96.29,7
1785111660,96.29,96.29,96.285,96.29,8
1785111720,96.285,96.285,96.285,96.285,6
1785111780,96.285,96.285,96.285,96.285,5
1785111840,96.29,96.29,96.285,96.285,16
1785111900,96.285,96.285,96.285,96.285,5
1785111960,96.285,96.285,96.285,96.285,6
1785112020,96.285,96.285,96.285,96.285,5
1785112080,96.285,96.29,96.285,96.29,33
1785112140,96.285,96.29,96.285,96.29,64
1785112200,96.285,96.285,96.285,96.285,5
1785112260,96.285,96.285,96.285,96.285,6
1785112320,96.285,96.285,96.285,96.285,5
1785112380,96.285,96.285,96.285,96.285,6
1785112440,96.285,96.285,96.285,96.285,6
1785112500,96.285,96.285,96.285,96.285,5
1785112560,96.285,96.285,96.285,96.285,6
1785112620,96.285,96.285,96.285,96.285,5
1785112680,96.285,96.285,96.285,96.285,6
1785112740,96.285,96.285,96.285,96.285,5
1785112800,96.285,96.285,96.285,96.285,6
1785112860,96.285,96.285,96.285,96.285,6
1785112920,96.285,96.285,96.285,96.285,5
1785112980,96.285,96.285,96.285,96.285,6
1785113040,96.285,96.285,96.285,96.285,5
1785113100,96.285,96.285,96.285,96.285,6
1785113160,96.285,96.285,96.285,96.285,386
1785113220,96.285,96.285,96.285,96.285,368
1785113280,96.285,96.285,96.285,96.285,6
1785113340,96.285,96.285,96.285,96.285,5
1785113400,96.285,96.285,96.285,96.285,6
1785113460,96.285,96.285,96.285,96.285,6
1785113520,96.285,96.285,96.285,96.285,5
1785113580,96.285,96.285,96.285,96.285,206
1785113640,96.285,96.285,96.285,96.285,205
1785113700,96.285,96.285,96.285,96.285,6
1785113760,96.285,96.285,96.285,96.285,5
1785113820,96.285,96.285,96.285,96.285,206
1785113880,96.285,96.285,96.285,96.285,106
1785113940,96.285,96.285,96.285,96.285,5
1785114000,96.285,96.285,96.285,96.285,6
1785114060,96.285,96.285,96.285,96.285,105
1785114120,96.285,96.285,96.285,96.285,6
1785114180,96.285,96.285,96.285,96.285,6
1785114240,96.285,96.285,96.285,96.285,5
1785114300,96.285,96.285,96.285,96.285,6
1785114360,96.285,96.285,96.285,96.285,5
1785114420,96.285,96.285,96.285,96.285,6
1785114480,96.285,96.285,96.285,96.285,5
1785114900,96.285,96.285,96.285,96.285,55
1785115200,96.285,96.285,96.285,96.285,100
1785115800,96.285,96.285,96.285,96.285,26
1785117660,96.285,96.285,96.285,96.285,26
1785117840,96.29,96.29,96.29,96.29,2
1785118260,96.29,96.29,96.29,96.29,50
1785118980,96.29,96.29,96.29,96.29,170
1785119460,96.285,96.285,96.285,96.285,26
1785121260,96.285,96.285,96.285,96.285,26
1785123060,96.285,96.285,96.285,96.285,26
1785124860,96.285,96.285,96.285,96.285,26
1785126000,96.29,96.29,96.29,96.29,1
1785126240,96.29,96.29,96.29,96.29,365
1785126900,96.29,96.29,96.285,96.29,235
1785127020,96.29,96.29,96.29,96.29,3
1785127320,96.29,96.29,96.285,96.285,132
1785127380,96.29,96.29,96.29,96.29,66
1785127500,96.29,96.29,96.29,96.29,14
1785127800,96.29,96.29,96.285,96.285,110
1785128040,96.29,96.29,96.29,96.29,16
1785128160,96.29,96.29,96.285,96.285,275
1785128220,96.29,96.29,96.285,96.285,353
1785128820,96.29,96.29,96.29,96.29,7928
1785129540,96.29,96.29,96.29,96.29,1000
1785129720,96.29,96.29,96.29,96.29,25
1785129780,96.29,96.29,96.29,96.29,25
1785130620,96.29,96.29,96.29,96.29,26
1785131220,96.295,96.295,96.295,96.295,5
1785131880,96.29,96.29,96.29,96.29,75
1785132480,96.29,96.29,96.29,96.29,26
1785133200,96.29,96.29,96.29,96.29,1250
1785133620,96.295,96.295,96.29,96.295,5355
1785133680,96.295,96.295,96.295,96.295,50
1785133920,96.295,96.295,96.295,96.295,159
1785134160,96.295,96.295,96.295,96.295,36
1785134340,96.295,96.3,96.295,96.295,3053
1785134400,96.295,96.295,96.295,96.295,186
1785134460,96.295,96.295,96.295,96.295,20
1785134580,96.295,96.295,96.295,96.295,2
1785134640,96.295,96.295,96.295,96.295,60
1785134760,96.295,96.295,96.295,96.295,3
1785134880,96.295,96.295,96.295,96.295,906
1785135060,96.295,96.295,96.295,96.295,35
1785135480,96.295,96.295,96.295,96.295,3613
1785135540,96.295,96.295,96.295,96.295,174
1785135600,96.295,96.295,96.295,96.295,1
1785135660,96.295,96.295,96.295,96.295,1135
1785135780,96.295,96.295,96.295,96.295,500
1785135900,96.295,96.295,96.295,96.295,150
1785136260,96.3,96.3,96.3,96.3,104
1785136440,96.295,96.295,96.295,96.295,7760
1785136500,96.295,96.295,96.295,96.295,214
1785136560,96.295,96.295,96.295,96.295,1030
1785136620,96.295,96.295,96.295,96.295,145
1785136680,96.295,96.295,96.295,96.295,750
1785136740,96.295,96.295,96.295,96.295,200
1785136800,96.295,96.295,96.295,96.295,240
1785136860,96.295,96.295,96.295,96.295,10
1785136920,96.295,96.295,96.295,96.295,556
1785136980,96.295,96.295,96.295,96.295,9
1785137100,96.295,96.295,96.295,96.295,214
1785137220,96.295,96.295,96.295,96.295,201
1785137280,96.295,96.295,96.295,96.295,300
1785137340,96.295,96.295,96.295,96.295,208
1785137400,96.295,96.3,96.295,96.295,750
1785137520,96.295,96.295,96.29,96.29,229
1785137580,96.295,96.295,96.295,96.295,697
1785137640,96.295,96.295,96.295,96.295,6
1785137760,96.295,96.295,96.295,96.295,50
1785137820,96.295,96.295,96.29,96.29,376
1785137880,96.295,96.295,96.295,96.295,25
1785137940,96.29,96.29,96.29,96.29,626
1785138000,96.29,96.29,96.29,96.29,447
1785138180,96.295,96.295,96.295,96.295,50
1785138300,96.29,96.295,96.29,96.295,63
1785138540,96.29,96.29,96.29,96.29,17
1785138600,96.295,96.295,96.295,96.295,500
1785138720,96.295,96.295,96.295,96.295,1859
1785138780,96.295,96.295,96.295,96.295,405
1785138840,96.295,96.295,96.295,96.295,22
1785138960,96.295,96.295,96.295,96.295,1
1785139140,96.295,96.295,96.295,96.295,85
1785139320,96.295,96.295,96.295,96.295,12
1785139380,96.29,96.29,96.29,96.29,480
1785139440,96.29,96.29,96.29,96.29,1440
1785139620,96.29,96.29,96.29,96.29,300
1785139800,96.29,96.29,96.29,96.29,7666
1785139920,96.29,96.29,96.29,96.29,505
1785139980,96.29,96.29,96.29,96.29,116
1785140040,96.29,96.29,96.29,96.29,5
1785140100,96.29,96.29,96.29,96.29,1
1785140160,96.29,96.29,96.29,96.29,268
1785140220,96.29,96.29,96.29,96.29,5
1785140400,96.29,96.29,96.29,96.29,1325
1785140460,96.29,96.29,96.29,96.29,493
1785140520,96.29,96.29,96.29,96.29,372
1785140640,96.29,96.29,96.29,96.29,2
1785140880,96.29,96.29,96.29,96.29,1643
1785141060,96.29,96.29,96.29,96.29,352
1785141180,96.29,96.29,96.29,96.29,181
1785141300,96.29,96.29,96.29,96.29,24
1785141540,96.29,96.29,96.29,96.29,3
1785141600,96.29,96.29,96.29,96.29,4
1785141720,96.29,96.29,96.29,96.29,300
1785141900,96.29,96.29,96.29,96.29,72
1785142020,96.29,96.29,96.29,96.29,17
1785142080,96.29,96.29,96.29,96.29,31
1785142140,96.29,96.29,96.29,96.29,10
1785142200,96.29,96.29,96.29,96.29,609
1785142260,96.29,96.29,96.29,96.29,16
1785142320,96.29,96.29,96.29,96.29,3
1785142380,96.29,96.29,96.29,96.29,20
1785142440,96.29,96.29,96.29,96.29,12
1785142500,96.29,96.29,96.29,96.29,27
1785142740,96.29,96.29,96.29,96.29,359
1785142800,96.29,96.29,96.29,96.29,200
1785142860,96.285,96.285,96.285,96.285,70
1785142980,96.29,96.29,96.29,96.29,18
1785143220,96.29,96.29,96.29,96.29,625
1785143280,96.29,96.29,96.29,96.29,241
1785143340,96.29,96.29,96.29,96.29,613
1785143400,96.29,96.29,96.29,96.29,49
1785143520,96.29,96.29,96.29,96.29,507
1785143640,96.29,96.29,96.29,96.29,564
1785143700,96.29,96.29,96.29,96.29,799
1785143760,96.29,96.29,96.29,96.29,1
1785144060,96.29,96.29,96.29,96.29,50
1785144120,96.29,96.29,96.29,96.29,6
1785145680,96.29,96.29,96.29,96.29,1008
1785146580,96.29,96.29,96.29,96.29,105
1785146760,96.29,96.29,96.29,96.29,34
1785146940,96.29,96.29,96.29,96.29,222
1785147000,96.29,96.29,96.29,96.29,3724
1785147120,96.29,96.29,96.29,96.29,12
1785147180,96.29,96.29,96.29,96.29,714
1785147240,96.29,96.29,96.29,96.29,17
1785147300,96.29,96.29,96.29,96.29,2
1785147360,96.29,96.29,96.29,96.29,4629
1785147420,96.29,96.29,96.29,96.29,20
1785147480,96.29,96.29,96.29,96.29,50
1785147600,96.285,96.285,96.285,96.285,95
1785147720,96.29,96.29,96.29,96.29,27
1785147780,96.285,96.29,96.285,96.29,25
1785148020,96.285,96.285,96.285,96.285,2000
1785148200,96.285,96.285,96.285,96.285,50
1785148260,96.29,96.29,96.29,96.29,9
1785148440,96.29,96.29,96.29,96.29,100
1785148560,96.29,96.29,96.29,96.29,1
1785149160,96.29,96.29,96.29,96.29,600
1785149340,96.29,96.29,96.29,96.29,5
1785149640,96.285,96.285,96.285,96.285,500
1785149820,96.285,96.285,96.285,96.285,1200
1785149880,96.285,96.285,96.285,96.285,185
1785150060,96.285,96.285,96.285,96.285,50
1785150420,96.29,96.29,96.29,96.29,301
1785150600,96.285,96.285,96.285,96.285,3197
1785150660,96.285,96.285,96.285,96.285,50
1785150720,96.285,96.285,96.285,96.285,4599
1785150780,96.285,96.285,96.285,96.285,25
1785150840,96.285,96.285,96.285,96.285,143
1785150900,96.285,96.285,96.285,96.285,26
1785150960,96.285,96.285,96.285,96.285,194
1785151020,96.285,96.285,96.285,96.285,5
1785151080,96.285,96.285,96.285,96.285,2031
1785151140,96.285,96.285,96.285,96.285,260
1785151200,96.285,96.285,96.285,96.285,267
1785151260,96.285,96.285,96.285,96.285,20
1785151380,96.285,96.285,96.285,96.285,270
1785151440,96.285,96.285,96.285,96.285,200
1785151500,96.285,96.285,96.285,96.285,760
1785151560,96.285,96.285,96.285,96.285,408
1785151620,96.285,96.285,96.285,96.285,181
1785151680,96.285,96.285,96.285,96.285,270
1785151740,96.285,96.285,96.285,96.285,501
1785151860,96.285,96.285,96.285,96.285,31
1785151920,96.285,96.285,96.285,96.285,43
1785151980,96.285,96.285,96.285,96.285,25
1785152040,96.285,96.285,96.285,96.285,48
1785152100,96.285,96.285,96.285,96.285,1605
1785152160,96.29,96.29,96.285,96.285,200
1785152400,96.285,96.285,96.285,96.285,300
1785152460,96.285,96.285,96.285,96.285,200
1785152520,96.285,96.285,96.285,96.285,120
1785152820,96.285,96.29,96.285,96.29,800
1785152880,96.29,96.29,96.29,96.29,25
1785153000,96.285,96.285,96.285,96.285,200
1785153360,96.285,96.285,96.285,96.285,202
1785153420,96.285,96.285,96.285,96.285,4
1785153540,96.285,96.285,96.285,96.285,648
1785153600,96.285,96.285,96.285,96.285,100
1785153720,96.285,96.285,96.285,96.285,305
1785154140,96.29,96.29,96.29,96.29,7871
1785154260,96.29,96.29,96.29,96.29,3170
1785154320,96.285,96.285,96.285,96.285,200
1785154380,96.29,96.29,96.29,96.29,3
1785154500,96.29,96.29,96.29,96.29,5
1785154620,96.29,96.29,96.29,96.29,10
1785154800,96.285,96.285,96.285,96.285,2
1785154920,96.285,96.285,96.285,96.285,1929
1785155040,96.29,96.29,96.29,96.29,113
1785155340,96.29,96.29,96.29,96.29,50
1785155400,96.29,96.29,96.29,96.29,48
1785155520,96.29,96.29,96.29,96.29,70
1785156000,96.285,96.285,96.285,96.285,25
1785156120,96.29,96.29,96.29,96.29,2400
1785156180,96.29,96.29,96.29,96.29,2623
1785156300,96.285,96.285,96.285,96.285,200
1785156360,96.29,96.29,96.29,96.29,4
1785156480,96.29,96.29,96.29,96.29,100
1785156900,96.285,96.285,96.285,96.285,242
1785157140,96.285,96.285,96.285,96.285,75
1785157200,96.285,96.285,96.285,96.285,75
1785158220,96.285,96.285,96.285,96.285,100
1785158340,96.285,96.285,96.285,96.285,49
1785158700,96.285,96.285,96.285,96.285,10
1785158760,96.29,96.29,96.285,96.285,738
1785158880,96.285,96.285,96.285,96.285,100
1785158940,96.285,96.285,96.285,96.285,59
1785159060,96.285,96.285,96.285,96.285,2
1785159120,96.285,96.285,96.285,96.285,16704
1785159180,96.285,96.285,96.285,96.285,420
1785159240,96.285,96.285,96.285,96.285,5
1785159360,96.285,96.285,96.285,96.285,5
1785159480,96.285,96.285,96.285,96.285,2
1785159600,96.285,96.285,96.285,96.285,25
1785159840,96.285,96.285,96.285,96.285,240
1785160140,96.28,96.28,96.28,96.28,2
1785160200,96.285,96.285,96.285,96.285,15
1785160380,96.285,96.285,96.285,96.285,1
1785160440,96.28,96.28,96.28,96.28,7908
1785160500,96.28,96.28,96.275,96.275,20
1785160560,96.275,96.275,96.275,96.275,1845
1785160620,96.275,96.275,96.27,96.27,4797
1785160680,96.275,96.275,96.275,96.275,1577
1785160800,96.275,96.275,96.27,96.275,12609
1785160860,96.275,96.275,96.275,96.275,898
1785161040,96.28,96.28,96.28,96.28,200
1785161100,96.28,96.28,96.28,96.28,50
1785161160,96.28,96.28,96.28,96.28,500
1785161280,96.28,96.28,96.28,96.28,50
1785161340,96.28,96.28,96.28,96.28,3186
1785161400,96.28,96.28,96.28,96.28,250
1785161460,96.28,96.28,96.28,96.28,258
1785161520,96.28,96.28,96.28,96.28,25
1785161580,96.28,96.28,96.28,96.28,276
1785161640,96.28,96.28,96.28,96.28,920
1785161820,96.28,96.28,96.28,96.28,746
1785161880,96.28,96.28,96.28,96.28,1
1785161940,96.28,96.28,96.28,96.28,250
1785162000,96.28,96.28,96.28,96.28,5
1785162060,96.28,96.28,96.28,96.28,1361
1785162120,96.28,96.28,96.28,96.28,766
1785162180,96.28,96.28,96.28,96.28,744
1785162240,96.28,96.28,96.28,96.28,614
1785162300,96.28,96.28,96.28,96.28,454
1785162360,96.28,96.28,96.28,96.28,273
1785162420,96.28,96.28,96.28,96.28,552
1785162480,96.28,96.28,96.28,96.28,421
1785162540,96.28,96.28,96.28,96.28,423
1785162600,96.28,96.28,96.28,96.28,212
1785162660,96.28,96.28,96.28,96.28,60
1785162840,96.28,96.28,96.28,96.28,6
1785162960,96.28,96.28,96.28,96.28,763
1785163080,96.28,96.28,96.28,96.28,530
1785163140,96.28,96.28,96.28,96.28,3290
1785163200,96.28,96.28,96.28,96.28,144
1785163260,96.285,96.285,96.28,96.28,605
1785163920,96.28,96.28,96.28,96.28,2
1785163980,96.28,96.28,96.28,96.28,31
1785164040,96.285,96.285,96.28,96.28,293
1785164100,96.28,96.28,96.28,96.28,4912
1785164160,96.28,96.28,96.28,96.28,11
1785164220,96.28,96.28,96.28,96.28,500
1785164340,96.28,96.28,96.28,96.28,1474
1785164400,96.28,96.28,96.28,96.28,639
1785164460,96.28,96.28,96.28,96.28,1109
1785164520,96.28,96.28,96.28,96.28,28
1785164700,96.28,96.28,96.28,96.28,8
1785164820,96.28,96.28,96.28,96.28,100
1785164880,96.285,96.285,96.28,96.28,156
1785165060,96.28,96.28,96.28,96.28,1981
1785165120,96.28,96.28,96.28,96.28,576
1785165180,96.28,96.28,96.28,96.28,1635
1785165240,96.28,96.28,96.28,96.28,500
1785165300,96.28,96.285,96.28,96.285,1198
1785165360,96.285,96.285,96.285,96.285,1401
1785165420,96.285,96.285,96.28,96.28,175
1785165540,96.28,96.28,96.28,96.28,350
1785165660,96.28,96.28,96.28,96.28,564
1785165720,96.285,96.285,96.285,96.285,2
1785165780,96.28,96.28,96.28,96.28,326
1785165900,96.285,96.285,96.28,96.28,666
1785165960,96.28,96.28,96.28,96.28,892
1785166020,96.28,96.28,96.28,96.28,103
1785166080,96.28,96.28,96.28,96.28,2
1785166140,96.28,96.28,96.28,96.28,2
1785166200,96.28,96.28,96.28,96.28,105
1785166260,96.28,96.28,96.28,96.28,5
1785166320,96.28,96.28,96.28,96.28,18
1785166380,96.28,96.28,96.28,96.28,1981
1785166440,96.28,96.28,96.28,96.28,691
1785166500,96.28,96.28,96.28,96.28,443
1785166560,96.28,96.28,96.28,96.28,9
1785166620,96.28,96.28,96.28,96.28,340
1785166740,96.28,96.28,96.28,96.28,1043
1785166860,96.28,96.28,96.28,96.28,1
1785166980,96.28,96.28,96.28,96.28,173
1785167040,96.28,96.28,96.28,96.28,588
1785167100,96.28,96.28,96.28,96.28,152
1785167340,96.28,96.28,96.28,96.28,22
1785167400,96.28,96.28,96.28,96.28,255
1785167520,96.28,96.28,96.275,96.275,631
1785167580,96.28,96.28,96.28,96.28,974
1785167940,96.28,96.28,96.28,96.28,2
1785168060,96.28,96.28,96.28,96.28,12
1785168120,96.28,96.28,96.28,96.28,27
1785168300,96.28,96.28,96.28,96.28,136
1785168360,96.28,96.28,96.28,96.28,4
1785168480,96.28,96.285,96.28,96.285,300
1785168540,96.28,96.28,96.28,96.28,93
1785168600,96.28,96.28,96.28,96.28,65
1785168660,96.28,96.28,96.28,96.28,2
1785168720,96.28,96.28,96.28,96.28,6
1785168780,96.28,96.28,96.28,96.28,9
1785168840,96.28,96.28,96.28,96.28,8
1785168900,96.28,96.28,96.28,96.28,2456
1785168960,96.28,96.28,96.28,96.28,1200
1785169080,96.28,96.28,96.28,96.28,153
1785169140,96.28,96.28,96.28,96.28,100
1785169200,96.28,96.285,96.28,96.28,34
1785169260,96.28,96.28,96.28,96.28,19
1785169320,96.28,96.28,96.28,96.28,20
1785169380,96.28,96.28,96.275,96.275,3927
1785169440,96.28,96.28,96.28,96.28,46
1785169500,96.28,96.285,96.28,96.28,3470
1785169740,96.285,96.285,96.285,96.285,2
1785169800,96.28,96.28,96.28,96.28,26
1785169860,96.28,96.285,96.28,96.285,294
1785169920,96.28,96.28,96.28,96.28,1
1785170040,96.28,96.28,96.28,96.28,1
1785170160,96.285,96.285,96.285,96.285,211
1785170280,96.28,96.28,96.28,96.28,1
1785170460,96.28,96.28,96.28,96.28,19
1785170520,96.285,96.285,96.285,96.285,10
1785170580,96.285,96.285,96.285,96.285,50
1785170640,96.28,96.28,96.28,96.28,1
1785170700,96.28,96.28,96.28,96.28,14
1785170880,96.28,96.28,96.28,96.28,122
1785170940,96.28,96.28,96.28,96.28,67
1785171000,96.28,96.285,96.28,96.28,471
1785171060,96.285,96.285,96.28,96.28,6599
1785171300,96.28,96.28,96.28,96.28,130
1785171420,96.28,96.28,96.28,96.28,3
1785171480,96.28,96.28,96.28,96.28,2
1785171660,96.28,96.28,96.28,96.28,3
1785171780,96.28,96.28,96.28,96.28,30
1785171900,96.275,96.275,96.275,96.275,10
1785172020,96.275,96.275,96.275,96.275,10
1785172320,96.275,96.275,96.275,96.275,2
1785172380,96.275,96.275,96.275,96.275,10
1785172620,96.28,96.28,96.28,96.28,1
1785172920,96.28,96.28,96.28,96.28,253
1785172980,96.28,96.28,96.28,96.28,250
1785173400,96.275,96.275,96.275,96.275,9
1785173460,96.28,96.28,96.275,96.275,6
1785173700,96.275,96.275,96.275,96.275,100
1785173760,96.275,96.275,96.275,96.275,10
1785173820,96.275,96.275,96.275,96.275,59
1785173880,96.275,96.275,96.275,96.275,5
1785173940,96.275,96.275,96.275,96.275,11
1785174060,96.28,96.28,96.28,96.28,5
1785174300,96.275,96.275,96.275,96.275,40
1785174360,96.275,96.275,96.275,96.275,1
1785174480,96.28,96.28,96.28,96.28,1504
1785174960,96.28,96.28,96.28,96.28,192
1785175080,96.275,96.275,96.275,96.275,65
1785175680,96.28,96.28,96.28,96.28,50
1785175860,96.28,96.28,96.28,96.28,600
1785175920,96.28,96.28,96.28,96.28,43
1785176220,96.28,96.28,96.28,96.28,600
1785176280,96.28,96.28,96.28,96.28,1
1785176400,96.28,96.28,96.28,96.28,240
1785176520,96.28,96.28,96.28,96.28,1
1785176880,96.28,96.28,96.28,96.28,11
1785176940,96.28,96.28,96.28,96.28,11
1785177000,96.28,96.28,96.28,96.28,22
1785177060,96.28,96.28,96.28,96.28,191
1785177120,96.28,96.28,96.28,96.28,5
1785177180,96.28,96.28,96.275,96.28,209
1785177300,96.28,96.28,96.28,96.28,12
1785177420,96.28,96.28,96.28,96.28,15
1785177600,96.28,96.28,96.28,96.28,18
1785177780,96.28,96.28,96.28,96.28,376
1785177840,96.28,96.28,96.28,96.28,74
1785177900,96.28,96.28,96.28,96.28,500
1785178020,96.28,96.28,96.28,96.28,36
1785178260,96.28,96.28,96.28,96.28,29
1785178440,96.28,96.28,96.28,96.28,40
1785178680,96.28,96.28,96.28,96.28,25
1785178740,96.28,96.28,96.28,96.28,2
1785178800,96.28,96.28,96.275,96.28,230
1785178920,96.275,96.275,96.275,96.275,2
1785178980,96.28,96.28,96.28,96.28,21
1785179160,96.28,96.28,96.28,96.28,33
1785179280,96.28,96.28,96.28,96.28,400
1785179340,96.28,96.28,96.28,96.28,31
1785179400,96.275,96.275,96.275,96.275,11
1785179520,96.28,96.28,96.28,96.28,37
1785179580,96.275,96.275,96.275,96.275,2
1785179760,96.275,96.28,96.275,96.28,38
1785179820,96.275,96.275,96.275,96.275,15
1785179880,96.275,96.275,96.275,96.275,4
1785180000,96.28,96.28,96.28,96.28,32
1785180060,96.28,96.28,96.28,96.28,45
1785180180,96.28,96.28,96.28,96.28,26
1785180300,96.28,96.28,96.28,96.28,99
1785180360,96.28,96.28,96.28,96.28,20
1785180480,96.28,96.28,96.28,96.28,34
1785180540,96.28,96.28,96.275,96.275,161
1785180600,96.275,96.275,96.275,96.275,23
1785180720,96.275,96.28,96.275,96.28,123
1785180840,96.28,96.28,96.28,96.28,22
1785180900,96.28,96.28,96.28,96.28,14
1785180960,96.28,96.28,96.28,96.28,27
1785181020,96.28,96.28,96.28,96.28,150
1785181140,96.28,96.28,96.28,96.28,40
1785181200,96.28,96.28,96.28,96.28,19
1785181260,96.275,96.28,96.275,96.275,61
1785181380,96.28,96.28,96.28,96.28,28
1785181440,96.28,96.28,96.28,96.28,500
1785181500,96.28,96.28,96.28,96.28,50
1785181560,96.28,96.28,96.28,96.28,30
1785181620,96.28,96.28,96.28,96.28,208
1785181740,96.28,96.28,96.28,96.28,112
1785181800,96.28,96.28,96.28,96.28,278
1785181920,96.28,96.28,96.28,96.28,39
1785182040,96.28,96.28,96.275,96.275,277
1785182100,96.28,96.28,96.28,96.28,110
1785182160,96.28,96.28,96.28,96.28,39
1785182280,96.28,96.28,96.28,96.28,7
1785182340,96.28,96.28,96.28,96.28,140
1785182400,96.28,96.28,96.28,96.28,42
1785182460,96.275,96.275,96.275,96.275,13
1785182520,96.275,96.275,96.275,96.275,4
1785182640,96.28,96.28,96.275,96.275,34
1785182700,96.28,96.28,96.275,96.275,49
1785182760,96.275,96.28,96.275,96.28,58
1785182820,96.275,96.275,96.275,96.275,15
1785182880,96.275,96.275,96.275,96.275,20
1785182940,96.275,96.28,96.275,96.275,32
1785183000,96.28,96.28,96.275,96.275,37
1785183060,96.275,96.275,96.275,96.275,2
1785183120,96.275,96.28,96.275,96.28,102
1785183180,96.28,96.28,96.28,96.28,136
1785183240,96.28,96.28,96.275,96.275,101
1785183300,96.28,96.28,96.28,96.28,100
1785183360,96.28,96.28,96.275,96.275,31
1785183420,96.28,96.28,96.28,96.28,20
1785183480,96.28,96.28,96.28,96.28,1
1785183540,96.28,96.28,96.28,96.28,123
1785183600,96.28,96.28,96.28,96.28,150
1785183660,96.28,96.28,96.28,96.28,116
1785183720,96.28,96.28,96.28,96.28,17
1785183780,96.28,96.28,96.28,96.28,108
1785183840,96.28,96.28,96.28,96.28,113
1785183900,96.28,96.28,96.28,96.28,65
1785183960,96.28,96.28,96.28,96.28,5
1785184020,96.28,96.28,96.28,96.28,16
1785184080,96.28,96.28,96.28,96.28,9
1785184140,96.28,96.28,96.28,96.28,64
1785184200,96.28,96.28,96.28,96.28,8
1785184260,96.275,96.275,96.275,96.275,10
1785184320,96.28,96.28,96.28,96.28,328
1785184560,96.28,96.28,96.28,96.28,100
1785184620,96.275,96.275,96.275,96.275,2
1785184680,96.28,96.28,96.28,96.28,8
1785184740,96.28,96.28,96.28,96.28,5
1785184800,96.28,96.28,96.28,96.28,5
1785184860,96.28,96.28,96.28,96.28,5
1785185280,96.275,96.275,96.275,96.275,1
1785185460,96.275,96.275,96.275,96.275,60
1785185580,96.275,96.275,96.275,96.275,72
1785185700,96.275,96.275,96.275,96.275,2
1785185820,96.28,96.28,96.28,96.28,128
1785185880,96.28,96.28,96.275,96.275,16
1785185940,96.28,96.28,96.275,96.275,16
1785189600,96.275,96.275,96.275,96.275,1164
1785189660,96.275,96.275,96.275,96.275,1
1785190140,96.28,96.28,96.28,96.28,20
1785191700,96.275,96.275,96.275,96.275,100
1785191760,96.28,96.28,96.28,96.28,50
1785192540,96.28,96.28,96.28,96.28,3
1785193140,96.275,96.275,96.275,96.275,1
1785193980,96.28,96.28,96.28,96.28,1
1785194100,96.275,96.28,96.275,96.28,7
1785194460,96.275,96.275,96.275,96.275,1
1785195420,96.275,96.275,96.275,96.275,4050
1785195540,96.275,96.275,96.275,96.275,280
1785195600,96.275,96.275,96.275,96.275,308
1785195900,96.28,96.28,96.28,96.28,1
1785195960,96.275,96.275,96.275,96.275,2
1785196080,96.275,96.275,96.275,96.275,331
1785196200,96.275,96.275,96.275,96.275,434
1785196380,96.275,96.275,96.275,96.275,400
1785198000,96.275,96.275,96.275,96.275,20
1785198360,96.275,96.275,96.275,96.275,1
1785198660,96.275,96.275,96.275,96.275,9
1785199980,96.275,96.275,96.275,96.275,75
1785200040,96.275,96.275,96.275,96.275,50
1785200640,96.275,96.275,96.275,96.275,33
1785202260,96.275,96.275,96.275,96.275,10
1785202380,96.275,96.275,96.275,96.275,15
1785202680,96.275,96.275,96.275,96.275,300
1785203520,96.275,96.275,96.275,96.275,360
1785203640,96.275,96.275,96.275,96.275,1
1785203700,96.275,96.275,96.275,96.275,1
1785203940,96.28,96.28,96.28,96.28,88
1785204660,96.28,96.28,96.28,96.28,1564
1785204780,96.28,96.28,96.28,96.28,1
1785205440,96.28,96.28,96.28,96.28,78
1785205680,96.28,96.28,96.28,96.28,480
1785205860,96.28,96.28,96.28,96.28,100
1785206760,96.275,96.275,96.275,96.275,2
1785207420,96.28,96.28,96.28,96.28,50
1785207900,96.28,96.28,96.28,96.28,200
1785208260,96.28,96.28,96.28,96.28,400
1785208680,96.28,96.28,96.28,96.28,3
1785209220,96.28,96.28,96.28,96.28,25
1785209520,96.28,96.28,96.28,96.28,12
1785211800,96.275,96.275,96.275,96.275,1
1785212760,96.28,96.28,96.28,96.28,2
1785214560,96.275,96.275,96.275,96.275,2582
1785215160,96.275,96.275,96.275,96.275,5
1785215520,96.28,96.28,96.28,96.28,60
1785217920,96.28,96.28,96.28,96.28,29
1785218340,96.28,96.28,96.28,96.28,199
1785218700,96.28,96.28,96.28,96.28,2100
1785218880,96.28,96.28,96.28,96.28,105
1785219000,96.28,96.28,96.28,96.28,20
1785219300,96.28,96.28,96.28,96.28,150
1785219600,96.28,96.28,96.28,96.28,620
1785219720,96.28,96.28,96.28,96.28,1200
1785220020,96.28,96.28,96.28,96.28,355
1785220080,96.28,96.28,96.28,96.28,2818
1785220140,96.28,96.28,96.28,96.28,66
1785220200,96.28,96.28,96.28,96.28,5549
1785220440,96.285,96.285,96.285,96.285,8
1785220560,96.285,96.285,96.285,96.285,2
1785220680,96.285,96.285,96.285,96.285,11
1785220800,96.285,96.285,96.285,96.285,100
1785221340,96.285,96.285,96.285,96.285,300
1785221760,96.285,96.285,96.285,96.285,58
1785221820,96.285,96.285,96.285,96.285,200
1785222360,96.285,96.285,96.285,96.285,1000
1785222540,96.285,96.285,96.285,96.285,200
1785222660,96.285,96.285,96.285,96.285,3270
1785222780,96.285,96.285,96.285,96.285,461
1785222840,96.285,96.285,96.285,96.285,452
1785222900,96.285,96.285,96.285,96.285,142
1785223080,96.285,96.285,96.285,96.285,501
1785224100,96.29,96.29,96.29,96.29,100
1785224400,96.29,96.29,96.29,96.29,1
1785224700,96.29,96.29,96.29,96.29,1
1785224820,96.285,96.285,96.285,96.285,2048
1785225060,96.285,96.285,96.285,96.285,577
1785225120,96.285,96.285,96.285,96.285,1
1785225240,96.285,96.285,96.285,96.285,194
1785225300,96.285,96.285,96.285,96.285,2
1785225360,96.285,96.285,96.285,96.285,854
1785225420,96.285,96.285,96.285,96.285,25
1785225780,96.285,96.285,96.285,96.285,338
1785226320,96.285,96.285,96.285,96.285,591
1785226380,96.285,96.285,96.285,96.285,100
1785226440,96.285,96.285,96.285,96.285,100
1785226500,96.285,96.285,96.285,96.285,300
1785226740,96.285,96.285,96.285,96.285,102
1785226800,96.285,96.285,96.285,96.285,10
1785226860,96.285,96.285,96.285,96.285,50
1785226980,96.285,96.285,96.285,96.285,8
1785227040,96.285,96.285,96.285,96.285,20
1785227280,96.285,96.285,96.285,96.285,8
1785227460,96.285,96.29,96.285,96.285,2199
1785227520,96.285,96.285,96.285,96.285,363
1785227580,96.285,96.285,96.285,96.285,2
1785227640,96.285,96.285,96.285,96.285,100
1785227820,96.285,96.285,96.285,96.285,150
1785227880,96.285,96.285,96.285,96.285,2596
1785227940,96.285,96.285,96.285,96.285,523
1785228120,96.285,96.285,96.285,96.285,25
1785228180,96.285,96.285,96.285,96.285,6
1785228300,96.285,96.285,96.285,96.285,34
1785228360,96.29,96.29,96.285,96.285,8
1785228420,96.285,96.285,96.285,96.285,27
1785228540,96.285,96.285,96.285,96.285,17
1785228600,96.285,96.285,96.285,96.285,2397
1785228660,96.285,96.285,96.285,96.285,9
1785228960,96.29,96.29,96.29,96.29,2100
1785229140,96.29,96.29,96.29,96.29,5481
1785229440,96.29,96.29,96.29,96.29,1003
1785229500,96.29,96.29,96.29,96.29,3
1785229620,96.29,96.29,96.29,96.29,300
1785229680,96.29,96.29,96.29,96.29,2122
1785229740,96.29,96.29,96.29,96.29,126
1785229980,96.29,96.29,96.29,96.29,120
1785230100,96.29,96.29,96.29,96.29,100
1785230160,96.29,96.29,96.29,96.29,651
1785230220,96.29,96.29,96.29,96.29,1
1785230520,96.29,96.29,96.29,96.29,27
1785230640,96.29,96.29,96.29,96.29,972
1785230700,96.29,96.29,96.29,96.29,10
1785231420,96.29,96.29,96.29,96.29,600
1785231660,96.29,96.29,96.29,96.29,150
1785231780,96.29,96.29,96.29,96.29,5
1785231840,96.285,96.285,96.285,96.285,12
1785231960,96.285,96.285,96.285,96.285,457
1785232500,96.285,96.29,96.285,96.29,20
1785232620,96.285,96.285,96.285,96.285,1195
1785232680,96.285,96.285,96.285,96.285,288
1785232740,96.285,96.285,96.285,96.285,6
1785233340,96.285,96.285,96.285,96.285,500
1785233400,96.285,96.285,96.285,96.285,1325
1785233460,96.285,96.285,96.285,96.285,3
1785233520,96.285,96.285,96.285,96.285,1109
1785233580,96.285,96.285,96.285,96.285,462
1785233700,96.285,96.285,96.285,96.285,35
1785233760,96.285,96.285,96.285,96.285,214
1785233820,96.285,96.285,96.285,96.285,4
1785234360,96.285,96.285,96.285,96.285,2725
1785234420,96.285,96.285,96.285,96.285,10
1785234660,96.285,96.285,96.285,96.285,1517
1785234720,96.28,96.285,96.28,96.285,358
1785235380,96.285,96.285,96.285,96.285,1000
1785235500,96.285,96.285,96.285,96.285,1602
1785235920,96.285,96.285,96.285,96.285,2
1785235980,96.28,96.28,96.28,96.28,82
1785236040,96.285,96.285,96.285,96.285,525
1785236160,96.285,96.285,96.285,96.285,65
1785236220,96.285,96.285,96.285,96.285,10
1785236340,96.28,96.28,96.28,96.28,475
1785236700,96.285,96.285,96.285,96.285,2
1785236880,96.285,96.285,96.285,96.285,401
1785236940,96.285,96.285,96.285,96.285,40
1785237000,96.285,96.285,96.285,96.285,34
1785237060,96.285,96.285,96.285,96.285,39
1785237120,96.285,96.285,96.285,96.285,71
1785237180,96.285,96.285,96.285,96.285,51
1785237360,96.285,96.285,96.285,96.285,2388
1785237420,96.285,96.285,96.285,96.285,2183
1785237480,96.285,96.285,96.285,96.285,1
1785237540,96.285,96.285,96.285,96.285,776
1785237600,96.285,96.285,96.285,96.285,76
1785237660,96.285,96.285,96.285,96.285,135
1785237720,96.285,96.285,96.285,96.285,171
1785237780,96.285,96.285,96.285,96.285,787
1785237840,96.285,96.285,96.285,96.285,750
1785237900,96.285,96.285,96.285,96.285,510
1785237960,96.285,96.285,96.285,96.285,248
1785238140,96.285,96.285,96.285,96.285,491
1785238200,96.285,96.285,96.285,96.285,203
1785238260,96.285,96.285,96.285,96.285,292
1785238440,96.285,96.285,96.285,96.285,270
1785238500,96.285,96.285,96.285,96.285,745
1785238560,96.285,96.285,96.285,96.285,334
1785238800,96.285,96.285,96.285,96.285,1507
1785238860,96.285,96.29,96.285,96.285,1102
1785238980,96.285,96.285,96.285,96.285,238
1785239100,96.285,96.285,96.285,96.285,301
1785239160,96.285,96.285,96.285,96.285,120
1785239220,96.285,96.285,96.285,96.285,661
1785239340,96.285,96.285,96.285,96.285,50
1785239400,96.285,96.285,96.285,96.285,467
1785239520,96.285,96.285,96.285,96.285,25
1785239580,96.285,96.285,96.285,96.285,1326
1785239760,96.285,96.285,96.285,96.285,240
1785239880,96.285,96.285,96.285,96.285,365
1785239940,96.285,96.285,96.285,96.285,3367
1785240000,96.285,96.285,96.285,96.285,29
1785240060,96.285,96.285,96.285,96.285,1131
1785240120,96.285,96.285,96.285,96.285,500
1785240180,96.285,96.285,96.285,96.285,200
1785240240,96.285,96.285,96.285,96.285,170
1785240360,96.285,96.285,96.285,96.285,6
1785240420,96.285,96.285,96.285,96.285,491
1785240480,96.285,96.285,96.285,96.285,15
1785240600,96.285,96.285,96.285,96.285,30
1785240660,96.285,96.285,96.285,96.285,250
1785240720,96.285,96.285,96.285,96.285,209
1785240780,96.285,96.285,96.285,96.285,150
1785240840,96.285,96.285,96.285,96.285,550
1785240900,96.285,96.285,96.28,96.28,136
1785240960,96.285,96.285,96.285,96.285,12
1785241020,96.285,96.285,96.285,96.285,100
1785241140,96.285,96.285,96.285,96.285,624
1785241200,96.285,96.285,96.285,96.285,4478
1785241260,96.285,96.285,96.28,96.285,405
1785241320,96.285,96.285,96.285,96.285,2191
1785241380,96.285,96.285,96.285,96.285,2622
1785241680,96.285,96.285,96.285,96.285,39
1785241740,96.285,96.285,96.285,96.285,10
1785241800,96.285,96.29,96.285,96.29,53
1785241860,96.29,96.29,96.29,96.29,291
1785241920,96.29,96.29,96.29,96.29,1
1785242040,96.29,96.29,96.29,96.29,100
1785242100,96.29,96.29,96.29,96.29,100
1785242160,96.29,96.29,96.29,96.29,282
1785242220,96.29,96.29,96.29,96.29,3785
1785242280,96.29,96.29,96.29,96.29,100
1785242340,96.29,96.29,96.29,96.29,3
1785242400,96.29,96.29,96.29,96.29,2984
1785242460,96.29,96.295,96.29,96.295,4537
1785242520,96.29,96.29,96.29,96.29,427
1785242580,96.29,96.29,96.29,96.29,259
1785242640,96.295,96.295,96.295,96.295,4
1785242700,96.295,96.295,96.295,96.295,14
1785242760,96.295,96.295,96.295,96.295,100
1785242820,96.295,96.295,96.295,96.295,4
1785243000,96.295,96.295,96.295,96.295,200
1785243120,96.295,96.295,96.295,96.295,301
1785243180,96.295,96.295,96.295,96.295,209
1785243240,96.295,96.295,96.295,96.295,591
1785243300,96.295,96.295,96.295,96.295,2145
1785243360,96.295,96.295,96.295,96.295,319
1785243420,96.295,96.295,96.295,96.295,1147
1785243480,96.295,96.295,96.295,96.295,1515
1785243540,96.295,96.295,96.295,96.295,1
1785243600,96.295,96.295,96.295,96.295,200
1785243660,96.295,96.295,96.295,96.295,201
1785243720,96.295,96.295,96.295,96.295,2254
1785243780,96.295,96.295,96.295,96.295,105
1785243840,96.295,96.295,96.29,96.29,135
1785243900,96.295,96.295,96.295,96.295,107
1785243960,96.295,96.295,96.295,96.295,130
1785244020,96.295,96.295,96.295,96.295,204
1785244080,96.295,96.295,96.295,96.295,5
1785244140,96.295,96.295,96.295,96.295,10
1785244500,96.295,96.295,96.295,96.295,13
1785244620,96.295,96.295,96.295,96.295,150
1785244740,96.295,96.295,96.295,96.295,85
1785245040,96.295,96.295,96.295,96.295,2
1785245160,96.295,96.295,96.295,96.295,2
1785245220,96.295,96.295,96.29,96.29,66
1785245280,96.295,96.295,96.295,96.295,2
1785245340,96.29,96.295,96.29,96.295,493
1785245400,96.29,96.29,96.29,96.29,74
1785245520,96.295,96.295,96.295,96.295,207
1785245700,96.295,96.295,96.295,96.295,1
1785245760,96.295,96.295,96.295,96.295,24
1785245820,96.295,96.295,96.295,96.295,16
1785245940,96.29,96.29,96.29,96.29,25
1785246000,96.29,96.29,96.29,96.29,539
1785246120,96.295,96.295,96.295,96.295,16
1785246360,96.295,96.295,96.295,96.295,31
1785246420,96.295,96.295,96.29,96.29,44
1785246480,96.295,96.295,96.295,96.295,191
1785246600,96.295,96.295,96.295,96.295,39
1785246660,96.295,96.295,96.295,96.295,271
1785246720,96.295,96.295,96.295,96.295,554
1785246780,96.295,96.295,96.295,96.295,2
1785246840,96.295,96.295,96.295,96.295,60
1785246900,96.295,96.295,96.295,96.295,27
1785247020,96.295,96.295,96.295,96.295,5
1785247080,96.29,96.295,96.29,96.295,202
1785247140,96.295,96.295,96.295,96.295,153
1785247200,96.295,96.295,96.295,96.295,1501
1785247260,96.295,96.295,96.295,96.295,22
1785247440,96.295,96.295,96.295,96.295,201
1785247500,96.29,96.29,96.29,96.29,6424
1785247680,96.295,96.295,96.295,96.295,3
1785247740,96.295,96.295,96.29,96.295,6938
1785247800,96.295,96.295,96.29,96.29,804
1785247860,96.295,96.295,96.295,96.295,783
1785247920,96.295,96.295,96.295,96.295,600
1785247980,96.295,96.295,96.295,96.295,2
1785248040,96.295,96.295,96.295,96.295,2
1785248100,96.295,96.295,96.295,96.295,56
1785248160,96.295,96.295,96.295,96.295,1185
1785248220,96.295,96.295,96.295,96.295,633
1785248280,96.295,96.295,96.295,96.295,1017
1785248340,96.295,96.295,96.295,96.295,701
1785248400,96.295,96.295,96.295,96.295,588
1785248460,96.295,96.295,96.295,96.295,127
1785248520,96.295,96.295,96.295,96.295,103
1785248640,96.29,96.295,96.29,96.295,1604
1785248700,96.295,96.295,96.295,96.295,1706
1785248760,96.295,96.295,96.295,96.295,3391
1785248820,96.295,96.295,96.295,96.295,1276
1785248880,96.295,96.295,96.295,96.295,56
1785248940,96.295,96.295,96.295,96.295,250
1785249000,96.295,96.295,96.295,96.295,4400
1785249060,96.295,96.3,96.295,96.295,644
1785249120,96.295,96.295,96.295,96.295,300
1785249240,96.3,96.3,96.3,96.3,4
1785249300,96.3,96.3,96.3,96.3,51
1785249360,96.295,96.295,96.295,96.295,1200
1785249420,96.295,96.295,96.295,96.295,250
1785249480,96.295,96.295,96.295,96.295,25
1785249540,96.295,96.3,96.295,96.3,42
1785249600,96.3,96.3,96.3,96.3,110
1785249660,96.295,96.295,96.295,96.295,62
1785249900,96.3,96.3,96.3,96.3,14
1785250080,96.3,96.3,96.295,96.295,112
1785250140,96.3,96.3,96.295,96.295,52
1785250200,96.3,96.3,96.3,96.3,1
1785250260,96.3,96.3,96.3,96.3,25
1785250320,96.295,96.295,96.295,96.295,1194
1785250380,96.3,96.3,96.3,96.3,192
1785250440,96.295,96.3,96.295,96.295,56
1785250500,96.3,96.3,96.3,96.3,31
1785250620,96.295,96.295,96.295,96.295,4
1785250680,96.3,96.3,96.3,96.3,25
1785250740,96.3,96.3,96.3,96.3,17
1785250800,96.3,96.3,96.295,96.3,321
1785250860,96.3,96.3,96.3,96.3,1
1785250920,96.295,96.3,96.295,96.3,777
1785250980,96.295,96.3,96.295,96.3,2898
1785251040,96.295,96.295,96.295,96.295,1459
1785251100,96.295,96.295,96.295,96.295,811
1785251160,96.295,96.295,96.295,96.295,444
1785251220,96.295,96.295,96.295,96.295,371
1785251280,96.295,96.295,96.295,96.295,1560
1785251340,96.295,96.295,96.295,96.295,51
1785251400,96.295,96.3,96.295,96.295,1915
1785251520,96.3,96.3,96.3,96.3,60
1785251580,96.3,96.3,96.3,96.3,83
1785251640,96.3,96.3,96.3,96.3,104
1785251700,96.3,96.3,96.3,96.3,825
1785251760,96.3,96.3,96.3,96.3,1559
1785251820,96.3,96.305,96.3,96.3,11141
1785251880,96.3,96.3,96.3,96.3,1147
1785251940,96.3,96.3,96.3,96.3,1632
1785252000,96.3,96.3,96.3,96.3,1208
1785252060,96.3,96.3,96.3,96.3,2
1785252120,96.305,96.305,96.3,96.3,1512
1785252180,96.3,96.3,96.3,96.3,201
1785252300,96.3,96.3,96.3,96.3,312
1785252360,96.3,96.3,96.3,96.3,2592
1785252480,96.305,96.305,96.3,96.305,364
1785252540,96.3,96.3,96.3,96.3,25
1785252600,96.3,96.3,96.3,96.3,2588
1785252660,96.3,96.3,96.3,96.3,916
1785252720,96.3,96.305,96.3,96.3,319
1785252780,96.3,96.3,96.3,96.3,282
1785252840,96.3,96.3,96.3,96.3,1392
1785252900,96.3,96.3,96.3,96.3,1091
1785252960,96.3,96.3,96.3,96.3,6
1785253020,96.3,96.3,96.3,96.3,100
1785253140,96.3,96.3,96.3,96.3,11
1785253200,96.3,96.3,96.3,96.3,305
1785253260,96.3,96.3,96.3,96.3,10
1785253320,96.3,96.3,96.3,96.3,220
1785253380,96.3,96.3,96.3,96.3,624
1785253440,96.3,96.3,96.3,96.3,1092
1785253500,96.3,96.3,96.3,96.3,600
1785253560,96.3,96.3,96.3,96.3,118
1785253620,96.3,96.3,96.3,96.3,1471
1785253680,96.3,96.3,96.3,96.3,259
1785253740,96.3,96.3,96.3,96.3,5
1785253800,96.3,96.3,96.3,96.3,251
1785253920,96.3,96.3,96.3,96.3,128
1785253980,96.3,96.3,96.3,96.3,370
1785254040,96.3,96.305,96.3,96.305,31
1785254100,96.3,96.3,96.3,96.3,701
1785254220,96.3,96.3,96.3,96.3,102
1785254280,96.3,96.305,96.3,96.305,12
1785254700,96.3,96.3,96.3,96.3,25
1785254760,96.305,96.305,96.305,96.305,2
1785254880,96.3,96.3,96.3,96.3,700
1785254940,96.305,96.305,96.305,96.305,1
1785255000,96.305,96.305,96.305,96.305,50
1785255120,96.305,96.305,96.305,96.305,25
1785255300,96.305,96.305,96.305,96.305,1
1785255420,96.305,96.305,96.305,96.305,2
1785255540,96.305,96.305,96.305,96.305,2
1785255600,96.305,96.305,96.305,96.305,23
1785255660,96.3,96.3,96.3,96.3,20
1785255720,96.3,96.3,96.3,96.3,2171
1785255780,96.3,96.3,96.3,96.3,625
1785255840,96.3,96.3,96.3,96.3,233
1785255900,96.3,96.3,96.3,96.3,4
1785255960,96.3,96.3,96.3,96.3,150
1785256020,96.3,96.3,96.3,96.3,2560
1785256080,96.3,96.3,96.3,96.3,185
1785256140,96.3,96.3,96.3,96.3,250
1785256200,96.3,96.3,96.3,96.3,626
1785256260,96.3,96.3,96.3,96.3,111
1785256320,96.3,96.3,96.3,96.3,374
1785256380,96.3,96.3,96.3,96.3,583
1785256440,96.3,96.3,96.3,96.3,272
1785256500,96.3,96.3,96.3,96.3,315
1785256560,96.3,96.3,96.3,96.3,230
1785256620,96.3,96.3,96.3,96.3,21
1785256680,96.3,96.3,96.3,96.3,450
1785256740,96.3,96.3,96.3,96.3,104
1785256800,96.3,96.3,96.3,96.3,273
1785256860,96.3,96.3,96.3,96.3,139
1785256920,96.3,96.3,96.3,96.3,112
1785256980,96.3,96.3,96.3,96.3,1011
1785257040,96.3,96.3,96.3,96.3,360
1785257100,96.3,96.3,96.3,96.3,7
1785257220,96.3,96.3,96.3,96.3,1
1785257400,96.3,96.3,96.3,96.3,196
1785257460,96.3,96.3,96.3,96.3,41
1785257520,96.3,96.3,96.3,96.3,1
1785257580,96.3,96.3,96.3,96.3,26
1785257640,96.3,96.3,96.3,96.3,270
1785257700,96.3,96.3,96.3,96.3,17
1785257760,96.3,96.3,96.3,96.3,301
1785257820,96.3,96.3,96.3,96.3,75
1785257940,96.3,96.3,96.3,96.3,21
1785258000,96.3,96.3,96.3,96.3,118
1785258060,96.3,96.3,96.3,96.3,2
1785258120,96.3,96.3,96.3,96.3,192
1785258360,96.3,96.3,96.3,96.3,19
1785258600,96.295,96.295,96.295,96.295,8
1785258780,96.3,96.3,96.3,96.3,18
1785258840,96.3,96.3,96.3,96.3,2
1785258900,96.3,96.3,96.3,96.3,2
1785258960,96.3,96.3,96.3,96.3,9
1785259260,96.3,96.3,96.3,96.3,19
1785259620,96.3,96.3,96.3,96.3,206
1785259680,96.3,96.3,96.3,96.3,17
1785259740,96.3,96.3,96.3,96.3,705
1785259920,96.3,96.3,96.3,96.3,2
1785260040,96.295,96.295,96.295,96.295,109
1785260160,96.3,96.3,96.3,96.3,1
1785260220,96.3,96.3,96.3,96.3,124
1785260400,96.3,96.3,96.3,96.3,1
1785260700,96.3,96.3,96.3,96.3,208
1785260760,96.3,96.3,96.3,96.3,17
1785260820,96.3,96.3,96.295,96.295,102
1785260880,96.3,96.3,96.3,96.3,14
1785261180,96.3,96.3,96.3,96.3,15
1785261300,96.3,96.3,96.3,96.3,48
1785261360,96.3,96.3,96.3,96.3,7
1785261420,96.3,96.3,96.3,96.3,2
1785261480,96.3,96.3,96.3,96.3,449
1785261540,96.3,96.3,96.3,96.3,36
1785261600,96.3,96.3,96.3,96.3,55
1785261720,96.3,96.3,96.3,96.3,21
1785261840,96.3,96.3,96.3,96.3,1
1785261960,96.3,96.3,96.3,96.3,14
1785262080,96.3,96.3,96.3,96.3,192
1785262320,96.3,96.3,96.3,96.3,2
1785262380,96.3,96.3,96.3,96.3,23
1785262500,96.3,96.3,96.3,96.3,6
1785262560,96.295,96.3,96.295,96.3,51
1785262680,96.295,96.295,96.295,96.295,300
1785262740,96.295,96.295,96.29,96.29,11835
1785262800,96.295,96.295,96.295,96.295,3
1785262920,96.295,96.295,96.295,96.295,78
1785263220,96.295,96.295,96.295,96.295,3
1785263340,96.295,96.295,96.295,96.295,13
1785263400,96.295,96.295,96.295,96.295,3
1785263460,96.295,96.295,96.295,96.295,15
1785263520,96.295,96.295,96.29,96.29,45
1785263580,96.29,96.29,96.29,96.29,6
1785263640,96.295,96.295,96.295,96.295,193
1785263700,96.295,96.295,96.295,96.295,3
1785263760,96.295,96.295,96.295,96.295,20
1785263820,96.295,96.295,96.295,96.295,300
1785263940,96.295,96.295,96.295,96.295,5
1785264000,96.295,96.295,96.295,96.295,14
1785264180,96.295,96.295,96.295,96.295,15
1785264240,96.295,96.295,96.295,96.295,20
1785264360,96.295,96.295,96.295,96.295,16
1785264420,96.295,96.295,96.29,96.29,23
1785264480,96.295,96.295,96.295,96.295,27
1785264600,96.295,96.295,96.295,96.295,192
1785264660,96.295,96.295,96.295,96.295,17
1785264720,96.295,96.295,96.295,96.295,21
1785264780,96.295,96.295,96.295,96.295,53
1785264900,96.295,96.295,96.295,96.295,29
1785264960,96.295,96.295,96.295,96.295,75
1785265020,96.295,96.295,96.295,96.295,133
1785265140,96.29,96.295,96.29,96.29,63
1785265200,96.295,96.295,96.295,96.295,5
1785265320,96.295,96.295,96.295,96.295,15
1785265500,96.295,96.295,96.295,96.295,404
1785265620,96.295,96.295,96.295,96.295,192
1785265680,96.295,96.295,96.295,96.295,17
1785265860,96.295,96.295,96.295,96.295,10
1785265920,96.295,96.295,96.295,96.295,100
1785265980,96.295,96.295,96.295,96.295,3
1785266040,96.295,96.295,96.295,96.295,19
1785266160,96.295,96.295,96.29,96.29,1192
1785266220,96.295,96.3,96.295,96.295,12891
1785266280,96.295,96.295,96.295,96.295,5492
1785266520,96.295,96.295,96.295,96.295,6
1785266640,96.295,96.3,96.295,96.3,83
1785266700,96.295,96.295,96.295,96.295,332
1785266760,96.3,96.3,96.295,96.295,110
1785266880,96.295,96.295,96.295,96.295,18
1785266940,96.295,96.295,96.295,96.295,82
1785267060,96.295,96.295,96.295,96.295,410
1785267120,96.3,96.3,96.3,96.3,15
1785267180,96.295,96.295,96.295,96.295,500
1785267360,96.295,96.295,96.295,96.295,50
1785267420,96.3,96.3,96.3,96.3,300
1785267480,96.295,96.295,96.295,96.295,1705
1785267600,96.295,96.295,96.295,96.295,12
1785267660,96.295,96.295,96.295,96.295,146
1785267780,96.295,96.295,96.29,96.29,81
1785267840,96.295,96.295,96.295,96.295,18
1785267960,96.295,96.295,96.295,96.295,60
1785268020,96.295,96.295,96.295,96.295,50
1785268140,96.295,96.295,96.295,96.295,250
1785268200,96.295,96.295,96.295,96.295,200
1785268320,96.295,96.295,96.295,96.295,100
1785268380,96.295,96.3,96.295,96.3,2327
1785268440,96.3,96.3,96.295,96.295,193
1785268500,96.295,96.295,96.295,96.295,3
1785268620,96.295,96.295,96.295,96.295,1944
1785268680,96.295,96.295,96.295,96.295,366
1785268740,96.295,96.295,96.295,96.295,36
1785268800,96.295,96.295,96.295,96.295,315
1785268860,96.295,96.295,96.295,96.295,1239
1785268920,96.295,96.295,96.295,96.295,2529
1785268980,96.295,96.295,96.295,96.295,1208
1785269040,96.295,96.295,96.295,96.295,596
1785269100,96.295,96.295,96.295,96.295,237
1785269160,96.29,96.29,96.29,96.29,25
1785269220,96.295,96.295,96.295,96.295,9
1785269340,96.295,96.295,96.295,96.295,31
1785269460,96.295,96.295,96.295,96.295,1
1785269520,96.295,96.295,96.295,96.295,15
1785269580,96.295,96.295,96.295,96.295,15
1785269640,96.295,96.295,96.295,96.295,288
1785269700,96.295,96.295,96.295,96.295,24
1785269760,96.295,96.295,96.295,96.295,1
1785269880,96.295,96.295,96.295,96.295,10
1785269940,96.295,96.295,96.295,96.295,200
1785270060,96.295,96.295,96.295,96.295,252
1785270180,96.295,96.295,96.295,96.295,29
1785270480,96.295,96.295,96.295,96.295,509
1785270540,96.295,96.295,96.295,96.295,24
1785270600,96.295,96.295,96.295,96.295,246
1785270660,96.295,96.295,96.295,96.295,100
1785270720,96.295,96.295,96.295,96.295,103
1785270780,96.295,96.295,96.295,96.295,8
1785270960,96.295,96.295,96.295,96.295,110
1785271020,96.295,96.295,96.295,96.295,1
1785271140,96.295,96.295,96.295,96.295,40
1785271320,96.295,96.295,96.295,96.295,11
1785271380,96.295,96.295,96.295,96.295,24
1785271440,96.295,96.295,96.295,96.295,12
1785271500,96.295,96.295,96.295,96.295,50
1785271560,96.295,96.295,96.295,96.295,14
1785271680,96.295,96.295,96.295,96.295,12
1785271800,96.295,96.295,96.295,96.295,11
1785271920,96.295,96.295,96.295,96.295,132
1785271980,96.295,96.295,96.295,96.295,24
1785272040,96.295,96.295,96.295,96.295,15
1785272100,96.295,96.295,96.295,96.295,6
1785272160,96.295,96.295,96.295,96.295,18
1785272340,96.29,96.29,96.29,96.29,194
1785276000,96.29,96.29,96.29,96.29,1100
1785276060,96.29,96.29,96.29,96.29,94
1785276120,96.29,96.29,96.29,96.29,318
1785276180,96.295,96.295,96.29,96.295,27
1785276420,96.29,96.29,96.29,96.29,3695
1785276480,96.29,96.29,96.29,96.29,7
1785276540,96.29,96.29,96.29,96.29,4
1785276660,96.29,96.29,96.29,96.29,1091
1785276780,96.295,96.295,96.295,96.295,10
1785277140,96.29,96.29,96.29,96.29,427
1785277320,96.285,96.285,96.285,96.285,655
1785277380,96.285,96.285,96.285,96.285,122
1785277440,96.285,96.285,96.285,96.285,400
1785277800,96.29,96.29,96.29,96.29,100
1785277860,96.29,96.29,96.29,96.29,80
1785278580,96.285,96.285,96.285,96.285,250
1785278640,96.285,96.285,96.285,96.285,72
1785278700,96.285,96.285,96.285,96.285,5
1785279420,96.285,96.285,96.285,96.285,230
1785279900,96.285,96.285,96.285,96.285,150
1785280200,96.29,96.29,96.29,96.29,6
1785280920,96.29,96.29,96.29,96.29,9
1785281100,96.285,96.285,96.285,96.285,38
1785281340,96.29,96.29,96.29,96.29,15
1785281400,96.29,96.29,96.29,96.29,20
1785281520,96.285,96.285,96.285,96.285,3
1785281580,96.285,96.29,96.285,96.285,36
1785281640,96.285,96.285,96.285,96.285,17
1785281700,96.285,96.285,96.285,96.285,2
1785281760,96.285,96.285,96.285,96.285,8
1785281820,96.285,96.285,96.285,96.285,2
1785281880,96.285,96.285,96.285,96.285,4
1785281940,96.285,96.285,96.285,96.285,6
1785282000,96.285,96.285,96.285,96.285,8
1785282060,96.285,96.285,96.285,96.285,6
1785282120,96.285,96.285,96.285,96.285,2
1785282180,96.285,96.285,96.285,96.285,6
1785282240,96.285,96.285,96.285,96.285,8
1785282300,96.285,96.285,96.285,96.285,4
1785282360,96.285,96.285,96.285,96.285,6
1785282420,96.285,96.285,96.285,96.285,56
1785282480,96.285,96.285,96.285,96.285,4
1785282540,96.285,96.285,96.285,96.285,6
1785282600,96.29,96.29,96.285,96.285,5
1785282660,96.285,96.285,96.285,96.285,8
1785282720,96.285,96.285,96.285,96.285,4
1785282780,96.285,96.285,96.285,96.285,9
1785282840,96.285,96.285,96.285,96.285,4
1785282900,96.285,96.285,96.285,96.285,7
1785282960,96.285,96.285,96.285,96.285,4
1785283020,96.285,96.285,96.285,96.285,8
1785283080,96.285,96.285,96.285,96.285,8
1785283140,96.285,96.29,96.285,96.285,14
1785283200,96.285,96.285,96.285,96.285,2
1785283260,96.285,96.285,96.285,96.285,9
1785283320,96.285,96.285,96.285,96.285,8
1785283380,96.285,96.285,96.285,96.285,2
1785283440,96.285,96.285,96.285,96.285,2
1785283500,96.285,96.285,96.285,96.285,14
1785283560,96.285,96.285,96.285,96.285,2
1785283620,96.285,96.285,96.285,96.285,6
1785283680,96.285,96.285,96.285,96.285,8
1785283740,96.285,96.285,96.285,96.285,4
1785283800,96.285,96.285,96.285,96.285,4
1785283860,96.285,96.285,96.285,96.285,6
1785283920,96.285,96.285,96.285,96.285,6
1785283980,96.285,96.285,96.285,96.285,4
1785284040,96.285,96.285,96.285,96.285,9
1785284100,96.29,96.295,96.29,96.29,1546
1785284340,96.29,96.29,96.29,96.29,25
1785284400,96.285,96.285,96.285,96.285,6
1785284460,96.285,96.29,96.285,96.29,25
1785284520,96.29,96.29,96.29,96.29,65
1785284760,96.29,96.29,96.29,96.29,72
1785284820,96.29,96.29,96.285,96.285,62
1785284880,96.285,96.29,96.285,96.29,21
1785284940,96.29,96.29,96.29,96.29,1
1785285000,96.29,96.29,96.29,96.29,2
1785285060,96.29,96.29,96.29,96.29,2
1785285120,96.29,96.29,96.29,96.29,3
1785285180,96.29,96.29,96.285,96.285,75
1785285240,96.285,96.285,96.285,96.285,6
1785285300,96.285,96.29,96.285,96.285,40
1785285360,96.285,96.29,96.285,96.285,38
1785285420,96.285,96.285,96.285,96.285,2
1785285480,96.285,96.285,96.285,96.285,4
1785285540,96.285,96.285,96.285,96.285,3
1785285600,96.285,96.285,96.285,96.285,11
1785285660,96.285,96.29,96.285,96.29,14
1785285720,96.285,96.285,96.285,96.285,10
1785285780,96.285,96.285,96.285,96.285,4
1785285840,96.285,96.285,96.285,96.285,2
1785285900,96.285,96.285,96.285,96.285,7
1785285960,96.285,96.285,96.285,96.285,7
1785286020,96.285,96.285,96.285,96.285,3
1785286080,96.285,96.285,96.285,96.285,11
1785286140,96.285,96.285,96.285,96.285,4
1785286200,96.285,96.285,96.285,96.285,2
1785286260,96.285,96.285,96.285,96.285,6
1785286320,96.285,96.285,96.285,96.285,10
1785286380,96.285,96.285,96.285,96.285,2
1785286440,96.285,96.29,96.285,96.285,10
1785286500,96.285,96.285,96.285,96.285,4
1785286560,96.285,96.285,96.285,96.285,7
1785286620,96.285,96.285,96.285,96.285,7
1785286740,96.285,96.285,96.285,96.285,10
1785286800,96.285,96.285,96.285,96.285,4
1785286860,96.285,96.285,96.285,96.285,5
1785286920,96.285,96.285,96.285,96.285,7
1785286980,96.285,96.285,96.285,96.285,7
1785287040,96.285,96.285,96.285,96.285,2
1785287100,96.285,96.285,96.285,96.285,6
1785287160,96.285,96.285,96.285,96.285,9
1785287220,96.285,96.285,96.285,96.285,4
1785287340,96.285,96.285,96.285,96.285,9
1785287400,96.285,96.285,96.285,96.285,10
1785287460,96.285,96.285,96.285,96.285,2
1785287520,96.285,96.285,96.285,96.285,8
1785287580,96.285,96.285,96.285,96.285,2
1785287640,96.285,96.285,96.285,96.285,8
1785287700,96.285,96.285,96.285,96.285,7
1785287820,96.285,96.285,96.285,96.285,10
1785287880,96.285,96.285,96.285,96.285,5
1785287940,96.285,96.29,96.285,96.29,726
1785288000,96.285,96.285,96.285,96.285,1
1785288060,96.285,96.285,96.285,96.285,4
1785288120,96.285,96.285,96.285,96.285,2
1785288180,96.285,96.285,96.285,96.285,2
1785288240,96.285,96.285,96.285,96.285,7
1785288300,96.285,96.285,96.285,96.285,6
1785288360,96.285,96.285,96.285,96.285,8
1785288420,96.285,96.285,96.285,96.285,7
1785288480,96.285,96.285,96.285,96.285,8
1785288540,96.285,96.285,96.285,96.285,8
1785288600,96.285,96.285,96.285,96.285,4
1785288660,96.285,96.285,96.285,96.285,2
1785288720,96.285,96.285,96.285,96.285,5
1785288780,96.285,96.285,96.285,96.285,11
1785288840,96.285,96.285,96.285,96.285,2
1785288900,96.29,96.29,96.285,96.285,303
1785288960,96.285,96.285,96.285,96.285,2
1785289020,96.285,96.285,96.285,96.285,2
1785289080,96.285,96.285,96.285,96.285,4
1785289140,96.285,96.285,96.285,96.285,5
1785289200,96.285,96.285,96.285,96.285,8
1785289260,96.29,96.29,96.285,96.285,256
1785289320,96.285,96.285,96.285,96.285,5
1785289380,96.285,96.285,96.285,96.285,2
1785289500,96.285,96.285,96.285,96.285,6
1785289560,96.285,96.285,96.285,96.285,5
1785289620,96.285,96.285,96.285,96.285,8
1785289680,96.285,96.285,96.285,96.285,6
1785289740,96.285,96.285,96.285,96.285,6
1785289800,96.285,96.285,96.285,96.285,6
1785289860,96.285,96.285,96.285,96.285,6
1785289980,96.285,96.285,96.285,96.285,13
1785290040,96.285,96.285,96.285,96.285,2
1785290100,96.285,96.285,96.285,96.285,6
1785290160,96.285,96.285,96.285,96.285,4
1785290220,96.285,96.29,96.285,96.29,200
1785290280,96.285,96.285,96.285,96.285,4
1785290340,96.285,96.285,96.285,96.285,6
1785290400,96.285,96.285,96.285,96.285,8
1785290460,96.29,96.29,96.285,96.285,304
1785290520,96.285,96.285,96.285,96.285,7
1785290580,96.29,96.29,96.285,96.285,62
1785290640,96.285,96.285,96.285,96.285,6
1785290700,96.285,96.285,96.285,96.285,2
1785290760,96.285,96.285,96.285,96.285,10
1785290820,96.285,96.285,96.285,96.285,4
1785290880,96.285,96.285,96.285,96.285,4
1785290940,96.285,96.285,96.285,96.285,8
1785291000,96.285,96.285,96.285,96.285,8
1785291060,96.285,96.285,96.285,96.285,2
1785291120,96.285,96.285,96.285,96.285,6
1785291180,96.285,96.285,96.285,96.285,8
1785291240,96.285,96.285,96.285,96.285,6
1785291300,96.285,96.285,96.285,96.285,2
1785291360,96.285,96.285,96.285,96.285,10
1785291420,96.285,96.285,96.285,96.285,2
1785291480,96.29,96.29,96.285,96.285,8
1785291540,96.285,96.285,96.285,96.285,2
1785291600,96.285,96.285,96.285,96.285,12
1785291660,96.285,96.285,96.285,96.285,2
1785291720,96.285,96.285,96.285,96.285,4
1785291780,96.285,96.285,96.285,96.285,10
1785291840,96.285,96.285,96.285,96.285,11
1785291900,96.285,96.285,96.285,96.285,6
1785291960,96.29,96.29,96.29,96.29,1000
1785292020,96.29,96.29,96.29,96.29,1065
1785292320,96.29,96.29,96.29,96.29,3
1785292380,96.29,96.29,96.29,96.29,16
1785292440,96.29,96.29,96.29,96.29,6
1785292500,96.29,96.29,96.29,96.29,2
1785292560,96.29,96.29,96.29,96.29,6
1785292620,96.29,96.29,96.29,96.29,6
1785292680,96.29,96.29,96.29,96.29,4
1785292740,96.29,96.29,96.29,96.29,8
1785292800,96.29,96.29,96.29,96.29,4
1785292860,96.29,96.29,96.29,96.29,9
1785292920,96.29,96.29,96.29,96.29,6
1785292980,96.29,96.29,96.29,96.29,2
1785293040,96.295,96.295,96.29,96.29,33
1785293100,96.29,96.29,96.29,96.29,6
1785293160,96.29,96.29,96.29,96.29,6
1785293220,96.29,96.29,96.29,96.29,2
1785293280,96.29,96.29,96.29,96.29,8
1785293340,96.29,96.29,96.29,96.29,6
1785293400,96.29,96.29,96.29,96.29,19
1785293460,96.29,96.29,96.29,96.29,8
1785293580,96.29,96.29,96.29,96.29,9
1785293640,96.29,96.29,96.29,96.29,4
1785293700,96.29,96.29,96.29,96.29,6
1785293760,96.29,96.29,96.29,96.29,6
1785293820,96.29,96.29,96.29,96.29,6
1785293880,96.29,96.29,96.29,96.29,12
1785293940,96.29,96.29,96.29,96.29,19
1785297540,96.295,96.295,96.295,96.295,30
1785297660,96.29,96.29,96.29,96.29,76
1785297780,96.295,96.295,96.29,96.29,1014
1785298200,96.29,96.295,96.29,96.295,250
1785298800,96.295,96.295,96.295,96.295,1
1785298980,96.29,96.29,96.29,96.29,100
1785299220,96.295,96.295,96.295,96.295,30
1785299580,96.295,96.295,96.29,96.29,194
1785299760,96.295,96.295,96.295,96.295,10
1785299940,96.295,96.295,96.295,96.295,1
1785300000,96.29,96.29,96.29,96.29,5
1785300060,96.295,96.295,96.295,96.295,180
1785300120,96.295,96.295,96.295,96.295,1304
1785300240,96.295,96.295,96.295,96.295,400
1785300300,96.295,96.295,96.295,96.295,540
1785300360,96.295,96.295,96.295,96.295,36
1785300420,96.295,96.295,96.295,96.295,85
1785300480,96.295,96.295,96.295,96.295,11
1785300540,96.295,96.295,96.295,96.295,5
1785300660,96.295,96.295,96.295,96.295,101
1785300720,96.295,96.295,96.295,96.295,1
1785300900,96.295,96.295,96.295,96.295,167
1785301320,96.295,96.295,96.295,96.295,30
1785301740,96.295,96.295,96.295,96.295,1
1785301920,96.295,96.295,96.295,96.295,100
1785301980,96.295,96.295,96.295,96.295,192
1785302220,96.295,96.295,96.295,96.295,1
1785302520,96.295,96.295,96.295,96.295,408
1785302820,96.295,96.295,96.295,96.295,1
1785302880,96.295,96.295,96.295,96.295,8
1785302940,96.295,96.295,96.295,96.295,1180
1785303060,96.295,96.295,96.295,96.295,20
1785303180,96.295,96.295,96.295,96.295,200
1785303360,96.295,96.295,96.295,96.295,100
1785304440,96.3,96.3,96.3,96.3,1
1785304560,96.3,96.3,96.3,96.3,10
1785304620,96.3,96.3,96.3,96.3,1
1785305100,96.3,96.3,96.3,96.3,1
1785305340,96.3,96.3,96.295,96.295,381
1785305820,96.295,96.295,96.295,96.295,17
1785306240,96.3,96.3,96.3,96.3,100
1785307080,96.3,96.3,96.3,96.3,43
1785307140,96.3,96.3,96.3,96.3,192
1785307560,96.295,96.295,96.295,96.295,197
1785307680,96.295,96.295,96.295,96.295,526
1785307740,96.295,96.295,96.295,96.295,135
1785307800,96.295,96.295,96.295,96.295,256
1785307980,96.3,96.3,96.3,96.3,5
1785308160,96.295,96.295,96.295,96.295,17
1785308220,96.295,96.295,96.295,96.295,21
1785308280,96.295,96.295,96.295,96.295,503
1785308640,96.295,96.295,96.295,96.295,100
1785308700,96.295,96.295,96.295,96.295,32
1785308940,96.3,96.3,96.3,96.3,97
1785309240,96.3,96.3,96.3,96.3,375
1785309600,96.295,96.295,96.295,96.295,61
1785309900,96.3,96.3,96.295,96.295,194
1785310200,96.295,96.295,96.295,96.295,4
1785310320,96.295,96.295,96.295,96.295,9
1785310500,96.295,96.295,96.295,96.295,1100
1785310560,96.295,96.3,96.295,96.3,3
1785310620,96.295,96.295,96.295,96.295,3
1785310800,96.295,96.295,96.295,96.295,100
1785310920,96.295,96.295,96.295,96.295,3
1785311220,96.295,96.295,96.295,96.295,100
1785311400,96.295,96.295,96.295,96.295,100
1785311460,96.295,96.3,96.295,96.3,165
1785311580,96.295,96.295,96.295,96.295,100
1785311820,96.295,96.295,96.295,96.295,100
1785311880,96.295,96.3,96.295,96.3,108
1785312180,96.295,96.295,96.295,96.295,250
1785312480,96.3,96.3,96.3,96.3,192
1785312540,96.295,96.295,96.295,96.295,3
1785312660,96.295,96.3,96.295,96.295,1127
1785312780,96.295,96.295,96.295,96.295,54
1785312840,96.295,96.295,96.295,96.295,15
1785313020,96.3,96.3,96.295,96.295,295
1785313140,96.295,96.295,96.295,96.295,24
1785313200,96.295,96.295,96.295,96.295,30
1785313320,96.295,96.295,96.295,96.295,120
1785313380,96.295,96.295,96.295,96.295,3
1785313500,96.295,96.295,96.295,96.295,125
1785313560,96.295,96.295,96.295,96.295,150
1785313680,96.295,96.295,96.295,96.295,101
1785313860,96.295,96.295,96.295,96.295,18
1785313920,96.3,96.3,96.3,96.3,20
1785314100,96.295,96.295,96.295,96.295,50
1785314160,96.295,96.295,96.29,96.29,8985
1785314400,96.29,96.295,96.29,96.295,1301
1785314460,96.295,96.295,96.295,96.295,300
1785314760,96.29,96.29,96.29,96.29,200
1785314820,96.295,96.295,96.295,96.295,5
1785315060,96.295,96.295,96.295,96.295,4
1785315180,96.29,96.29,96.29,96.29,1877
1785315240,96.29,96.29,96.285,96.29,10435
1785315360,96.29,96.29,96.29,96.29,1280
1785315420,96.295,96.295,96.295,96.295,1
1785315480,96.29,96.29,96.29,96.29,281
1785315600,96.29,96.29,96.29,96.29,9
1785315660,96.29,96.29,96.29,96.29,50
1785316140,96.29,96.29,96.29,96.29,50
1785316560,96.29,96.29,96.29,96.29,275
1785316620,96.29,96.29,96.29,96.29,120
1785316680,96.29,96.29,96.29,96.29,100
1785316920,96.29,96.29,96.29,96.29,680
1785317040,96.29,96.29,96.29,96.29,120
1785317100,96.29,96.29,96.29,96.29,50
1785317160,96.29,96.29,96.29,96.29,50
1785317220,96.29,96.29,96.29,96.29,123
1785317280,96.29,96.29,96.29,96.29,50
1785317340,96.29,96.29,96.29,96.29,2
1785317400,96.29,96.29,96.29,96.29,100
1785317580,96.295,96.295,96.295,96.295,192
1785317640,96.29,96.29,96.29,96.29,5
1785317700,96.29,96.29,96.29,96.29,57
1785318060,96.29,96.29,96.29,96.29,3
1785318120,96.29,96.29,96.29,96.29,7
1785318360,96.29,96.29,96.29,96.29,7984
1785318420,96.29,96.29,96.29,96.29,52
1785318480,96.29,96.29,96.29,96.29,113
1785318600,96.29,96.29,96.29,96.29,9
1785318780,96.29,96.29,96.29,96.29,75
1785318840,96.29,96.29,96.29,96.29,1
1785318960,96.29,96.29,96.29,96.29,8
1785319020,96.29,96.29,96.29,96.29,10
1785319260,96.285,96.285,96.285,96.285,4
1785319320,96.29,96.29,96.29,96.29,240
1785319560,96.285,96.285,96.285,96.285,308
1785319740,96.285,96.285,96.285,96.285,500
1785320040,96.285,96.285,96.285,96.285,11325
1785320100,96.285,96.285,96.285,96.285,218
1785320160,96.285,96.285,96.285,96.285,8
1785320220,96.285,96.285,96.285,96.285,52
1785320280,96.285,96.285,96.285,96.285,233
1785320460,96.28,96.28,96.28,96.28,8
1785320580,96.28,96.28,96.28,96.28,6535
1785320640,96.28,96.28,96.28,96.28,314
1785320700,96.28,96.28,96.28,96.28,25
1785320880,96.275,96.28,96.275,96.28,532
1785320940,96.28,96.28,96.28,96.28,100
1785321060,96.28,96.28,96.28,96.28,309
1785321180,96.275,96.28,96.275,96.28,59
1785321420,96.28,96.285,96.28,96.28,2686
1785321480,96.28,96.28,96.28,96.28,1237
1785321540,96.28,96.28,96.28,96.28,214
1785321600,96.28,96.28,96.28,96.28,548
1785321660,96.28,96.28,96.28,96.28,172
1785321720,96.28,96.28,96.28,96.28,207
1785321780,96.28,96.28,96.28,96.28,400
1785321840,96.28,96.28,96.28,96.28,220
1785321960,96.285,96.285,96.285,96.285,125
1785322200,96.285,96.285,96.285,96.285,25
1785322260,96.28,96.28,96.28,96.28,27
1785322320,96.28,96.28,96.28,96.28,543
1785322380,96.285,96.285,96.28,96.28,50
1785322440,96.28,96.28,96.28,96.28,100
1785322620,96.285,96.285,96.285,96.285,192
1785322740,96.28,96.28,96.28,96.28,82
1785322800,96.28,96.28,96.28,96.28,250
1785322860,96.28,96.28,96.28,96.28,50
1785323040,96.28,96.28,96.28,96.28,100
1785323220,96.28,96.28,96.28,96.28,1
1785323400,96.28,96.28,96.28,96.28,200
1785323460,96.285,96.285,96.285,96.285,10
1785323580,96.285,96.285,96.285,96.285,40
1785323640,96.285,96.285,96.285,96.285,399
1785323700,96.28,96.285,96.28,96.285,911
1785323940,96.28,96.28,96.28,96.28,2
1785324000,96.285,96.285,96.285,96.285,1
1785324060,96.285,96.285,96.285,96.285,192
1785324360,96.285,96.285,96.285,96.285,1
1785324480,96.285,96.285,96.285,96.285,315
1785324540,96.285,96.285,96.285,96.285,11
1785324720,96.285,96.285,96.285,96.285,402
1785324780,96.285,96.285,96.285,96.285,515
1785324840,96.28,96.28,96.28,96.28,6299
1785324900,96.28,96.28,96.28,96.28,570
1785324960,96.28,96.285,96.28,96.285,150
1785325020,96.28,96.28,96.28,96.28,625
1785325080,96.28,96.28,96.28,96.28,58
1785325140,96.28,96.28,96.28,96.28,200
1785325320,96.28,96.28,96.28,96.28,312
1785325380,96.28,96.28,96.28,96.28,360
1785325440,96.28,96.28,96.28,96.28,600
1785325500,96.28,96.28,96.28,96.28,12
1785325620,96.285,96.285,96.285,96.285,192
1785325860,96.28,96.28,96.28,96.28,100
1785325920,96.28,96.28,96.28,96.28,250
1785325980,96.28,96.28,96.28,96.28,16
1785326040,96.285,96.285,96.285,96.285,100
1785326100,96.285,96.285,96.285,96.285,22
1785326160,96.285,96.285,96.285,96.285,230
1785326220,96.285,96.285,96.285,96.285,140
1785326280,96.285,96.285,96.285,96.285,342
1785326340,96.285,96.285,96.285,96.285,71
1785326400,96.285,96.285,96.285,96.285,1654
1785326460,96.285,96.285,96.285,96.285,1761
1785326580,96.285,96.285,96.285,96.285,907
1785326640,96.285,96.285,96.285,96.285,30
1785326700,96.285,96.285,96.285,96.285,1
1785326820,96.285,96.285,96.285,96.285,112
1785326880,96.28,96.28,96.28,96.28,150
1785326940,96.285,96.285,96.285,96.285,660
1785327060,96.285,96.285,96.285,96.285,40
1785327120,96.285,96.285,96.285,96.285,318
1785327240,96.285,96.285,96.285,96.285,202
1785327300,96.285,96.285,96.285,96.285,5
1785327360,96.285,96.285,96.28,96.28,271
1785327420,96.28,96.28,96.28,96.28,1092
1785327480,96.28,96.28,96.28,96.28,9
1785327540,96.285,96.285,96.28,96.28,918
1785327600,96.285,96.285,96.28,96.28,202
1785327720,96.285,96.285,96.28,96.28,629
1785327780,96.285,96.285,96.285,96.285,1
1785327840,96.285,96.285,96.28,96.28,16
1785327960,96.28,96.28,96.28,96.28,100
1785328020,96.285,96.285,96.285,96.285,193
1785328200,96.28,96.285,96.28,96.285,1053
1785328260,96.28,96.28,96.28,96.28,109
1785328320,96.28,96.28,96.28,96.28,8
1785328440,96.28,96.28,96.28,96.28,580
1785328560,96.28,96.28,96.28,96.28,2
1785328620,96.28,96.28,96.28,96.28,126
1785328680,96.28,96.285,96.28,96.285,325
1785328800,96.28,96.285,96.28,96.285,14
1785328920,96.285,96.285,96.285,96.285,192
1785329100,96.28,96.28,96.28,96.28,43
1785329400,96.285,96.285,96.285,96.285,3
1785329580,96.285,96.285,96.285,96.285,192
1785329700,96.285,96.285,96.285,96.285,1
1785329820,96.285,96.285,96.285,96.285,1
1785329880,96.285,96.285,96.285,96.285,194
1785329940,96.285,96.285,96.28,96.28,21
1785330000,96.28,96.28,96.28,96.28,4
1785330060,96.28,96.285,96.28,96.285,3
1785330120,96.28,96.285,96.28,96.285,109
1785330180,96.285,96.285,96.285,96.285,85
1785330240,96.285,96.285,96.28,96.28,350
1785330300,96.285,96.285,96.285,96.285,1
1785330420,96.28,96.28,96.28,96.28,7
1785330480,96.285,96.285,96.285,96.285,1
1785330540,96.285,96.285,96.285,96.285,5172
1785330600,96.285,96.285,96.285,96.285,161
1785330660,96.285,96.285,96.285,96.285,256
1785330840,96.285,96.285,96.285,96.285,244
1785330900,96.28,96.28,96.28,96.28,1
1785331020,96.285,96.285,96.285,96.285,213
1785331080,96.285,96.285,96.28,96.28,45
1785331140,96.285,96.285,96.285,96.285,68
1785331200,96.285,96.285,96.285,96.285,192
1785331260,96.285,96.285,96.285,96.285,1
1785331320,96.285,96.285,96.285,96.285,5
1785331380,96.285,96.285,96.285,96.285,6
1785331440,96.285,96.285,96.285,96.285,842
1785331500,96.285,96.285,96.285,96.285,119
1785331560,96.285,96.285,96.285,96.285,138
1785331620,96.285,96.285,96.28,96.285,680
1785331680,96.285,96.285,96.28,96.285,3
1785331800,96.285,96.285,96.285,96.285,193
1785332040,96.285,96.285,96.285,96.285,299
1785332100,96.285,96.285,96.285,96.285,350
1785332160,96.285,96.285,96.285,96.285,157
1785332220,96.285,96.285,96.285,96.285,40
1785332280,96.285,96.285,96.285,96.285,1
1785332340,96.285,96.285,96.285,96.285,293
1785332400,96.285,96.285,96.285,96.285,1
1785332460,96.285,96.285,96.285,96.285,304
1785332520,96.285,96.285,96.285,96.285,10
1785332580,96.285,96.285,96.285,96.285,132
1785332700,96.285,96.285,96.285,96.285,204
1785332760,96.285,96.285,96.28,96.28,76
1785332820,96.285,96.285,96.285,96.285,320
1785332940,96.285,96.285,96.285,96.285,193
1785333000,96.285,96.285,96.285,96.285,1
1785333120,96.285,96.285,96.285,96.285,400
1785333180,96.285,96.285,96.285,96.285,77
1785333240,96.285,96.285,96.285,96.285,2125
1785333300,96.285,96.285,96.285,96.285,314
1785333360,96.285,96.285,96.285,96.285,1
1785333420,96.285,96.285,96.285,96.285,16
1785333540,96.285,96.29,96.285,96.29,12791
1785333600,96.29,96.29,96.285,96.285,601
1785333660,96.285,96.29,96.285,96.29,1201
1785333720,96.285,96.29,96.285,96.29,112
1785333840,96.285,96.29,96.285,96.29,317
1785334020,96.29,96.29,96.285,96.285,199
1785334080,96.29,96.29,96.29,96.29,338
1785334200,96.285,96.285,96.285,96.285,49
1785334260,96.285,96.285,96.285,96.285,111
1785334320,96.285,96.285,96.285,96.285,170
1785334380,96.29,96.29,96.285,96.285,259
1785334560,96.29,96.29,96.29,96.29,500
1785334620,96.285,96.29,96.285,96.29,495
1785334680,96.285,96.285,96.285,96.285,2
1785334860,96.285,96.285,96.285,96.285,535
1785334980,96.29,96.29,96.29,96.29,243
1785335100,96.29,96.29,96.29,96.29,900
1785335160,96.285,96.285,96.285,96.285,1500
1785335280,96.285,96.29,96.285,96.29,4
1785335340,96.285,96.285,96.285,96.285,200
1785335400,96.29,96.29,96.29,96.29,50
1785335460,96.29,96.29,96.29,96.29,500
1785335580,96.285,96.285,96.285,96.285,240
1785335640,96.29,96.29,96.29,96.29,552
1785335700,96.29,96.29,96.29,96.29,51
1785335760,96.285,96.285,96.285,96.285,140
1785335820,96.29,96.29,96.29,96.29,1898
1785335880,96.285,96.29,96.285,96.29,51
1785336000,96.285,96.285,96.285,96.285,270
1785336180,96.29,96.29,96.285,96.29,1832
1785336240,96.29,96.29,96.285,96.29,343
1785336300,96.285,96.29,96.285,96.285,234
1785336360,96.285,96.285,96.285,96.285,10
1785336420,96.29,96.29,96.29,96.29,3
1785336480,96.29,96.29,96.29,96.29,1
1785336540,96.29,96.29,96.29,96.29,12
1785336600,96.285,96.29,96.285,96.29,812
1785336660,96.29,96.29,96.29,96.29,1170
1785336720,96.29,96.29,96.29,96.29,50
1785336780,96.29,96.29,96.29,96.29,50
1785336840,96.29,96.29,96.29,96.29,243
1785336900,96.285,96.29,96.285,96.29,860
1785337140,96.285,96.285,96.285,96.285,124
1785337200,96.29,96.29,96.29,96.29,2
1785337320,96.285,96.285,96.285,96.285,15
1785337380,96.285,96.285,96.285,96.285,1270
1785337440,96.285,96.285,96.285,96.285,222
1785337500,96.29,96.29,96.285,96.285,563
1785337560,96.29,96.29,96.29,96.29,5
1785337620,96.29,96.29,96.29,96.29,101
1785337680,96.29,96.29,96.29,96.29,1
1785337740,96.29,96.29,96.285,96.285,252
1785337800,96.285,96.285,96.285,96.285,333
1785337920,96.285,96.285,96.285,96.285,3
1785337980,96.285,96.285,96.285,96.285,38
1785338040,96.29,96.29,96.29,96.29,192
1785338100,96.29,96.29,96.29,96.29,29
1785338220,96.29,96.29,96.285,96.29,180
1785338280,96.29,96.29,96.285,96.29,671
1785338460,96.285,96.285,96.285,96.285,366
1785338520,96.29,96.29,96.285,96.285,928
1785338580,96.285,96.285,96.285,96.285,600
1785338640,96.285,96.285,96.285,96.285,8569
1785338700,96.285,96.285,96.28,96.28,92
1785338760,96.285,96.285,96.285,96.285,296
1785338820,96.285,96.285,96.285,96.285,2
1785338880,96.285,96.285,96.285,96.285,2135
1785339000,96.285,96.285,96.285,96.285,505
1785339060,96.285,96.285,96.28,96.285,2337
1785339120,96.285,96.285,96.28,96.28,102
1785339180,96.285,96.285,96.285,96.285,2677
1785339240,96.285,96.285,96.285,96.285,2406
1785339300,96.285,96.285,96.285,96.285,1423
1785339360,96.285,96.285,96.285,96.285,170
1785339420,96.285,96.285,96.285,96.285,11
1785339480,96.29,96.29,96.285,96.285,672
1785339540,96.285,96.285,96.285,96.285,1222
1785339600,96.285,96.285,96.285,96.285,1720
1785339660,96.285,96.285,96.285,96.285,671
1785339720,96.285,96.285,96.285,96.285,328
1785339780,96.29,96.29,96.285,96.285,186
1785339840,96.285,96.285,96.285,96.285,225
1785339900,96.285,96.285,96.285,96.285,724
1785339960,96.285,96.29,96.285,96.29,175
1785340020,96.29,96.29,96.285,96.285,460
1785340080,96.285,96.285,96.285,96.285,7
1785340260,96.285,96.285,96.285,96.285,1289
1785340380,96.285,96.285,96.285,96.285,235
1785340440,96.285,96.285,96.285,96.285,1200
1785340500,96.285,96.285,96.285,96.285,195
1785340560,96.285,96.285,96.285,96.285,250
1785340620,96.285,96.285,96.285,96.285,6398
1785340680,96.285,96.285,96.28,96.28,121
1785340800,96.285,96.285,96.285,96.285,1251
1785340860,96.285,96.285,96.285,96.285,57
1785340920,96.285,96.285,96.285,96.285,560
1785340980,96.285,96.285,96.285,96.285,261
1785341100,96.285,96.285,96.285,96.285,42
1785341220,96.285,96.285,96.285,96.285,44
1785341280,96.29,96.29,96.29,96.29,192
1785341340,96.29,96.29,96.285,96.285,3543
1785341460,96.29,96.29,96.29,96.29,100
1785341520,96.285,96.285,96.285,96.285,3
1785341580,96.285,96.285,96.285,96.285,37
1785341700,96.285,96.285,96.285,96.285,3
1785341760,96.285,96.29,96.285,96.285,14
1785341820,96.285,96.29,96.285,96.29,59
1785341940,96.285,96.29,96.285,96.29,395
1785342000,96.29,96.29,96.29,96.29,83
1785342060,96.29,96.29,96.29,96.29,193
1785342120,96.29,96.29,96.285,96.285,102
1785342180,96.29,96.29,96.29,96.29,10
1785342240,96.29,96.29,96.29,96.29,955
1785342300,96.29,96.29,96.29,96.29,251
1785342360,96.29,96.29,96.29,96.29,1231
1785342420,96.29,96.29,96.29,96.29,1124
1785342540,96.29,96.29,96.29,96.29,6
1785342600,96.29,96.29,96.29,96.29,14
1785342660,96.29,96.29,96.29,96.29,354
1785342780,96.29,96.29,96.29,96.29,262
1785342840,96.29,96.29,96.285,96.285,287
1785342900,96.29,96.29,96.29,96.29,1
1785343080,96.29,96.29,96.29,96.29,44
1785343140,96.285,96.285,96.285,96.285,200
1785343200,96.29,96.29,96.29,96.29,1
1785343260,96.29,96.29,96.29,96.29,2003
1785343320,96.29,96.29,96.29,96.29,1895
1785343380,96.29,96.29,96.29,96.29,2394
1785343440,96.29,96.29,96.29,96.29,719
1785343500,96.29,96.29,96.29,96.29,230
1785343560,96.29,96.29,96.29,96.29,258
1785343620,96.29,96.29,96.29,96.29,1026
1785343680,96.29,96.29,96.29,96.29,1329
1785343740,96.29,96.29,96.29,96.29,217
1785343800,96.29,96.29,96.29,96.29,300
1785343860,96.29,96.29,96.29,96.29,260
1785343920,96.29,96.29,96.29,96.29,352
1785343980,96.29,96.29,96.29,96.29,93
1785344040,96.29,96.29,96.29,96.29,51
1785344100,96.285,96.29,96.285,96.29,49
1785344160,96.29,96.29,96.29,96.29,22
1785344220,96.29,96.29,96.285,96.285,156
1785344280,96.29,96.29,96.29,96.29,5
1785344340,96.29,96.29,96.285,96.285,1645
1785344400,96.29,96.29,96.285,96.29,485
1785344460,96.29,96.29,96.29,96.29,194
1785344520,96.29,96.29,96.285,96.285,422
1785344580,96.29,96.29,96.285,96.29,83
1785344640,96.29,96.29,96.29,96.29,593
1785344700,96.29,96.29,96.29,96.29,81
1785344760,96.29,96.29,96.29,96.29,440
1785344820,96.29,96.29,96.285,96.285,6886
1785344880,96.285,96.29,96.285,96.29,115
1785344940,96.285,96.285,96.285,96.285,53
1785345000,96.29,96.29,96.29,96.29,343
1785345060,96.29,96.29,96.29,96.29,50
1785345120,96.29,96.29,96.29,96.29,253
1785345180,96.285,96.29,96.285,96.29,112
1785345240,96.29,96.29,96.29,96.29,415
1785345300,96.29,96.29,96.29,96.29,530
1785345360,96.29,96.29,96.285,96.29,5667
1785345420,96.295,96.295,96.29,96.295,270
1785345540,96.295,96.295,96.295,96.295,518
1785345600,96.295,96.295,96.29,96.295,3258
1785345660,96.295,96.295,96.295,96.295,1471
1785345720,96.295,96.295,96.295,96.295,192
1785345780,96.295,96.295,96.295,96.295,2
1785345840,96.29,96.295,96.29,96.295,56
1785345900,96.295,96.295,96.295,96.295,1326
1785345960,96.295,96.295,96.295,96.295,1204
1785346020,96.295,96.3,96.295,96.3,200
1785346080,96.3,96.3,96.3,96.3,598
1785346140,96.295,96.3,96.295,96.3,397
1785346200,96.295,96.295,96.295,96.295,324
1785346260,96.3,96.3,96.295,96.295,467
1785346320,96.295,96.3,96.295,96.3,858
1785346380,96.3,96.3,96.295,96.3,658
1785346440,96.295,96.3,96.295,96.295,730
1785346500,96.295,96.3,96.295,96.295,686
1785346560,96.295,96.3,96.295,96.3,635
1785346620,96.295,96.3,96.295,96.295,758
1785346680,96.3,96.3,96.3,96.3,1546
1785346740,96.3,96.3,96.295,96.3,3603
1785346800,96.3,96.3,96.295,96.3,985
1785346860,96.3,96.3,96.295,96.3,773
1785346920,96.3,96.3,96.3,96.3,1015
1785346980,96.295,96.305,96.295,96.305,3319
1785347040,96.3,96.3,96.3,96.3,1672
1785347100,96.3,96.3,96.3,96.3,1017
1785347160,96.3,96.3,96.295,96.3,2936
1785347220,96.3,96.3,96.3,96.3,847
1785347280,96.3,96.3,96.3,96.3,515
1785347340,96.3,96.305,96.3,96.3,896
1785347400,96.3,96.3,96.3,96.3,732
1785347460,96.3,96.3,96.3,96.3,2360
1785347520,96.3,96.3,96.3,96.3,320
1785347580,96.3,96.305,96.3,96.3,1182
1785347640,96.3,96.305,96.3,96.3,215
1785347700,96.3,96.305,96.3,96.3,652
1785347760,96.305,96.305,96.3,96.305,1531
1785347820,96.305,96.305,96.3,96.3,777
1785347880,96.3,96.305,96.3,96.305,936
1785347940,96.305,96.305,96.3,96.3,942
1785348000,96.295,96.365,96.285,96.365,39836
1785348060,96.365,96.365,96.36,96.365,16407
1785348120,96.365,96.365,96.365,96.365,14607
1785348180,96.365,96.365,96.36,96.365,55817
1785348240,96.365,96.365,96.36,96.36,56676
1785348300,96.36,96.365,96.36,96.365,32980
1785348360,96.365,96.37,96.365,96.365,13296
1785348420,96.37,96.37,96.365,96.365,1538
1785348480,96.37,96.37,96.365,96.365,1784
1785348540,96.365,96.365,96.365,96.365,142
1785348600,96.365,96.37,96.365,96.37,2737
1785348660,96.37,96.37,96.365,96.365,1171
1785348720,96.365,96.365,96.365,96.365,2097
1785348780,96.365,96.365,96.365,96.365,1229
1785348840,96.365,96.37,96.365,96.37,255
1785348900,96.37,96.37,96.365,96.365,680
1785349020,96.365,96.37,96.365,96.365,1574
1785349080,96.365,96.365,96.365,96.365,4
1785349140,96.365,96.37,96.365,96.37,49
1785349200,96.365,96.37,96.365,96.365,397
1785349260,96.365,96.37,96.365,96.365,200
1785349320,96.365,96.37,96.365,96.365,7203
1785349380,96.365,96.365,96.365,96.365,2
1785349440,96.365,96.365,96.365,96.365,1603
1785349500,96.365,96.365,96.365,96.365,1688
1785349560,96.365,96.365,96.365,96.365,374
1785349620,96.365,96.365,96.365,96.365,331
1785349680,96.37,96.37,96.37,96.37,3
1785349740,96.365,96.365,96.365,96.365,20831
1785349800,96.365,96.365,96.365,96.365,2850
1785349860,96.365,96.365,96.365,96.365,726
1785349920,96.365,96.365,96.365,96.365,279
1785349980,96.365,96.365,96.365,96.365,600
1785350040,96.365,96.365,96.365,96.365,1548
1785350100,96.365,96.365,96.365,96.365,575
1785350160,96.365,96.365,96.365,96.365,2429
1785350280,96.365,96.365,96.365,96.365,2
1785350340,96.37,96.37,96.37,96.37,1
1785350400,96.365,96.365,96.365,96.365,15
1785350460,96.37,96.37,96.37,96.37,13
1785350520,96.365,96.365,96.365,96.365,100
1785350580,96.365,96.365,96.365,96.365,205
1785350640,96.37,96.37,96.37,96.37,93
1785350760,96.365,96.365,96.365,96.365,42
1785350820,96.365,96.365,96.365,96.365,16
1785350880,96.365,96.37,96.365,96.37,711
1785350940,96.37,96.37,96.365,96.365,8
1785351000,96.37,96.37,96.365,96.365,7
1785351060,96.365,96.37,96.365,96.37,557
1785351180,96.365,96.365,96.365,96.365,2
1785351240,96.37,96.37,96.37,96.37,1180
1785351420,96.37,96.37,96.37,96.37,100
1785351480,96.365,96.365,96.365,96.365,146
1785351540,96.365,96.365,96.365,96.365,49
1785351600,96.365,96.365,96.365,96.365,96
1785351660,96.365,96.365,96.365,96.365,45
1785351720,96.365,96.365,96.365,96.365,17
1785351780,96.365,96.365,96.365,96.365,72
1785351840,96.365,96.37,96.365,96.37,507
1785352140,96.365,96.37,96.365,96.37,322
1785352200,96.365,96.365,96.365,96.365,46
1785352260,96.365,96.365,96.365,96.365,2
1785352320,96.365,96.365,96.365,96.365,6
1785352380,96.365,96.365,96.365,96.365,24
1785352440,96.365,96.37,96.365,96.365,1474
1785352560,96.365,96.37,96.365,96.365,290
1785352620,96.365,96.365,96.365,96.365,2
1785352680,96.365,96.365,96.365,96.365,58
1785352740,96.37,96.37,96.37,96.37,44
1785352800,96.365,96.365,96.365,96.365,45
1785352860,96.365,96.365,96.365,96.365,42
1785352920,96.365,96.365,96.365,96.365,11
1785352980,96.365,96.365,96.365,96.365,100
1785353040,96.365,96.37,96.365,96.37,393
1785353100,96.365,96.365,96.365,96.365,7913
1785353160,96.365,96.365,96.365,96.365,20
1785353220,96.365,96.365,96.365,96.365,316
1785353280,96.365,96.365,96.365,96.365,6
1785353340,96.365,96.37,96.365,96.37,23
1785353400,96.365,96.365,96.365,96.365,336
1785353520,96.365,96.365,96.365,96.365,9
1785353580,96.365,96.365,96.365,96.365,906
1785353640,96.365,96.365,96.365,96.365,281
1785353700,96.365,96.365,96.365,96.365,129
1785353760,96.365,96.365,96.365,96.365,28
1785353820,96.365,96.365,96.365,96.365,3
1785353880,96.365,96.365,96.365,96.365,29
1785353940,96.37,96.37,96.365,96.365,1000
1785354120,96.37,96.37,96.37,96.37,5
1785354180,96.365,96.365,96.365,96.365,200
1785354240,96.37,96.37,96.37,96.37,10
1785354480,96.365,96.365,96.365,96.365,1
1785354600,96.365,96.365,96.365,96.365,1291
1785354660,96.365,96.365,96.365,96.365,12
1785354840,96.37,96.37,96.37,96.37,8
1785354900,96.365,96.365,96.365,96.365,31
1785354960,96.365,96.365,96.365,96.365,15
1785355080,96.365,96.365,96.365,96.365,243
1785355140,96.365,96.365,96.365,96.365,99
1785355440,96.365,96.365,96.365,96.365,65
1785355500,96.365,96.365,96.365,96.365,3
1785355560,96.365,96.365,96.365,96.365,10
1785355680,96.365,96.365,96.365,96.365,500
1785355740,96.365,96.365,96.365,96.365,30
1785355800,96.365,96.37,96.365,96.37,481
1785355860,96.365,96.365,96.365,96.365,3
1785355920,96.365,96.365,96.365,96.365,396
1785355980,96.365,96.365,96.365,96.365,4
1785356040,96.365,96.365,96.365,96.365,23
1785356160,96.365,96.37,96.365,96.37,24887
1785356220,96.37,96.37,96.37,96.37,245
1785356340,96.365,96.365,96.365,96.365,110
1785356400,96.365,96.365,96.365,96.365,300
1785356460,96.37,96.37,96.37,96.37,5
1785356520,96.365,96.365,96.365,96.365,35
1785356580,96.365,96.365,96.365,96.365,150
1785356700,96.365,96.365,96.365,96.365,861
1785356760,96.365,96.365,96.365,96.365,756
1785356820,96.37,96.37,96.365,96.365,156
1785356880,96.365,96.365,96.365,96.365,2
1785356940,96.365,96.365,96.365,96.365,67
1785357000,96.365,96.365,96.365,96.365,2
1785357120,96.37,96.37,96.37,96.37,20
1785357180,96.37,96.37,96.37,96.37,49
1785357240,96.37,96.37,96.365,96.365,35
1785357540,96.365,96.365,96.365,96.365,1543
1785357600,96.37,96.37,96.37,96.37,6000
1785357660,96.365,96.365,96.365,96.365,9
1785357780,96.365,96.365,96.365,96.365,805
1785357840,96.365,96.365,96.365,96.365,3
1785358200,96.365,96.365,96.365,96.365,36
1785358260,96.37,96.37,96.37,96.37,6000
1785358320,96.365,96.365,96.365,96.365,55
1785358440,96.365,96.365,96.365,96.365,21
1785358500,96.365,96.365,96.365,96.365,64
1785358560,96.365,96.365,96.365,96.365,23
1785358620,96.365,96.365,96.365,96.365,18
1785358740,96.365,96.365,96.365,96.365,3
1785362640,96.365,96.365,96.365,96.365,5
1785362760,96.365,96.365,96.365,96.365,19
1785362820,96.365,96.365,96.365,96.365,300
1785363060,96.37,96.37,96.37,96.37,1
1785363300,96.365,96.365,96.365,96.365,1
1785363600,96.365,96.365,96.365,96.365,26
1785363840,96.365,96.365,96.365,96.365,80
1785365100,96.365,96.365,96.365,96.365,1
1785365160,96.365,96.365,96.365,96.365,3
1785365280,96.365,96.365,96.365,96.365,180
1785365820,96.365,96.365,96.365,96.365,10
1785365880,96.365,96.365,96.365,96.365,5
1785367200,96.365,96.365,96.365,96.365,7
1785367860,96.365,96.365,96.365,96.365,25
1785368640,96.365,96.365,96.365,96.365,6
1785368760,96.365,96.365,96.365,96.365,9
1785368820,96.365,96.365,96.365,96.365,2
1785369300,96.365,96.365,96.365,96.365,2
1785369420,96.365,96.365,96.365,96.365,1
1785369600,96.365,96.365,96.365,96.365,2
1785369780,96.365,96.365,96.365,96.365,47
1785370560,96.365,96.365,96.365,96.365,2
1785370920,96.365,96.365,96.365,96.365,25
1785371220,96.365,96.365,96.365,96.365,26
1785371280,96.365,96.365,96.365,96.365,25
1785371340,96.365,96.365,96.365,96.365,12
1785371460,96.365,96.365,96.365,96.365,50
1785371520,96.365,96.365,96.365,96.365,15
1785371580,96.365,96.365,96.365,96.365,1
1785372660,96.37,96.37,96.37,96.37,3
1785373140,96.365,96.365,96.365,96.365,88
1785373860,96.365,96.365,96.365,96.365,10
1785373920,96.365,96.365,96.365,96.365,1
1785375300,96.365,96.365,96.365,96.365,50
1785375420,96.365,96.365,96.365,96.365,26
1785375600,96.365,96.365,96.365,96.365,60
1785376200,96.365,96.365,96.365,96.365,300
1785378060,96.365,96.365,96.365,96.365,103
1785379140,96.365,96.365,96.365,96.365,1
1785379320,96.365,96.365,96.365,96.365,10
1785382800,96.365,96.365,96.365,96.365,200
1785386100,96.365,96.365,96.365,96.365,10
1785386580,96.365,96.365,96.365,96.365,10
1785387420,96.365,96.365,96.365,96.365,8
1785388200,96.365,96.365,96.365,96.365,5000
1785388560,96.365,96.365,96.365,96.365,59
1785389160,96.365,96.365,96.365,96.365,100
1785389820,96.365,96.365,96.365,96.365,1500
1785390300,96.365,96.365,96.365,96.365,200
1785390960,96.365,96.365,96.365,96.365,505
1785391020,96.365,96.365,96.365,96.365,31
1785391380,96.365,96.365,96.365,96.365,200
1785391740,96.365,96.365,96.365,96.365,60
1785391920,96.365,96.365,96.365,96.365,1
1785392100,96.365,96.365,96.365,96.365,6
1785392880,96.365,96.365,96.365,96.365,41
1785393780,96.365,96.365,96.365,96.365,500
1785393840,96.365,96.365,96.365,96.365,2000
1785394560,96.365,96.365,96.365,96.365,10
1785394920,96.37,96.37,96.37,96.37,1700
1785395100,96.365,96.365,96.365,96.365,70
1785395460,96.365,96.365,96.365,96.365,55
1785395940,96.365,96.365,96.365,96.365,10
1785396180,96.365,96.365,96.365,96.365,23
1785396420,96.365,96.365,96.365,96.365,1
1785396480,96.365,96.365,96.365,96.365,62
1785396600,96.365,96.365,96.365,96.365,117
1785396660,96.365,96.365,96.365,96.365,10
1785396720,96.37,96.37,96.365,96.365,3056
1785396840,96.365,96.365,96.365,96.365,4
1785396960,96.365,96.365,96.365,96.365,6
1785397260,96.365,96.365,96.365,96.365,480
1785397320,96.365,96.365,96.365,96.365,300
1785397560,96.365,96.365,96.365,96.365,150
1785397620,96.365,96.365,96.365,96.365,107
1785398040,96.365,96.365,96.365,96.365,2
1785398220,96.365,96.365,96.365,96.365,798
1785398700,96.365,96.365,96.365,96.365,57
1785399540,96.37,96.37,96.37,96.37,20
1785399660,96.365,96.365,96.365,96.365,4824
1785399840,96.365,96.365,96.365,96.365,210
1785400080,96.365,96.365,96.365,96.365,2
1785400440,96.365,96.365,96.365,96.365,700
1785400500,96.365,96.365,96.365,96.365,150
1785400680,96.365,96.365,96.365,96.365,1011
1785400740,96.365,96.365,96.365,96.365,1200
1785401040,96.365,96.365,96.365,96.365,19
1785401640,96.37,96.37,96.37,96.37,1
1785401760,96.365,96.365,96.365,96.365,10
1785402000,96.365,96.365,96.365,96.365,1313
1785403440,96.365,96.365,96.365,96.365,956
1785404220,96.365,96.365,96.365,96.365,1
1785404460,96.37,96.37,96.37,96.37,50
1785405180,96.365,96.365,96.365,96.365,18
1785405300,96.365,96.365,96.365,96.365,20
1785405360,96.365,96.365,96.365,96.365,250
1785405600,96.365,96.365,96.365,96.365,1
1785405780,96.365,96.365,96.365,96.365,1
1785407040,96.365,96.365,96.365,96.365,305
1785408000,96.365,96.365,96.365,96.365,64
1785408180,96.365,96.365,96.365,96.365,700
1785408360,96.37,96.37,96.365,96.365,5091
1785408960,96.365,96.365,96.365,96.365,54
1785409500,96.365,96.365,96.365,96.365,15
1785409560,96.365,96.365,96.365,96.365,1000
1785409620,96.365,96.365,96.365,96.365,500
1785410040,96.365,96.365,96.365,96.365,40
1785410100,96.37,96.37,96.37,96.37,12
1785410340,96.37,96.37,96.37,96.37,1
1785412620,96.37,96.37,96.37,96.37,200
1785412920,96.365,96.365,96.365,96.365,2
1785412980,96.365,96.365,96.365,96.365,1
1785413220,96.365,96.365,96.365,96.365,1
1785413460,96.365,96.365,96.365,96.365,2
1785413820,96.365,96.365,96.365,96.365,50
1785413940,96.37,96.37,96.37,96.37,597
1785414360,96.365,96.365,96.365,96.365,4
1785415620,96.365,96.365,96.365,96.365,39
1785415680,96.365,96.365,96.365,96.365,88
1785417060,96.365,96.365,96.365,96.365,20
1785417180,96.37,96.37,96.37,96.37,523
1785417240,96.365,96.365,96.365,96.365,350
1785418680,96.365,96.365,96.365,96.365,1256
1785418740,96.365,96.365,96.365,96.365,287
1785418980,96.365,96.365,96.365,96.365,29
1785419040,96.365,96.365,96.365,96.365,102
1785419100,96.365,96.365,96.365,96.365,3
1785419340,96.365,96.365,96.365,96.365,3
1785419400,96.37,96.37,96.37,96.37,1
1785419520,96.37,96.37,96.37,96.37,200
1785419580,96.37,96.37,96.37,96.37,36
1785419640,96.37,96.37,96.37,96.37,198
1785419700,96.365,96.37,96.365,96.37,21
1785419760,96.365,96.365,96.365,96.365,6
1785419820,96.365,96.365,96.365,96.365,5
1785420000,96.365,96.365,96.365,96.365,324
1785420120,96.365,96.365,96.365,96.365,15
1785420240,96.365,96.37,96.365,96.37,581
1785420420,96.365,96.365,96.365,96.365,32
1785420720,96.37,96.37,96.37,96.37,65
1785420780,96.365,96.365,96.365,96.365,2
1785421020,96.365,96.365,96.365,96.365,1
1785421200,96.37,96.37,96.365,96.365,82
1785421440,96.37,96.37,96.365,96.365,38
1785421560,96.365,96.365,96.365,96.365,25
1785422100,96.365,96.365,96.365,96.365,3
1785422160,96.37,96.37,96.37,96.37,100
1785422280,96.37,96.37,96.37,96.37,1
1785422340,96.37,96.37,96.37,96.37,4
1785422400,96.365,96.365,96.365,96.365,15
1785422820,96.365,96.365,96.365,96.365,2
1785422940,96.365,96.365,96.365,96.365,247
1785423060,96.365,96.365,96.365,96.365,9
1785423300,96.365,96.365,96.365,96.365,139
1785423480,96.365,96.365,96.365,96.365,1
1785423660,96.365,96.365,96.365,96.365,2
1785423960,96.365,96.365,96.365,96.365,9
1785424260,96.365,96.365,96.365,96.365,71
1785424380,96.365,96.365,96.365,96.365,38955
1785424440,96.365,96.365,96.365,96.365,189
1785424500,96.365,96.365,96.365,96.365,207
1785424620,96.365,96.365,96.365,96.365,1015
1785424800,96.365,96.365,96.365,96.365,51
1785424860,96.365,96.37,96.365,96.365,126
1785424920,96.365,96.365,96.365,96.365,1
1785424980,96.365,96.365,96.365,96.365,124
1785425100,96.365,96.365,96.365,96.365,16
1785425760,96.365,96.365,96.365,96.365,16
1785425940,96.365,96.365,96.365,96.365,11
1785426060,96.365,96.365,96.365,96.365,37
1785426600,96.37,96.37,96.37,96.37,2
1785426840,96.365,96.365,96.365,96.365,30
1785427380,96.365,96.365,96.365,96.365,994
1785427500,96.365,96.365,96.365,96.365,6
1785428280,96.37,96.37,96.37,96.37,25
1785429300,96.365,96.365,96.365,96.365,1
1785430440,96.365,96.365,96.365,96.365,101
1785431160,96.365,96.365,96.365,96.365,2
1785431280,96.37,96.37,96.37,96.37,25
1785431520,96.365,96.365,96.365,96.365,21
1785432240,96.37,96.37,96.37,96.37,200
1785432660,96.365,96.365,96.365,96.365,60
1785432900,96.365,96.365,96.365,96.365,648
1785433080,96.365,96.365,96.365,96.365,180
1785433260,96.365,96.365,96.365,96.365,6
1785433320,96.365,96.365,96.365,96.365,4
1785433800,96.365,96.365,96.365,96.365,1
1785434160,96.365,96.365,96.365,96.365,25
1785434520,96.365,96.365,96.365,96.365,3
1785434580,96.365,96.365,96.365,96.365,5
1785435300,96.365,96.365,96.365,96.365,18
1785435600,96.37,96.37,96.37,96.37,10
1785436680,96.37,96.37,96.37,96.37,11
1785437340,96.37,96.37,96.37,96.37,11
1785437400,96.365,96.365,96.365,96.365,56
1785437580,96.37,96.37,96.37,96.37,11
1785437640,96.365,96.365,96.365,96.365,1
1785437940,96.37,96.37,96.37,96.37,13
1785438000,96.365,96.365,96.365,96.365,16
1785438240,96.37,96.37,96.365,96.365,3
1785438360,96.365,96.365,96.365,96.365,338
1785438420,96.365,96.365,96.365,96.365,81
1785438540,96.365,96.365,96.365,96.365,42
1785438600,96.365,96.365,96.365,96.365,2
1785438660,96.365,96.365,96.365,96.365,204
1785439200,96.365,96.365,96.365,96.365,43
1785439920,96.37,96.37,96.37,96.37,28
1785439980,96.37,96.37,96.37,96.37,83
1785440160,96.365,96.365,96.365,96.365,1020
1785440220,96.37,96.37,96.37,96.37,18
1785440340,96.37,96.37,96.37,96.37,50
1785440400,96.37,96.37,96.37,96.37,50
1785440580,96.37,96.37,96.37,96.37,88
1785440640,96.37,96.37,96.37,96.37,69
1785441000,96.365,96.37,96.365,96.37,179
1785441300,96.365,96.365,96.365,96.365,7
1785441480,96.365,96.365,96.365,96.365,32
1785441540,96.37,96.37,96.37,96.37,100
1785441660,96.365,96.365,96.365,96.365,55
1785441780,96.37,96.37,96.37,96.37,88
1785441840,96.37,96.37,96.37,96.37,62
1785442620,96.365,96.365,96.365,96.365,1
1785443220,96.37,96.37,96.37,96.37,2
1785444300,96.37,96.37,96.37,96.37,532
1785444360,96.37,96.37,96.37,96.37,99
1785448800,96.37,96.37,96.37,96.37,5
1785449040,96.37,96.37,96.37,96.37,7
1785449580,96.37,96.37,96.37,96.37,1
1785450660,96.365,96.365,96.365,96.365,5
1785452700,96.365,96.365,96.365,96.365,10
1785454980,96.37,96.37,96.37,96.37,1
1785455340,96.37,96.37,96.37,96.37,1
1785456840,96.37,96.37,96.37,96.37,1
1785457260,96.37,96.37,96.37,96.37,1
1785457740,96.37,96.37,96.37,96.37,1
1785459000,96.37,96.37,96.37,96.37,30
1785459240,96.365,96.365,96.365,96.365,300
1785459300,96.37,96.37,96.37,96.37,1
1785459780,96.365,96.365,96.365,96.365,150
1785459840,96.37,96.37,96.37,96.37,146
1785459960,96.365,96.365,96.365,96.365,300
1785460020,96.37,96.37,96.37,96.37,126
1785460560,96.37,96.37,96.37,96.37,79
1785460620,96.37,96.37,96.37,96.37,9
1785461640,96.37,96.37,96.37,96.37,3
1785462240,96.37,96.37,96.37,96.37,10
1785463680,96.37,96.37,96.37,96.37,6
1785463920,96.37,96.37,96.37,96.37,6
1785464460,96.37,96.37,96.37,96.37,6
1785464940,96.37,96.37,96.37,96.37,1
1785465420,96.37,96.37,96.37,96.37,1
1785465600,96.365,96.365,96.365,96.365,1
1785465840,96.365,96.365,96.365,96.365,150
1785477000,96.365,96.365,96.365,96.365,7
1785477600,96.37,96.37,96.37,96.37,1
1785477720,96.37,96.37,96.37,96.37,1
1785477900,96.37,96.37,96.37,96.37,1
1785478860,96.37,96.37,96.37,96.37,1
1785478920,96.37,96.37,96.37,96.37,1
1785478980,96.37,96.37,96.37,96.37,1
1785479340,96.37,96.37,96.37,96.37,1
1785479700,96.365,96.365,96.365,96.365,16
1785480360,96.365,96.365,96.365,96.365,1202
1785482640,96.37,96.37,96.37,96.37,6
1785483240,96.37,96.37,96.37,96.37,1
1785483300,96.365,96.365,96.365,96.365,33
1785485220,96.37,96.37,96.37,96.37,1
1785486360,96.37,96.37,96.37,96.37,1
1785487260,96.365,96.365,96.365,96.365,171
1785491460,96.365,96.365,96.365,96.365,400
1785492180,96.365,96.365,96.365,96.365,11
1785492240,96.365,96.365,96.365,96.365,4
1785492480,96.37,96.37,96.365,96.365,174
1785493140,96.365,96.365,96.365,96.365,1000
1785493980,96.365,96.365,96.365,96.365,313
1785494340,96.365,96.365,96.365,96.365,200
1785494700,96.365,96.365,96.365,96.365,7
1785494940,96.365,96.365,96.365,96.365,800
1785495000,96.365,96.365,96.365,96.365,11
1785495960,96.365,96.365,96.365,96.365,289
1785497460,96.365,96.365,96.365,96.365,4
1785497520,96.365,96.365,96.365,96.365,1
1785498720,96.365,96.365,96.365,96.365,260
1785498960,96.37,96.37,96.37,96.37,8
1785500220,96.365,96.365,96.365,96.365,3
1785500820,96.365,96.365,96.365,96.365,11
1785501480,96.365,96.365,96.365,96.365,15
1785502080,96.37,96.37,96.37,96.37,1
1785502380,96.37,96.37,96.37,96.37,3
1785502800,96.365,96.365,96.365,96.365,500
1785503100,96.37,96.37,96.37,96.37,5
1785503400,96.37,96.37,96.37,96.37,9
1785504120,96.37,96.37,96.37,96.37,2
1785504300,96.37,96.37,96.37,96.37,9
1785504360,96.37,96.37,96.37,96.37,4
1785504480,96.37,96.37,96.37,96.37,6
1785504660,96.37,96.37,96.37,96.37,10
1785505080,96.365,96.365,96.365,96.365,5
1785505140,96.37,96.37,96.37,96.37,13
1785505620,96.37,96.37,96.37,96.37,2717
1785505740,96.37,96.37,96.37,96.37,1
1785506040,96.365,96.365,96.365,96.365,100
1785506280,96.365,96.365,96.365,96.365,1
1785506460,96.365,96.365,96.365,96.365,9
1785506760,96.365,96.365,96.365,96.365,100
1785507300,96.37,96.37,96.37,96.37,4
1785507660,96.365,96.37,96.365,96.37,1510
1785507840,96.365,96.365,96.365,96.365,50
1785508140,96.37,96.37,96.37,96.37,1061
1785508320,96.365,96.365,96.365,96.365,183
1785508620,96.37,96.37,96.365,96.37,14
1785509580,96.37,96.37,96.37,96.37,996
1785510120,96.37,96.37,96.37,96.37,1
1785510480,96.37,96.37,96.37,96.37,48
1785510540,96.37,96.37,96.37,96.37,1442
1785510960,96.365,96.365,96.365,96.365,22
1785511500,96.365,96.365,96.365,96.365,20
1785511560,96.37,96.37,96.37,96.37,1
1785511860,96.37,96.37,96.365,96.365,4
1785512100,96.37,96.37,96.37,96.37,3
1785513120,96.37,96.37,96.37,96.37,1
1785513420,96.37,96.37,96.37,96.37,2
1785514140,96.37,96.37,96.37,96.37,6
1785514200,96.365,96.365,96.365,96.365,400
1785514260,96.365,96.365,96.365,96.365,68
1785514380,96.37,96.37,96.37,96.37,72
1785515580,96.37,96.37,96.37,96.37,7
1785516060,96.37,96.37,96.37,96.37,9
1785516840,96.365,96.365,96.365,96.365,40
1785518100,96.37,96.37,96.37,96.37,2
1785518220,96.37,96.37,96.37,96.37,1
1785518280,96.37,96.37,96.37,96.37,230
1785518340,96.37,96.37,96.37,96.37,2
1785518580,96.37,96.37,96.37,96.37,1
1785518820,96.37,96.37,96.37,96.37,2
1785519060,96.37,96.37,96.37,96.37,802
1785519120,96.365,96.365,96.365,96.365,122
1785519360,96.37,96.37,96.37,96.37,2
1785519480,96.37,96.37,96.37,96.37,800
1785519600,96.37,96.37,96.37,96.37,302
1785519660,96.37,96.37,96.37,96.37,2
1785519840,96.37,96.37,96.37,96.37,55
1785519900,96.37,96.37,96.37,96.37,21
1785520020,96.37,96.37,96.37,96.37,43
1785520080,96.37,96.37,96.37,96.37,2
1785520320,96.37,96.37,96.37,96.37,2
1785520620,96.37,96.37,96.37,96.37,2
1785520860,96.37,96.37,96.37,96.37,42
1785521040,96.37,96.37,96.37,96.37,20
1785521100,96.37,96.37,96.37,96.37,1
1785521160,96.37,96.37,96.37,96.37,1
1785521280,96.37,96.37,96.37,96.37,55
1785521340,96.37,96.37,96.37,96.37,202
1785521400,96.37,96.37,96.37,96.37,20
1785521580,96.37,96.37,96.37,96.37,2
1785521640,96.365,96.365,96.365,96.365,28
1785521820,96.37,96.37,96.37,96.37,20
1785521880,96.37,96.37,96.37,96.37,2
1785522120,96.37,96.37,96.37,96.37,2
1785522180,96.37,96.37,96.37,96.37,35
1785522360,96.37,96.37,96.37,96.37,1
1785522600,96.365,96.37,96.365,96.37,302
1785522720,96.365,96.365,96.365,96.365,8
1785522840,96.37,96.37,96.37,96.37,2
1785523140,96.37,96.37,96.37,96.37,2
1785523380,96.37,96.37,96.37,96.37,2
1785523620,96.37,96.37,96.37,96.37,1
1785523860,96.37,96.37,96.37,96.37,5
1785523920,96.37,96.37,96.37,96.37,43
1785524100,96.37,96.37,96.37,96.37,2
1785524340,96.365,96.37,96.365,96.365,83
1785524400,96.37,96.37,96.37,96.37,25
1785525120,96.37,96.37,96.37,96.37,15
1785525660,96.37,96.37,96.37,96.37,1
1785526560,96.37,96.37,96.37,96.37,72
1785527580,96.365,96.365,96.365,96.365,59
1785528060,96.37,96.37,96.37,96.37,1
1785528120,96.365,96.365,96.365,96.365,6
1785528420,96.37,96.37,96.37,96.37,1
1785529920,96.365,96.365,96.365,96.365,7
1785530100,96.365,96.365,96.365,96.365,222
1785530220,96.365,96.365,96.365,96.365,377
1785530580,96.365,96.365,96.365,96.365,58
1785530880,96.365,96.37,96.365,96.37,1557
1785531000,96.365,96.365,96.365,96.365,98
1785531060,96.365,96.365,96.365,96.365,150
1785531240,96.365,96.365,96.365,96.365,100
1785531360,96.37,96.37,96.365,96.365,1011
1785531420,96.365,96.365,96.365,96.365,57
1785531480,96.37,96.37,96.37,96.37,11
1785531540,96.365,96.37,96.365,96.365,802
1785708000,96.29,96.295,96.29,96.295,70
1785708300,96.29,96.29,96.29,96.29,58
1785708360,96.29,96.29,96.29,96.29,297
1785709080,96.29,96.29,96.29,96.29,75
1785709380,96.29,96.29,96.29,96.29,11
1785709440,96.29,96.29,96.29,96.29,9
1785711600,96.29,96.29,96.29,96.29,3
1785712260,96.295,96.295,96.295,96.295,2
1785714180,96.29,96.29,96.29,96.29,18
1785715260,96.29,96.29,96.29,96.29,7
1785716100,96.29,96.29,96.29,96.29,2
1785717960,96.29,96.29,96.29,96.29,2
1785724140,96.29,96.29,96.29,96.29,1
1785725460,96.29,96.29,96.29,96.29,3
1785725640,96.29,96.29,96.29,96.29,1
1785727800,96.29,96.29,96.29,96.29,6
1785728880,96.285,96.285,96.28,96.285,200
1785732000,96.285,96.285,96.285,96.285,201
1785735660,96.29,96.29,96.29,96.29,176
1785735840,96.29,96.29,96.29,96.29,3
1785736980,96.29,96.29,96.29,96.29,12
1785737040,96.29,96.29,96.29,96.29,77
1785738900,96.29,96.29,96.29,96.29,101
1785741660,96.29,96.29,96.29,96.29,25
1785741900,96.29,96.29,96.29,96.29,40
1785742200,96.29,96.29,96.29,96.29,5
1785743940,96.29,96.29,96.29,96.29,78
1785746220,96.29,96.29,96.29,96.29,42
1785746460,96.29,96.29,96.29,96.29,45
1785751860,96.295,96.295,96.295,96.295,200
1785752940,96.295,96.295,96.295,96.295,23
1785756660,96.295,96.295,96.295,96.295,50
1785758280,96.29,96.29,96.29,96.29,2
1785759120,96.29,96.29,96.29,96.29,5
1785763800,96.295,96.295,96.295,96.295,2
1785764460,96.295,96.295,96.295,96.295,2
1785765060,96.29,96.29,96.29,96.29,34
1785765540,96.29,96.29,96.29,96.29,4
1785765600,96.29,96.29,96.29,96.29,547
1785766200,96.29,96.29,96.29,96.29,15
1785766320,96.29,96.29,96.29,96.29,5
1785766620,96.29,96.29,96.29,96.29,70
1785767760,96.29,96.29,96.29,96.29,4
1785767940,96.29,96.29,96.29,96.29,4223
1785768000,96.29,96.29,96.29,96.29,1
1785768780,96.29,96.29,96.29,96.29,842
1785768900,96.29,96.29,96.29,96.29,903
1785769560,96.29,96.29,96.29,96.29,262
1785769680,96.29,96.29,96.285,96.285,94
1785769920,96.29,96.29,96.29,96.29,10
1785769980,96.29,96.29,96.29,96.29,35
1785770040,96.29,96.295,96.29,96.29,305
1785770100,96.29,96.29,96.29,96.29,1
1785770520,96.29,96.29,96.29,96.29,1
1785771120,96.285,96.29,96.285,96.29,102
1785771300,96.285,96.285,96.285,96.285,82
1785771360,96.29,96.29,96.285,96.285,63
1785771540,96.285,96.285,96.285,96.285,10
1785771960,96.285,96.285,96.285,96.285,2
1785772920,96.285,96.285,96.285,96.285,72
1785773100,96.285,96.285,96.285,96.285,42
1785773460,96.285,96.285,96.285,96.285,4
1785773580,96.285,96.285,96.285,96.285,2
1785774120,96.285,96.285,96.285,96.285,1
1785774300,96.285,96.285,96.285,96.285,1
1785774360,96.285,96.285,96.285,96.285,3
1785774480,96.285,96.285,96.285,96.285,1
1785775320,96.285,96.285,96.285,96.285,1
1785776460,96.285,96.285,96.285,96.285,1
1785776820,96.285,96.285,96.285,96.285,1
1785777300,96.285,96.285,96.285,96.285,12
1785780060,96.285,96.285,96.285,96.285,28
1785782880,96.285,96.285,96.285,96.285,100
1785783060,96.29,96.29,96.29,96.29,5
1785783300,96.29,96.29,96.29,96.29,20
1785783480,96.285,96.285,96.285,96.285,1
1785783540,96.285,96.29,96.285,96.285,309
1785783600,96.29,96.29,96.29,96.29,5
1785784140,96.285,96.285,96.285,96.285,3
1785784500,96.285,96.285,96.285,96.285,11
1785785040,96.285,96.29,96.285,96.285,523
1785785280,96.29,96.29,96.29,96.29,25
1785785520,96.285,96.285,96.285,96.285,9
1785785580,96.29,96.29,96.29,96.29,8
1785785640,96.29,96.29,96.285,96.285,155
1785786180,96.29,96.29,96.29,96.29,2262
1785786240,96.29,96.29,96.29,96.29,539
1785786420,96.29,96.29,96.29,96.29,28
1785786720,96.29,96.29,96.29,96.29,292
1785787020,96.285,96.285,96.285,96.285,1
1785787140,96.29,96.29,96.29,96.29,351
1785787200,96.29,96.29,96.29,96.29,50
1785787320,96.29,96.29,96.29,96.29,2
1785787560,96.29,96.29,96.29,96.29,1
1785787920,96.29,96.29,96.29,96.29,1
1785788280,96.29,96.29,96.29,96.29,25
1785789180,96.29,96.29,96.29,96.29,100
1785789480,96.29,96.29,96.29,96.29,261
1785790560,96.29,96.29,96.29,96.29,5
1785790680,96.29,96.29,96.29,96.29,1
1785794400,96.29,96.29,96.29,96.29,2
1785795240,96.29,96.29,96.29,96.29,10
1785805560,96.29,96.29,96.29,96.29,4
1785808200,96.295,96.295,96.295,96.295,1
1785822060,96.29,96.29,96.29,96.29,2
1785832260,96.295,96.295,96.295,96.295,20
1785836280,96.295,96.295,96.295,96.295,12
1785843120,96.295,96.295,96.29,96.29,61
1785843780,96.295,96.295,96.295,96.295,1432
1785843960,96.295,96.295,96.295,96.295,1
1785844260,96.295,96.295,96.295,96.295,10
1785844560,96.295,96.295,96.295,96.295,3
1785844800,96.295,96.295,96.295,96.295,12
1785845460,96.295,96.295,96.295,96.295,1083
1785845520,96.295,96.295,96.295,96.295,177
1785846300,96.295,96.295,96.295,96.295,40
1785846720,96.295,96.295,96.295,96.295,2
1785846780,96.295,96.295,96.295,96.295,1
1785846840,96.295,96.295,96.295,96.295,1579
1785846900,96.295,96.295,96.295,96.295,154
1785846960,96.295,96.295,96.295,96.295,151
1785847080,96.295,96.295,96.295,96.295,1
1785847440,96.3,96.3,96.3,96.3,1626
1785848220,96.295,96.295,96.295,96.295,682
1785848340,96.295,96.295,96.295,96.295,10
1785848760,96.295,96.295,96.295,96.295,10
1785849000,96.295,96.295,96.295,96.295,5
1785849060,96.295,96.295,96.295,96.295,20
1785849240,96.295,96.295,96.295,96.295,13
1785849300,96.295,96.295,96.295,96.295,21
1785849360,96.295,96.295,96.295,96.295,1
1785849420,96.295,96.295,96.295,96.295,1
1785849600,96.295,96.295,96.295,96.295,1842
1785849780,96.3,96.3,96.3,96.3,10
1785850320,96.3,96.3,96.3,96.3,4
1785850680,96.3,96.3,96.3,96.3,222
1785850920,96.3,96.3,96.3,96.3,80
1785850980,96.3,96.3,96.3,96.3,61
1785851040,96.3,96.3,96.3,96.3,4
1785851400,96.3,96.3,96.3,96.3,7
1785851580,96.3,96.3,96.3,96.3,10
1785851640,96.3,96.3,96.3,96.3,6
1785851700,96.295,96.295,96.295,96.295,139
1785852120,96.3,96.3,96.3,96.3,10
1785852300,96.295,96.295,96.295,96.295,566
1785852360,96.295,96.295,96.295,96.295,5
1785852600,96.3,96.3,96.3,96.3,32
1785853200,96.295,96.3,96.295,96.3,442
1785853380,96.295,96.295,96.295,96.295,20
1785854640,96.3,96.3,96.3,96.3,5
1785855360,96.295,96.295,96.295,96.295,76
1785855420,96.295,96.295,96.295,96.295,2
1785856140,96.295,96.3,96.295,96.295,600
1785856500,96.295,96.295,96.295,96.295,125
1785857280,96.295,96.295,96.295,96.295,81
1785857400,96.3,96.3,96.3,96.3,3
1785857760,96.3,96.3,96.3,96.3,52
1785858660,96.3,96.3,96.3,96.3,11
1785858780,96.3,96.3,96.3,96.3,21
1785858900,96.3,96.3,96.3,96.3,20
1785859140,96.3,96.3,96.3,96.3,3
1785859200,96.3,96.3,96.3,96.3,2
1785859500,96.3,96.3,96.3,96.3,3
1785859560,96.3,96.3,96.3,96.3,1
1785859800,96.3,96.3,96.295,96.3,408
1785859860,96.3,96.3,96.3,96.3,2
1785860100,96.3,96.305,96.3,96.305,1278
1785860160,96.305,96.305,96.305,96.305,20
1785860460,96.3,96.3,96.3,96.3,6
1785860700,96.305,96.305,96.305,96.305,1
1785861000,96.3,96.3,96.3,96.3,30
1785861060,96.3,96.305,96.3,96.305,283
1785861360,96.3,96.3,96.3,96.3,3801
1785861540,96.3,96.3,96.3,96.3,2
1785861780,96.3,96.3,96.3,96.3,2
1785862380,96.295,96.295,96.295,96.295,3
1785862500,96.3,96.3,96.3,96.3,65
1785864180,96.3,96.3,96.3,96.3,10
1785866220,96.3,96.3,96.3,96.3,19
1785866340,96.3,96.3,96.3,96.3,1
1785866940,96.295,96.295,96.295,96.295,1
1785867480,96.3,96.3,96.3,96.3,1
1785868980,96.295,96.295,96.295,96.295,3
1785869820,96.3,96.3,96.3,96.3,5
1785869940,96.3,96.3,96.295,96.295,158
1785871980,96.295,96.295,96.295,96.295,5
1785872940,96.295,96.3,96.295,96.3,21
1785873420,96.3,96.3,96.3,96.3,20
1785873720,96.3,96.3,96.3,96.3,6
1785874020,96.3,96.3,96.3,96.3,10
1785874260,96.3,96.3,96.3,96.3,10
1785874560,96.3,96.3,96.3,96.3,19
1785874680,96.3,96.3,96.3,96.3,103
1785874860,96.3,96.3,96.3,96.3,2
1785875700,96.3,96.3,96.3,96.3,10
1785875760,96.3,96.3,96.3,96.3,40
1785876900,96.3,96.3,96.3,96.3,20
1785876960,96.295,96.295,96.295,96.295,300
1785877020,96.295,96.295,96.295,96.295,238
1785877140,96.295,96.295,96.295,96.295,9
1785882000,96.3,96.3,96.3,96.3,1
1785883800,96.3,96.3,96.3,96.3,3
1785884700,96.295,96.295,96.295,96.295,18
1785888000,96.295,96.295,96.295,96.295,72
1785888060,96.295,96.295,96.295,96.295,36
1785898200,96.3,96.3,96.3,96.3,1
1785898620,96.3,96.3,96.3,96.3,2
1785898920,96.3,96.3,96.3,96.3,447
1785900300,96.3,96.3,96.3,96.3,2
1785900360,96.3,96.3,96.3,96.3,214
1785901200,96.3,96.3,96.3,96.3,2
1785902460,96.3,96.3,96.3,96.3,13
1785906360,96.3,96.3,96.3,96.3,6
1785909000,96.3,96.3,96.3,96.3,2
1785909780,96.3,96.305,96.3,96.305,318
1785909840,96.3,96.3,96.3,96.3,5
1785909960,96.3,96.3,96.3,96.3,5
1785910680,96.3,96.3,96.3,96.3,1
1785910860,96.3,96.3,96.3,96.3,6
1785911100,96.3,96.3,96.3,96.3,1
1785911160,96.3,96.3,96.3,96.3,2
1785911220,96.3,96.3,96.295,96.295,411
1785914940,96.295,96.295,96.295,96.295,100
1785918120,96.295,96.295,96.295,96.295,28
1785920880,96.3,96.3,96.3,96.3,100
1785922080,96.3,96.3,96.3,96.3,10
1785923100,96.3,96.3,96.3,96.3,1
1785923280,96.3,96.3,96.3,96.3,20
1785924480,96.3,96.3,96.3,96.3,1
1785925320,96.3,96.3,96.3,96.3,1
1785925920,96.3,96.3,96.3,96.3,1
1785927120,96.3,96.3,96.3,96.3,225
1785927360,96.3,96.3,96.3,96.3,16
1785927420,96.3,96.3,96.3,96.3,121
1785927480,96.3,96.3,96.3,96.3,8
1785928080,96.3,96.3,96.3,96.3,3
1785928140,96.3,96.3,96.3,96.3,148
1785928560,96.3,96.3,96.3,96.3,5
1785928740,96.3,96.3,96.3,96.3,15
1785928860,96.3,96.3,96.3,96.3,1
1785928980,96.3,96.3,96.3,96.3,2
1785930000,96.3,96.3,96.3,96.3,4
1785931140,96.3,96.3,96.3,96.3,537
1785932100,96.3,96.3,96.3,96.3,100
1785932220,96.3,96.3,96.3,96.3,8
1785932280,96.3,96.3,96.3,96.3,1096
1785932700,96.3,96.3,96.3,96.3,23
1785932760,96.3,96.3,96.295,96.295,562
1785932820,96.3,96.3,96.3,96.3,57
1785933780,96.3,96.3,96.3,96.3,200
1785934020,96.3,96.3,96.3,96.3,5
1785934320,96.3,96.3,96.3,96.3,1
1785934800,96.3,96.3,96.3,96.3,50
1785934980,96.3,96.3,96.3,96.3,50
1785935940,96.3,96.3,96.3,96.3,5
1785936240,96.3,96.3,96.3,96.3,18
1785936300,96.3,96.3,96.3,96.3,24
1785936360,96.3,96.3,96.3,96.3,5
1785937020,96.3,96.3,96.3,96.3,15
1785937140,96.3,96.3,96.3,96.3,2
1785937200,96.3,96.3,96.3,96.3,1045
1785937260,96.3,96.3,96.3,96.3,1
1785937440,96.3,96.3,96.3,96.3,409
1785937500,96.3,96.3,96.3,96.3,423
1785937620,96.3,96.3,96.3,96.3,1
1785938160,96.3,96.3,96.3,96.3,60
1785938340,96.3,96.3,96.3,96.3,7
1785938400,96.3,96.3,96.3,96.3,63
1785938460,96.3,96.3,96.3,96.3,2
1785938520,96.3,96.3,96.3,96.3,14
1785938580,96.3,96.3,96.3,96.3,22
1785938640,96.3,96.3,96.3,96.3,390
1785938700,96.3,96.3,96.3,96.3,59
1785938820,96.3,96.3,96.3,96.3,1
1785938880,96.3,96.3,96.295,96.3,282
1785938940,96.3,96.3,96.3,96.3,520
1785939000,96.3,96.3,96.3,96.3,73
1785939660,96.295,96.295,96.295,96.295,10
1785940020,96.295,96.295,96.295,96.295,2
1785940080,96.3,96.3,96.3,96.3,1
1785942120,96.3,96.3,96.3,96.3,12
1785942480,96.3,96.3,96.3,96.3,30
1785942660,96.3,96.3,96.3,96.3,26
1785943500,96.295,96.295,96.295,96.295,28
1785943620,96.3,96.3,96.295,96.295,24
1785944940,96.3,96.3,96.295,96.3,30
1785945300,96.295,96.295,96.295,96.295,135
1785945420,96.3,96.3,96.3,96.3,2
1785949200,96.3,96.3,96.3,96.3,50
1785950400,96.3,96.3,96.3,96.3,388
1785950460,96.3,96.3,96.3,96.3,646
1785951060,96.3,96.3,96.3,96.3,2
1785951720,96.3,96.3,96.3,96.3,2
1785952980,96.305,96.305,96.305,96.305,11
1785956100,96.305,96.305,96.305,96.305,102
1785956160,96.3,96.3,96.3,96.3,1
1785956220,96.3,96.3,96.3,96.3,4
1785956280,96.3,96.305,96.3,96.3,6
1785956340,96.3,96.305,96.3,96.305,43
1785958380,96.305,96.305,96.305,96.305,4
1785958560,96.305,96.305,96.305,96.305,2
1785958620,96.305,96.305,96.305,96.305,1
1785959520,96.3,96.3,96.3,96.3,2654
1785959760,96.3,96.3,96.3,96.3,5
1785960300,96.3,96.3,96.3,96.3,1
1785960540,96.305,96.305,96.305,96.305,16
1785963360,96.305,96.305,96.305,96.305,11
1785967680,96.3,96.3,96.3,96.3,306
1785978000,96.3,96.3,96.3,96.3,330
1785978420,96.3,96.3,96.3,96.3,1
1785985380,96.3,96.3,96.3,96.3,251
1785991980,96.3,96.3,96.3,96.3,100
1785992520,96.3,96.3,96.3,96.3,61
1785993540,96.3,96.3,96.3,96.3,13
1785993840,96.3,96.3,96.3,96.3,6
1785994200,96.3,96.3,96.3,96.3,28
1785995400,96.3,96.3,96.3,96.3,8
1785995880,96.305,96.305,96.305,96.305,3
1785996720,96.3,96.3,96.3,96.3,2
1785996960,96.3,96.3,96.3,96.3,1
1785997020,96.3,96.3,96.3,96.3,253
1785997080,96.3,96.3,96.3,96.3,1
1785997320,96.3,96.3,96.3,96.3,1
1785998280,96.3,96.3,96.3,96.3,2
1785998820,96.3,96.3,96.3,96.3,9
1785999600,96.3,96.3,96.3,96.3,1
1786001580,96.3,96.3,96.3,96.3,100
1786001760,96.3,96.3,96.3,96.3,79
1786003260,96.3,96.3,96.3,96.3,13
1786003440,96.3,96.3,96.3,96.3,12
1786003560,96.3,96.3,96.3,96.3,8
1786009080,96.305,96.305,96.305,96.305,21
1786010520,96.3,96.3,96.3,96.3,5
1786014000,96.3,96.3,96.3,96.3,20
1786014480,96.3,96.3,96.3,96.3,506
1786014660,96.3,96.3,96.3,96.3,200
1786014840,96.3,96.3,96.3,96.3,139
1786015740,96.3,96.3,96.3,96.3,100
1786015860,96.295,96.295,96.295,96.295,2
1786016820,96.295,96.295,96.295,96.295,17
1786016880,96.295,96.295,96.295,96.295,153
1786017000,96.295,96.295,96.295,96.295,5
1786017240,96.295,96.295,96.295,96.295,3
1786017780,96.295,96.295,96.295,96.295,25
1786018800,96.295,96.295,96.295,96.295,144
1786019160,96.295,96.295,96.295,96.295,60
1786020480,96.295,96.295,96.295,96.295,1
1786021140,96.3,96.3,96.3,96.3,11
1786021440,96.295,96.295,96.295,96.295,50
1786026540,96.295,96.3,96.295,96.3,34
1786026600,96.3,96.3,96.3,96.3,1
1786027500,96.3,96.3,96.3,96.3,94
1786027560,96.295,96.295,96.295,96.295,9
1786027620,96.295,96.3,96.295,96.3,33
1786027740,96.3,96.3,96.3,96.3,23
1786027800,96.3,96.3,96.3,96.3,91
1786027860,96.3,96.3,96.3,96.3,69
1786027920,96.3,96.3,96.3,96.3,10
1786027980,96.3,96.3,96.3,96.3,40
1786028040,96.3,96.3,96.3,96.3,37
1786028160,96.3,96.3,96.3,96.3,5
1786028220,96.3,96.3,96.3,96.3,14
1786028340,96.3,96.3,96.3,96.3,15
1786028460,96.3,96.305,96.3,96.3,5026
1786028820,96.3,96.3,96.3,96.3,409
1786029300,96.3,96.3,96.3,96.3,1284
1786029420,96.3,96.3,96.3,96.3,196
1786029480,96.3,96.3,96.3,96.3,570
1786029600,96.3,96.3,96.3,96.3,1021
1786029720,96.3,96.3,96.3,96.3,23
1786029840,96.3,96.305,96.3,96.305,748
1786029900,96.3,96.3,96.3,96.3,100
1786030560,96.3,96.3,96.3,96.3,106
1786030620,96.3,96.3,96.3,96.3,40
1786030740,96.3,96.3,96.3,96.3,40
1786030920,96.3,96.3,96.3,96.3,1107
1786030980,96.3,96.3,96.3,96.3,4
1786031580,96.3,96.3,96.3,96.3,56
1786032240,96.3,96.3,96.3,96.3,94
1786033260,96.3,96.3,96.3,96.3,4
1786033800,96.3,96.3,96.3,96.3,10
1786034040,96.3,96.3,96.3,96.3,15
1786034340,96.3,96.3,96.3,96.3,14
1786034820,96.3,96.3,96.3,96.3,11
1786035600,96.3,96.3,96.3,96.3,9
1786035900,96.3,96.305,96.3,96.3,4698
1786036020,96.3,96.3,96.3,96.3,231
1786036380,96.3,96.3,96.3,96.3,12
1786036440,96.3,96.3,96.3,96.3,732
1786036620,96.3,96.305,96.3,96.305,525
1786036740,96.3,96.3,96.3,96.3,3
1786036980,96.3,96.3,96.3,96.3,19
1786037400,96.3,96.3,96.3,96.3,19
1786037760,96.3,96.3,96.3,96.3,2
1786038360,96.3,96.3,96.3,96.3,15
1786038960,96.3,96.3,96.3,96.3,2
1786039020,96.3,96.3,96.3,96.3,200
1786039320,96.3,96.3,96.3,96.3,3
1786039440,96.3,96.3,96.3,96.3,102
1786040340,96.3,96.3,96.3,96.3,70
1786040520,96.3,96.3,96.3,96.3,1
1786040880,96.3,96.3,96.3,96.3,6
1786041420,96.3,96.3,96.3,96.3,6
1786041480,96.3,96.3,96.3,96.3,14
1786041540,96.3,96.3,96.3,96.3,73
1786041600,96.3,96.3,96.3,96.3,69
1786042680,96.295,96.295,96.295,96.295,5
1786042740,96.295,96.295,96.295,96.295,17
1786042860,96.3,96.3,96.3,96.3,111
1786042980,96.3,96.3,96.3,96.3,1
1786043040,96.3,96.3,96.3,96.3,81
1786043400,96.3,96.3,96.3,96.3,2
1786043880,96.3,96.3,96.3,96.3,1
1786044900,96.3,96.3,96.3,96.3,36
1786045140,96.3,96.3,96.3,96.3,23
1786045200,96.295,96.295,96.295,96.295,2
1786045320,96.3,96.3,96.3,96.3,50
1786045380,96.3,96.3,96.3,96.3,10
1786045920,96.3,96.3,96.3,96.3,184
1786045980,96.3,96.3,96.3,96.3,35
1786046040,96.3,96.3,96.3,96.3,134
1786046100,96.3,96.3,96.3,96.3,14
1786047060,96.3,96.3,96.3,96.3,4
1786047660,96.3,96.3,96.3,96.3,15
1786048320,96.3,96.3,96.3,96.3,8
1786048380,96.3,96.3,96.3,96.3,638
1786048440,96.3,96.3,96.3,96.3,26
1786048500,96.3,96.3,96.3,96.3,4
1786048680,96.3,96.3,96.3,96.3,276
1786048860,96.3,96.3,96.3,96.3,21
1786048980,96.3,96.3,96.3,96.3,21
1786049040,96.3,96.3,96.3,96.3,8
1786049400,96.3,96.3,96.3,96.3,43
1786049460,96.3,96.3,96.3,96.3,1
1786049580,96.3,96.3,96.3,96.3,59
1786049940,96.3,96.3,96.295,96.3,30
1786053600,96.3,96.3,96.3,96.3,26
1786053660,96.3,96.3,96.3,96.3,47
1786054140,96.3,96.3,96.3,96.3,29
1786059540,96.3,96.3,96.3,96.3,18
1786060740,96.3,96.3,96.3,96.3,604
1786062000,96.3,96.3,96.3,96.3,2
1786064400,96.3,96.3,96.3,96.3,60
1786064700,96.3,96.3,96.3,96.3,89
1786064760,96.3,96.3,96.3,96.3,34
1786070460,96.3,96.3,96.3,96.3,50
1786072740,96.3,96.3,96.3,96.3,100
1786077240,96.3,96.3,96.3,96.3,5
1786077840,96.3,96.3,96.3,96.3,100
1786082520,96.3,96.3,96.3,96.3,155
1786083180,96.3,96.3,96.3,96.3,205
1786083540,96.3,96.3,96.3,96.3,188
1786084740,96.3,96.3,96.3,96.3,8
1786085400,96.3,96.3,96.3,96.3,101
1786086000,96.3,96.3,96.3,96.3,3
1786088880,96.3,96.3,96.3,96.3,10
1786090920,96.3,96.3,96.3,96.3,7
1786091100,96.3,96.3,96.3,96.3,17
1786093620,96.3,96.3,96.3,96.3,18
1786094100,96.3,96.3,96.3,96.3,9
1786094700,96.3,96.3,96.3,96.3,373
1786094820,96.3,96.3,96.3,96.3,725
1786094880,96.3,96.3,96.3,96.3,60
1786096380,96.3,96.3,96.3,96.3,7
1786096560,96.3,96.3,96.3,96.3,1
1786097040,96.3,96.3,96.3,96.3,28
1786099560,96.3,96.3,96.3,96.3,21
1786101240,96.3,96.3,96.3,96.3,554
1786101720,96.295,96.295,96.295,96.295,120
1786102260,96.3,96.3,96.3,96.3,90
1786102320,96.3,96.3,96.3,96.3,1
1786102380,96.3,96.3,96.3,96.3,81
1786102440,96.3,96.3,96.3,96.3,67
1786102500,96.3,96.3,96.3,96.3,25
1786102560,96.3,96.3,96.3,96.3,28
1786103220,96.3,96.3,96.3,96.3,5
1786103340,96.3,96.3,96.3,96.3,50
1786104120,96.3,96.3,96.3,96.3,6
1786104360,96.3,96.3,96.3,96.3,1
1786104480,96.3,96.3,96.3,96.3,2
1786104780,96.3,96.3,96.3,96.3,100
1786104840,96.3,96.3,96.3,96.3,25
1786104960,96.3,96.3,96.3,96.3,10
1786105140,96.3,96.3,96.3,96.3,21
1786105320,96.305,96.305,96.305,96.305,1
1786105440,96.3,96.3,96.3,96.3,12
1786105560,96.3,96.3,96.3,96.3,4
1786105620,96.3,96.3,96.3,96.3,215
1786105680,96.3,96.3,96.3,96.3,174
1786105740,96.3,96.3,96.3,96.3,19
1786105800,96.305,96.325,96.305,96.32,2200
1786105860,96.32,96.325,96.32,96.325,813
1786105920,96.32,96.32,96.315,96.315,616
1786105980,96.315,96.32,96.315,96.32,13
1786106040,96.32,96.32,96.32,96.32,399
1786106100,96.32,96.32,96.32,96.32,336
1786106160,96.32,96.32,96.32,96.32,203
1786106220,96.32,96.32,96.32,96.32,1
1786106280,96.32,96.32,96.32,96.32,224
1786106340,96.32,96.32,96.32,96.32,830
1786106400,96.32,96.32,96.32,96.32,633
1786106460,96.32,96.325,96.32,96.325,23
1786106520,96.32,96.32,96.32,96.32,451
1786106580,96.32,96.32,96.32,96.32,9
1786106640,96.325,96.325,96.325,96.325,8
1786106760,96.325,96.325,96.325,96.325,25
1786106820,96.325,96.325,96.325,96.325,77
1786106880,96.325,96.325,96.325,96.325,1
1786107060,96.32,96.32,96.32,96.32,41
1786107120,96.32,96.32,96.32,96.32,412
1786107180,96.32,96.32,96.315,96.32,255
1786107360,96.315,96.315,96.315,96.315,3
1786107420,96.315,96.315,96.315,96.315,57
1786107480,96.32,96.32,96.32,96.32,125
1786108140,96.315,96.315,96.315,96.315,30
1786108320,96.315,96.315,96.315,96.315,14
1786108380,96.315,96.315,96.315,96.315,7
1786108500,96.315,96.315,96.315,96.315,31
1786108620,96.315,96.315,96.315,96.315,8
1786108680,96.315,96.315,96.315,96.315,7
1786108740,96.315,96.315,96.315,96.315,95
1786108800,96.315,96.315,96.315,96.315,19
1786108920,96.315,96.315,96.315,96.315,22
1786108980,96.315,96.315,96.315,96.315,45
1786109220,96.315,96.315,96.315,96.315,6
1786109280,96.315,96.315,96.315,96.315,4
1786109340,96.315,96.315,96.315,96.315,50
1786109520,96.315,96.315,96.315,96.315,31
1786109580,96.315,96.315,96.315,96.315,19
1786109760,96.315,96.315,96.315,96.315,33
1786110000,96.315,96.315,96.315,96.315,51
1786110060,96.32,96.32,96.32,96.32,2
1786110120,96.32,96.32,96.32,96.32,58
1786110420,96.315,96.315,96.315,96.315,31
1786111020,96.315,96.315,96.315,96.315,40
1786111080,96.315,96.315,96.315,96.315,133
1786111140,96.315,96.315,96.315,96.315,4
1786111200,96.315,96.315,96.315,96.315,4
1786111560,96.315,96.315,96.315,96.315,10
1786111620,96.315,96.315,96.315,96.315,122
1786111680,96.315,96.315,96.315,96.315,881
1786111800,96.315,96.315,96.315,96.315,32
1786111920,96.315,96.315,96.315,96.315,3
1786112160,96.315,96.315,96.315,96.315,16
1786112220,96.315,96.315,96.315,96.315,13
1786112760,96.315,96.32,96.315,96.32,65
1786112820,96.315,96.32,96.315,96.32,18
1786113540,96.315,96.315,96.315,96.315,10
1786113720,96.315,96.32,96.315,96.32,51
1786113900,96.315,96.32,96.315,96.32,9
1786114020,96.315,96.32,96.315,96.32,9
1786114080,96.315,96.315,96.315,96.315,6
1786114140,96.315,96.32,96.315,96.315,25
1786114860,96.315,96.32,96.315,96.32,9
1786115040,96.315,96.315,96.315,96.315,9
1786115220,96.315,96.32,96.315,96.32,25
1786115280,96.32,96.32,96.32,96.32,1
1786115820,96.32,96.32,96.32,96.32,36
1786115880,96.32,96.32,96.32,96.32,18
1786115940,96.32,96.32,96.32,96.32,2
1786116900,96.32,96.32,96.32,96.32,50
1786117200,96.32,96.32,96.32,96.32,5
1786117920,96.315,96.315,96.315,96.315,20
1786118040,96.315,96.315,96.315,96.315,32
1786118160,96.315,96.315,96.315,96.315,18
1786118220,96.315,96.315,96.315,96.315,16
1786118280,96.315,96.315,96.315,96.315,17
1786118400,96.315,96.315,96.315,96.315,1
1786118460,96.315,96.315,96.315,96.315,1
1786118520,96.315,96.315,96.315,96.315,12
1786118580,96.315,96.315,96.315,96.315,21
1786118700,96.315,96.315,96.315,96.315,4
1786118760,96.315,96.315,96.315,96.315,17
1786118940,96.315,96.315,96.315,96.315,1
1786119000,96.315,96.315,96.315,96.315,1
1786119120,96.315,96.315,96.315,96.315,2
1786119180,96.315,96.315,96.315,96.315,11
1786119240,96.315,96.315,96.315,96.315,26
1786119300,96.315,96.315,96.315,96.315,1
1786119420,96.315,96.315,96.315,96.315,1
1786119480,96.315,96.315,96.315,96.315,18
1786119540,96.315,96.315,96.315,96.315,1
1786119600,96.315,96.315,96.315,96.315,1
1786119720,96.315,96.315,96.315,96.315,1
1786119840,96.315,96.315,96.315,96.315,1
1786119900,96.32,96.32,96.32,96.32,100
1786119960,96.315,96.315,96.315,96.315,1
1786120080,96.315,96.315,96.315,96.315,2
1786120140,96.315,96.315,96.315,96.315,23
1786120200,96.315,96.315,96.315,96.315,13
1786120260,96.315,96.315,96.315,96.315,10
1786120920,96.315,96.315,96.315,96.315,14
1786121040,96.315,96.315,96.315,96.315,7
1786121100,96.315,96.315,96.315,96.315,5
1786121640,96.315,96.315,96.315,96.315,2
1786121700,96.315,96.315,96.315,96.315,9
1786121940,96.315,96.315,96.315,96.315,4
1786122000,96.315,96.315,96.315,96.315,5
1786122300,96.315,96.315,96.31,96.31,859
1786122660,96.315,96.315,96.315,96.315,201
1786122780,96.315,96.315,96.315,96.315,800
1786122900,96.315,96.315,96.315,96.315,1
1786122960,96.315,96.315,96.315,96.315,1
1786123680,96.315,96.315,96.315,96.315,6
1786123920,96.315,96.315,96.315,96.315,2
1786123980,96.315,96.315,96.315,96.315,2
1786124160,96.315,96.315,96.315,96.315,501
1786124640,96.315,96.315,96.315,96.315,3
1786124700,96.315,96.315,96.315,96.315,1
1786124760,96.315,96.315,96.315,96.315,1
1786125060,96.315,96.315,96.315,96.315,4
1786125360,96.315,96.315,96.315,96.315,7
1786125480,96.315,96.315,96.315,96.315,3
1786125660,96.315,96.315,96.315,96.315,2
1786126140,96.315,96.315,96.315,96.315,2
1786126380,96.315,96.315,96.315,96.315,2
1786126920,96.315,96.315,96.315,96.315,12
1786127160,96.315,96.315,96.315,96.315,1
1786127220,96.315,96.315,96.315,96.315,2
1786127460,96.315,96.315,96.315,96.315,4
1786127880,96.315,96.315,96.315,96.315,1
1786128180,96.315,96.315,96.315,96.315,5
1786128300,96.32,96.32,96.32,96.32,3
1786128540,96.315,96.315,96.315,96.315,3
1786128660,96.315,96.315,96.315,96.315,2
1786128900,96.315,96.315,96.315,96.315,5
1786128960,96.315,96.315,96.315,96.315,6
1786129020,96.315,96.315,96.315,96.315,68
1786129080,96.315,96.315,96.315,96.315,7
1786129140,96.315,96.315,96.315,96.315,18
1786130160,96.315,96.315,96.315,96.315,6
1786130700,96.315,96.315,96.315,96.315,20
1786131360,96.315,96.315,96.315,96.315,4
1786132440,96.32,96.32,96.32,96.32,42
1786132920,96.315,96.315,96.315,96.315,1
1786133340,96.315,96.315,96.315,96.315,2
1786133580,96.315,96.315,96.315,96.315,52
1786134120,96.315,96.315,96.315,96.315,5
1786134300,96.315,96.315,96.315,96.315,4
1786135020,96.315,96.315,96.315,96.315,26
1786135320,96.315,96.315,96.315,96.315,56
1786135500,96.315,96.315,96.315,96.315,1
1786136340,96.315,96.315,96.315,96.315,11
1786312920,96.315,96.315,96.315,96.315,2
1786314300,96.315,96.315,96.315,96.315,36
1786315920,96.315,96.315,96.315,96.315,101
1786317660,96.315,96.315,96.315,96.315,100
1786318980,96.315,96.315,96.315,96.315,1
1786320000,96.315,96.315,96.315,96.315,2
1786320660,96.315,96.315,96.315,96.315,4
1786320960,96.315,96.315,96.315,96.315,82
1786323780,96.315,96.315,96.315,96.315,34
1786323840,96.315,96.315,96.315,96.315,315
1786326540,96.31,96.31,96.31,96.31,7
1786337400,96.315,96.315,96.315,96.315,5
1786338300,96.31,96.31,96.31,96.31,1
1786341840,96.315,96.315,96.315,96.315,1
1786343040,96.315,96.315,96.315,96.315,40
1786345140,96.315,96.315,96.315,96.315,169
1786345920,96.315,96.315,96.315,96.315,200
1786346280,96.315,96.315,96.315,96.315,2
1786346580,96.315,96.315,96.315,96.315,161
1786346640,96.315,96.315,96.315,96.315,72
1786347600,96.315,96.315,96.315,96.315,38
1786347840,96.315,96.315,96.315,96.315,106
1786348200,96.315,96.315,96.315,96.315,5
1786351020,96.315,96.315,96.315,96.315,3
1786352340,96.315,96.315,96.315,96.315,8
1786358220,96.315,96.315,96.315,96.315,15
1786358280,96.315,96.315,96.315,96.315,247
1786358580,96.315,96.315,96.315,96.315,1
1786362120,96.315,96.315,96.315,96.315,55
1786362480,96.315,96.315,96.315,96.315,10
1786362540,96.315,96.315,96.315,96.315,17
1786362660,96.315,96.315,96.315,96.315,40
1786362840,96.315,96.315,96.315,96.315,125
1786363620,96.315,96.315,96.315,96.315,8
1786364760,96.315,96.315,96.315,96.315,5
1786366500,96.315,96.315,96.315,96.315,10
1786367220,96.315,96.315,96.315,96.315,50
1786368240,96.315,96.315,96.315,96.315,27
1786368540,96.315,96.315,96.315,96.315,5
1786368840,96.315,96.315,96.315,96.315,1
1786369260,96.315,96.315,96.315,96.315,216
1786369620,96.315,96.315,96.315,96.315,4
1786369980,96.31,96.31,96.31,96.31,5
1786370700,96.31,96.315,96.31,96.315,812
1786371060,96.315,96.315,96.315,96.315,2
1786371120,96.315,96.315,96.315,96.315,57
1786371180,96.315,96.315,96.315,96.315,29
1786372860,96.31,96.315,96.31,96.315,58
1786374300,96.31,96.315,96.31,96.315,9
1786375200,96.315,96.315,96.315,96.315,70
1786375440,96.31,96.315,96.31,96.315,1649
1786375920,96.31,96.31,96.31,96.31,119
1786375980,96.31,96.31,96.31,96.31,18
1786376040,96.31,96.31,96.31,96.31,1472
1786376100,96.31,96.31,96.31,96.31,100
1786376220,96.31,96.31,96.31,96.31,200
1786376280,96.31,96.31,96.31,96.31,10
1786376460,96.31,96.31,96.31,96.31,11
1786376580,96.305,96.305,96.305,96.305,46
1786377600,96.31,96.31,96.31,96.31,13
1786379520,96.31,96.31,96.31,96.31,130
1786379580,96.305,96.305,96.305,96.305,81
1786380600,96.31,96.31,96.31,96.31,30
1786381080,96.31,96.31,96.31,96.31,10
1786382580,96.31,96.31,96.31,96.31,5
1786384380,96.305,96.305,96.305,96.305,14
1786384500,96.31,96.31,96.305,96.305,182
1786384860,96.305,96.305,96.3,96.305,1355
1786384920,96.305,96.305,96.305,96.305,48
1786384980,96.305,96.305,96.305,96.305,9
1786385040,96.305,96.305,96.305,96.305,1
1786385520,96.305,96.305,96.305,96.305,2
1786385700,96.31,96.31,96.31,96.31,170
1786385820,96.305,96.305,96.305,96.305,21
1786386000,96.305,96.305,96.305,96.305,268
1786386120,96.305,96.305,96.305,96.305,2
1786386300,96.305,96.305,96.305,96.305,1
1786386480,96.305,96.305,96.305,96.305,56
1786386540,96.305,96.305,96.305,96.305,59
1786386840,96.305,96.305,96.305,96.305,1
1786386900,96.305,96.305,96.305,96.305,57
1786387020,96.305,96.305,96.305,96.305,16
1786387200,96.3,96.305,96.3,96.305,3065
1786387380,96.305,96.305,96.305,96.305,1
1786387800,96.305,96.305,96.305,96.305,11
1786387980,96.305,96.305,96.305,96.305,4
1786388040,96.305,96.305,96.305,96.305,60
1786388160,96.3,96.3,96.3,96.3,1
1786388220,96.3,96.3,96.3,96.3,9
1786388280,96.3,96.3,96.3,96.3,11
1786388340,96.3,96.3,96.3,96.3,17
1786388400,96.305,96.305,96.305,96.305,1104
1786389960,96.305,96.305,96.305,96.305,12
1786390320,96.31,96.31,96.31,96.31,4
1786390560,96.305,96.305,96.305,96.305,27
1786390860,96.305,96.305,96.305,96.305,26
1786391400,96.305,96.305,96.305,96.305,25
1786391520,96.31,96.31,96.31,96.31,30
1786392180,96.305,96.305,96.305,96.305,8
1786392240,96.305,96.305,96.305,96.305,1
1786394100,96.31,96.31,96.31,96.31,33
1786400280,96.305,96.305,96.305,96.305,13
1786409880,96.305,96.305,96.305,96.305,19
1786410060,96.305,96.305,96.305,96.305,32
1786410780,96.305,96.305,96.305,96.305,9
1786417980,96.305,96.305,96.305,96.305,40
1786418040,96.31,96.31,96.31,96.31,3
1786418400,96.305,96.305,96.305,96.305,2
1786431000,96.305,96.305,96.305,96.305,200
1786432440,96.305,96.305,96.305,96.305,250
1786437660,96.31,96.31,96.31,96.31,1
1786445580,96.31,96.315,96.31,96.315,3068
1786445940,96.31,96.31,96.31,96.31,1
1786446060,96.31,96.31,96.31,96.31,2450
1786446420,96.31,96.31,96.31,96.31,12
1786447620,96.31,96.31,96.31,96.31,96
1786447800,96.305,96.305,96.305,96.305,8
1786447920,96.31,96.31,96.31,96.31,100
1786449540,96.31,96.31,96.31,96.31,12
1786449780,96.31,96.31,96.31,96.31,26
1786449960,96.315,96.315,96.315,96.315,26
1786450920,96.31,96.31,96.31,96.31,25
1786450980,96.31,96.31,96.31,96.31,88
1786451220,96.31,96.31,96.31,96.31,72
1786451400,96.31,96.31,96.31,96.31,148
1786452180,96.31,96.315,96.31,96.315,827
1786452600,96.31,96.31,96.31,96.31,1
1786453680,96.31,96.31,96.31,96.31,1
1786453740,96.31,96.31,96.31,96.31,1
1786453800,96.31,96.31,96.31,96.31,1
1786453860,96.31,96.31,96.31,96.31,1
1786454040,96.31,96.31,96.31,96.31,1
1786454280,96.31,96.31,96.31,96.31,4
1786454340,96.31,96.31,96.31,96.31,1
1786454400,96.31,96.31,96.31,96.31,1
1786454460,96.31,96.31,96.31,96.31,1
1786454520,96.31,96.31,96.31,96.31,1
1786454940,96.31,96.31,96.31,96.31,25
1786455360,96.31,96.31,96.31,96.31,20
1786455840,96.31,96.31,96.31,96.31,1
1786455900,96.31,96.31,96.31,96.31,2
1786456380,96.31,96.31,96.31,96.31,5
1786456500,96.31,96.31,96.31,96.31,1
1786456620,96.31,96.31,96.31,96.31,2
1786456800,96.31,96.31,96.31,96.31,2
1786457160,96.31,96.31,96.31,96.31,3
1786457640,96.31,96.31,96.31,96.31,33
1786457700,96.31,96.31,96.31,96.31,115
1786457760,96.31,96.31,96.31,96.31,122
1786457820,96.31,96.31,96.31,96.31,2
1786457880,96.31,96.31,96.31,96.31,933
1786458540,96.31,96.31,96.305,96.305,57
1786459080,96.31,96.31,96.31,96.31,2
1786459200,96.31,96.31,96.305,96.305,3
1786459560,96.31,96.31,96.31,96.31,2
1786459740,96.305,96.31,96.305,96.305,21
1786459860,96.31,96.31,96.31,96.31,1
1786460040,96.31,96.31,96.305,96.305,12
1786461780,96.31,96.31,96.305,96.305,229
1786461960,96.31,96.31,96.305,96.31,119
1786462200,96.305,96.305,96.305,96.305,6
1786462320,96.305,96.305,96.305,96.305,13
1786462500,96.31,96.31,96.305,96.305,11
1786463460,96.31,96.31,96.31,96.31,3
1786464540,96.31,96.31,96.31,96.31,2
1786465740,96.31,96.31,96.305,96.305,35
1786467180,96.31,96.31,96.305,96.305,69
1786467360,96.31,96.31,96.305,96.305,127
1786469460,96.31,96.31,96.31,96.31,26
1786470180,96.31,96.31,96.31,96.31,40
1786470300,96.31,96.31,96.31,96.31,43
1786470540,96.31,96.31,96.31,96.31,1
1786471560,96.31,96.31,96.31,96.31,1
1786471680,96.31,96.31,96.31,96.31,50
1786473240,96.31,96.31,96.31,96.31,19
1786474020,96.31,96.31,96.31,96.31,106
1786474200,96.31,96.31,96.31,96.31,87
1786474560,96.305,96.305,96.305,96.305,2
1786474620,96.305,96.305,96.305,96.305,9
1786474680,96.305,96.305,96.305,96.305,11
1786474740,96.305,96.305,96.305,96.305,16
1786475760,96.305,96.305,96.305,96.305,8
1786476360,96.305,96.305,96.305,96.305,4
1786476900,96.305,96.305,96.305,96.305,6
1786477260,96.31,96.31,96.31,96.31,13
1786477380,96.305,96.305,96.305,96.305,1
1786477500,96.305,96.305,96.305,96.305,3
1786477860,96.31,96.31,96.31,96.31,9
1786478340,96.31,96.31,96.31,96.31,7
1786478580,96.305,96.305,96.305,96.305,1
1786478640,96.305,96.305,96.305,96.305,26
1786478820,96.31,96.31,96.31,96.31,85
1786480020,96.31,96.31,96.31,96.31,11
1786480260,96.31,96.31,96.31,96.31,6
1786481160,96.31,96.31,96.31,96.31,8
1786481520,96.31,96.31,96.31,96.31,13
1786481580,96.31,96.31,96.31,96.31,148
1786481640,96.31,96.31,96.31,96.31,107
1786481700,96.31,96.31,96.31,96.31,6
1786481760,96.31,96.31,96.31,96.31,499
1786481940,96.315,96.315,96.315,96.315,48
1786487400,96.31,96.31,96.31,96.31,4
1786488240,96.31,96.31,96.31,96.31,554
1786488420,96.31,96.31,96.31,96.31,52
1786488540,96.31,96.31,96.31,96.31,1
1786492920,96.315,96.315,96.315,96.315,30
1786495860,96.315,96.315,96.315,96.315,3
1786497540,96.31,96.31,96.31,96.31,4
1786497840,96.31,96.31,96.31,96.31,200
1786498080,96.315,96.315,96.315,96.315,3
1786501020,96.31,96.31,96.31,96.31,22
1786502100,96.31,96.31,96.31,96.31,75
1786502400,96.31,96.31,96.31,96.31,189
1786504620,96.31,96.31,96.31,96.31,51
1786505580,96.31,96.31,96.31,96.31,316
1786505640,96.31,96.31,96.31,96.31,125
1786505880,96.31,96.31,96.31,96.31,30
1786505940,96.31,96.31,96.31,96.31,200
1786506000,96.31,96.31,96.31,96.31,100
1786507020,96.31,96.31,96.31,96.31,2
1786507920,96.31,96.31,96.31,96.31,1
1786508160,96.31,96.31,96.31,96.31,7
1786508520,96.31,96.31,96.31,96.31,2
1786509420,96.31,96.31,96.31,96.31,1
1786509600,96.31,96.31,96.31,96.31,30
1786512900,96.31,96.31,96.31,96.31,12
1786513320,96.31,96.31,96.31,96.31,4
1786513980,96.31,96.31,96.31,96.31,6
1786514040,96.31,96.31,96.31,96.31,11
1786514520,96.31,96.31,96.31,96.31,64
1786514880,96.31,96.315,96.31,96.315,9
1786514940,96.31,96.31,96.31,96.31,2
1786515180,96.31,96.31,96.31,96.31,282
1786515720,96.31,96.31,96.31,96.31,5
1786515780,96.31,96.31,96.31,96.31,15
1786516020,96.31,96.31,96.31,96.31,1
1786516440,96.31,96.31,96.31,96.31,10
1786516500,96.31,96.31,96.31,96.31,20
1786516860,96.31,96.31,96.31,96.31,7
1786516980,96.31,96.31,96.31,96.31,49
1786517280,96.31,96.31,96.31,96.31,201
1786517580,96.31,96.31,96.31,96.31,51
1786518060,96.31,96.31,96.31,96.31,1
1786518360,96.31,96.31,96.31,96.31,31
1786518480,96.31,96.31,96.31,96.31,30
1786518540,96.31,96.31,96.31,96.31,1
1786518600,96.31,96.31,96.31,96.31,3
1786519140,96.31,96.31,96.31,96.31,7
1786519260,96.31,96.31,96.31,96.31,29
1786520220,96.31,96.31,96.31,96.31,1
1786520880,96.31,96.31,96.31,96.31,63
1786522080,96.31,96.31,96.31,96.31,2
1786522560,96.31,96.31,96.31,96.31,3
1786522680,96.31,96.31,96.31,96.31,747
1786522740,96.31,96.31,96.31,96.31,7
1786522800,96.31,96.315,96.31,96.315,477
1786522920,96.31,96.31,96.31,96.31,89
1786523280,96.31,96.31,96.31,96.31,70
1786523460,96.31,96.31,96.31,96.31,3
1786523580,96.31,96.31,96.31,96.31,24
1786523700,96.31,96.31,96.31,96.31,2
1786523820,96.31,96.31,96.31,96.31,1
1786523880,96.31,96.31,96.31,96.31,7
1786524000,96.31,96.31,96.31,96.31,100
1786524120,96.31,96.31,96.31,96.31,30
1786524360,96.31,96.31,96.31,96.31,10
1786524900,96.31,96.31,96.31,96.31,345
1786525080,96.31,96.31,96.31,96.31,61
1786525140,96.31,96.31,96.31,96.31,73
1786525200,96.31,96.31,96.31,96.31,29
1786525440,96.31,96.31,96.31,96.31,168
1786525560,96.31,96.31,96.31,96.31,10
1786526520,96.31,96.31,96.31,96.31,11
1786526580,96.31,96.31,96.31,96.31,6
1786527660,96.31,96.31,96.31,96.31,40
1786527840,96.31,96.31,96.31,96.31,90
1786528140,96.31,96.31,96.31,96.31,9
1786528320,96.31,96.31,96.31,96.31,34
1786528500,96.31,96.31,96.31,96.31,30
1786528800,96.31,96.31,96.31,96.31,100
1786528860,96.31,96.31,96.31,96.31,26
1786528920,96.31,96.31,96.31,96.31,3
1786530060,96.315,96.315,96.315,96.315,1
1786530780,96.315,96.315,96.315,96.315,1
1786531620,96.315,96.315,96.315,96.315,1
1786531680,96.315,96.315,96.315,96.315,5
1786532820,96.31,96.31,96.31,96.31,2
1786533060,96.31,96.31,96.31,96.31,35
1786534020,96.315,96.315,96.31,96.315,1074
1786534080,96.315,96.315,96.315,96.315,76
1786534200,96.315,96.315,96.315,96.315,135
1786534320,96.315,96.315,96.315,96.315,2
1786534380,96.315,96.315,96.315,96.315,293
1786534440,96.315,96.315,96.315,96.315,216
1786534560,96.315,96.315,96.315,96.315,83
1786534620,96.315,96.315,96.315,96.315,200
1786534680,96.315,96.315,96.315,96.315,37
1786534800,96.315,96.315,96.315,96.315,44
1786535160,96.315,96.315,96.315,96.315,1
1786535340,96.315,96.315,96.315,96.315,219
1786535400,96.315,96.315,96.315,96.315,7
1786535460,96.315,96.315,96.315,96.315,20
1786535700,96.315,96.315,96.315,96.315,1
1786535760,96.315,96.315,96.315,96.315,553
1786535940,96.315,96.315,96.315,96.315,1
1786536060,96.315,96.315,96.315,96.315,83
1786536120,96.315,96.315,96.315,96.315,5
1786536180,96.315,96.315,96.315,96.315,6
1786536240,96.315,96.315,96.315,96.315,12
1786536360,96.315,96.315,96.315,96.315,1
1786536420,96.315,96.315,96.315,96.315,66
1786536540,96.315,96.315,96.315,96.315,2
1786536600,96.315,96.315,96.315,96.315,262
1786536720,96.315,96.315,96.315,96.315,30
1786536780,96.315,96.315,96.315,96.315,25
1786536840,96.315,96.315,96.315,96.315,201
1786536900,96.315,96.315,96.315,96.315,2
1786537080,96.32,96.32,96.32,96.32,200
1786537140,96.32,96.32,96.32,96.32,10
1786537200,96.32,96.32,96.32,96.32,53
1786537260,96.32,96.32,96.32,96.32,224
1786537320,96.32,96.32,96.32,96.32,115
1786537380,96.32,96.32,96.32,96.32,25
1786537440,96.32,96.32,96.32,96.32,9
1786537560,96.32,96.32,96.32,96.32,113
1786537620,96.32,96.32,96.32,96.32,124
1786537740,96.32,96.32,96.32,96.32,60
1786537800,96.32,96.325,96.31,96.31,313
1786537860,96.31,96.315,96.31,96.315,605
1786537920,96.32,96.32,96.32,96.32,586
1786537980,96.32,96.32,96.32,96.32,337
1786538040,96.32,96.32,96.32,96.32,155
1786538100,96.32,96.32,96.315,96.315,26
1786538160,96.315,96.32,96.315,96.32,71
1786538220,96.32,96.32,96.32,96.32,360
1786538280,96.32,96.32,96.32,96.32,74
1786538400,96.325,96.325,96.325,96.325,1
1786538580,96.32,96.32,96.32,96.32,18
1786538640,96.32,96.325,96.32,96.325,204
1786539060,96.325,96.325,96.32,96.32,53
1786539180,96.325,96.325,96.325,96.325,54
1786539240,96.325,96.325,96.325,96.325,174
1786539300,96.325,96.325,96.325,96.325,5
1786539480,96.325,96.325,96.325,96.325,96
1786539540,96.325,96.325,96.325,96.325,309
1786539600,96.325,96.325,96.325,96.325,356
1786539660,96.325,96.325,96.325,96.325,73
1786539720,96.33,96.33,96.33,96.33,3
1786539780,96.33,96.33,96.325,96.33,89
1786540020,96.33,96.33,96.33,96.33,1
1786540080,96.33,96.33,96.33,96.33,8
1786540200,96.325,96.325,96.32,96.325,640
1786540260,96.325,96.33,96.325,96.325,315
1786540380,96.325,96.325,96.325,96.325,72
1786540440,96.325,96.325,96.325,96.325,50
1786540500,96.325,96.325,96.325,96.325,353
1786540620,96.325,96.325,96.325,96.325,110
1786540680,96.325,96.325,96.325,96.325,1
1786540980,96.325,96.325,96.325,96.325,95
1786541040,96.325,96.325,96.325,96.325,9
1786541400,96.325,96.325,96.325,96.325,50
1786542240,96.325,96.325,96.325,96.325,34
1786542420,96.325,96.325,96.325,96.325,16
1786542540,96.325,96.325,96.325,96.325,3
1786543020,96.325,96.325,96.325,96.325,2523
1786543200,96.325,96.325,96.325,96.325,16
1786543320,96.325,96.325,96.325,96.325,162
1786543440,96.325,96.325,96.325,96.325,4525
1786543500,96.325,96.325,96.325,96.325,221
1786543680,96.325,96.325,96.325,96.325,18
1786543740,96.325,96.325,96.325,96.325,800
1786544640,96.325,96.325,96.325,96.325,6
1786544700,96.325,96.325,96.325,96.325,56
1786545000,96.325,96.325,96.325,96.325,10
1786545060,96.325,96.325,96.325,96.325,4
1786545120,96.325,96.325,96.325,96.325,2
1786545480,96.325,96.325,96.325,96.325,29
1786545540,96.325,96.325,96.325,96.325,6
1786545600,96.325,96.325,96.325,96.325,1
1786546500,96.325,96.325,96.325,96.325,375
1786547160,96.32,96.32,96.32,96.32,1
1786548060,96.325,96.325,96.325,96.325,4
1786549140,96.32,96.32,96.32,96.32,1
1786549260,96.325,96.325,96.325,96.325,6
1786549740,96.325,96.325,96.325,96.325,12
1786550160,96.325,96.325,96.325,96.325,103
1786550460,96.325,96.325,96.325,96.325,21
1786550520,96.325,96.325,96.325,96.325,112
1786550580,96.325,96.325,96.325,96.325,140
1786551720,96.325,96.325,96.325,96.325,1
1786552020,96.325,96.325,96.325,96.325,4
1786555200,96.325,96.325,96.325,96.325,10
1786555440,96.325,96.325,96.325,96.325,16
1786559520,96.32,96.32,96.32,96.32,1
1786560600,96.32,96.325,96.32,96.325,825
1786562520,96.32,96.32,96.32,96.32,5
1786562880,96.32,96.32,96.32,96.32,15
1786563060,96.32,96.32,96.32,96.32,56
1786564500,96.32,96.32,96.32,96.32,9
1786564560,96.325,96.325,96.325,96.325,5
1786564920,96.32,96.32,96.32,96.32,2
1786564980,96.32,96.32,96.32,96.32,79
1786565520,96.32,96.32,96.32,96.32,1
1786568280,96.325,96.325,96.325,96.325,1
1786572000,96.325,96.325,96.325,96.325,36
1786572360,96.325,96.325,96.325,96.325,1
1786574520,96.325,96.325,96.325,96.325,1
1786582920,96.325,96.325,96.325,96.325,25
1786583700,96.325,96.325,96.325,96.325,18
1786583940,96.325,96.325,96.325,96.325,361
1786587780,96.325,96.325,96.325,96.325,140
1786588320,96.325,96.325,96.325,96.325,16
1786588380,96.325,96.33,96.325,96.33,62
1786590780,96.325,96.325,96.325,96.325,4
1786596540,96.33,96.33,96.33,96.33,344
1786597380,96.33,96.33,96.33,96.33,144
1786598940,96.33,96.33,96.33,96.33,94
1786599000,96.33,96.33,96.33,96.33,56
1786603080,96.325,96.325,96.325,96.325,39
1786603560,96.325,96.325,96.325,96.325,2
1786607400,96.33,96.33,96.33,96.33,50
1786607760,96.325,96.325,96.325,96.325,8
1786610400,96.325,96.325,96.325,96.325,2
1786617120,96.33,96.33,96.33,96.33,20
1786617840,96.33,96.33,96.33,96.33,3
1786618860,96.325,96.325,96.325,96.325,929
1786619400,96.325,96.325,96.325,96.325,160
1786619460,96.325,96.325,96.325,96.325,1
1786621560,96.32,96.32,96.32,96.32,1
1786621680,96.32,96.32,96.32,96.32,1
1786623180,96.325,96.325,96.325,96.325,2
1786623960,96.325,96.325,96.325,96.325,2
1786624200,96.325,96.325,96.325,96.325,446
1786624260,96.325,96.325,96.325,96.325,255
1786624320,96.325,96.325,96.325,96.325,351
1786624380,96.33,96.335,96.33,96.33,1947
1786624440,96.33,96.33,96.33,96.33,265
1786624500,96.33,96.33,96.33,96.33,219
1786624560,96.33,96.33,96.33,96.33,616
1786624800,96.33,96.33,96.33,96.33,101
1786624860,96.33,96.33,96.33,96.33,573
1786625280,96.335,96.335,96.335,96.335,20
1786625340,96.335,96.335,96.335,96.335,64
1786625700,96.33,96.33,96.33,96.33,2
1786625880,96.335,96.335,96.335,96.335,225
1786625940,96.335,96.335,96.335,96.335,105
1786626120,96.33,96.33,96.33,96.33,413
1786626240,96.33,96.33,96.33,96.33,1
1786627320,96.33,96.33,96.33,96.33,69
1786627500,96.33,96.33,96.33,96.33,5
1786627680,96.33,96.33,96.33,96.33,2187
1786627740,96.33,96.33,96.33,96.33,391
1786627800,96.33,96.33,96.33,96.33,1598
1786627860,96.33,96.33,96.33,96.33,535
1786627920,96.33,96.33,96.33,96.33,424
1786628100,96.33,96.33,96.33,96.33,2
1786628160,96.33,96.33,96.33,96.33,100
1786628280,96.33,96.33,96.33,96.33,137
1786628400,96.33,96.33,96.33,96.33,617
1786628460,96.33,96.33,96.33,96.33,100
1786628520,96.33,96.33,96.33,96.33,218
1786628580,96.33,96.33,96.33,96.33,371
1786628640,96.33,96.33,96.33,96.33,1
1786628700,96.33,96.33,96.33,96.33,24
1786628760,96.33,96.33,96.33,96.33,40
1786628820,96.33,96.33,96.33,96.33,127
1786629060,96.33,96.33,96.33,96.33,20
1786629120,96.33,96.33,96.33,96.33,108
1786629180,96.33,96.33,96.33,96.33,78
1786629240,96.33,96.33,96.33,96.33,381
1786629600,96.33,96.33,96.33,96.33,334
1786629660,96.33,96.33,96.33,96.33,8
1786629720,96.33,96.33,96.33,96.33,29
1786629960,96.33,96.33,96.33,96.33,137
1786630020,96.33,96.335,96.33,96.335,1257
1786630140,96.33,96.33,96.33,96.33,1810
1786630200,96.33,96.33,96.33,96.33,112
1786630500,96.335,96.335,96.335,96.335,80
1786630620,96.33,96.33,96.33,96.33,58
1786630860,96.335,96.335,96.335,96.335,100
1786630980,96.33,96.33,96.33,96.33,2
1786631040,96.33,96.33,96.33,96.33,5
1786631220,96.33,96.335,96.33,96.335,23
1786631280,96.33,96.335,96.33,96.335,12
1786631340,96.33,96.33,96.33,96.33,93
1786631400,96.335,96.335,96.33,96.33,124
1786631460,96.33,96.33,96.33,96.33,33
1786631520,96.33,96.33,96.33,96.33,314
1786631580,96.33,96.33,96.33,96.33,1
1786631640,96.33,96.33,96.33,96.33,77
1786632600,96.33,96.33,96.33,96.33,150
1786633380,96.33,96.33,96.325,96.325,5034
1786633560,96.33,96.33,96.325,96.325,59
1786633860,96.33,96.33,96.33,96.33,5
1786634400,96.325,96.325,96.325,96.325,3
1786635000,96.33,96.33,96.33,96.33,3
1786635360,96.325,96.325,96.325,96.325,3
1786635960,96.325,96.325,96.325,96.325,19
1786636800,96.33,96.33,96.33,96.33,220
1786637400,96.325,96.325,96.325,96.325,6
1786637520,96.325,96.325,96.325,96.325,8
1786637940,96.325,96.325,96.325,96.325,2
1786638480,96.325,96.325,96.325,96.325,1
1786639860,96.33,96.33,96.33,96.33,16
1786640040,96.33,96.33,96.33,96.33,24
1786640340,96.33,96.33,96.33,96.33,1
1786643100,96.325,96.325,96.325,96.325,1
1786646340,96.33,96.33,96.33,96.33,1
1786646700,96.33,96.33,96.33,96.33,2
1786647540,96.33,96.33,96.33,96.33,11
1786647600,96.325,96.33,96.325,96.33,76
1786647720,96.33,96.33,96.33,96.33,75
1786647780,96.33,96.33,96.325,96.325,81
1786648680,96.33,96.33,96.33,96.33,3
1786649520,96.33,96.33,96.33,96.33,16
1786649760,96.33,96.33,96.33,96.33,12
1786650000,96.33,96.33,96.33,96.33,15
1786650600,96.33,96.33,96.33,96.33,8
1786650780,96.33,96.33,96.33,96.33,15
1786651080,96.33,96.33,96.33,96.33,5
1786651320,96.325,96.325,96.325,96.325,99
1786651380,96.33,96.33,96.33,96.33,4
1786651500,96.33,96.33,96.33,96.33,1
1786653360,96.325,96.325,96.325,96.325,9
1786653780,96.325,96.325,96.325,96.325,8
1786653840,96.33,96.33,96.33,96.33,2
1786653960,96.33,96.33,96.33,96.33,3
1786654080,96.33,96.33,96.33,96.33,3
1786654200,96.33,96.33,96.33,96.33,3
1786654320,96.33,96.33,96.33,96.33,1
1786654380,96.33,96.33,96.33,96.33,6
1786654620,96.33,96.33,96.33,96.33,1
1786658400,96.33,96.33,96.33,96.33,4
1786658460,96.33,96.33,96.33,96.33,1
1786658580,96.33,96.33,96.33,96.33,4
1786660860,96.325,96.325,96.325,96.325,48
1786669440,96.325,96.325,96.325,96.325,7
1786673280,96.33,96.33,96.33,96.33,1677
1786673640,96.33,96.33,96.33,96.33,1
1786674360,96.33,96.33,96.33,96.33,4
1786674600,96.33,96.33,96.33,96.33,398
1786674840,96.33,96.33,96.33,96.33,190
1786675080,96.33,96.33,96.33,96.33,85
1786675260,96.33,96.33,96.33,96.33,33
1786677960,96.33,96.33,96.33,96.33,256
1786678380,96.33,96.33,96.33,96.33,263
1786680300,96.33,96.33,96.33,96.33,101
1786680900,96.33,96.33,96.33,96.33,75
1786680960,96.33,96.33,96.33,96.33,52
1786681020,96.33,96.33,96.33,96.33,25
1786686660,96.33,96.33,96.33,96.33,100
1786687440,96.33,96.33,96.33,96.33,10
1786687860,96.33,96.33,96.33,96.33,1
1786689420,96.33,96.33,96.33,96.33,183
1786689540,96.33,96.33,96.33,96.33,256
1786689660,96.33,96.33,96.33,96.33,1
1786689780,96.33,96.33,96.33,96.33,383
1786689900,96.33,96.33,96.33,96.33,121
1786690200,96.33,96.33,96.33,96.33,121
1786690920,96.33,96.33,96.33,96.33,205
1786690980,96.33,96.33,96.33,96.33,1
1786691040,96.33,96.33,96.33,96.33,27
1786691100,96.33,96.33,96.33,96.33,552
1786691400,96.33,96.33,96.33,96.33,603
1786693380,96.33,96.33,96.33,96.33,516
1786693620,96.33,96.33,96.33,96.33,48
1786703820,96.335,96.335,96.335,96.335,1077
1786704000,96.335,96.335,96.335,96.335,10
1786704840,96.335,96.335,96.335,96.335,10
1786705740,96.335,96.335,96.335,96.335,1
1786706040,96.335,96.335,96.335,96.335,64
1786706100,96.335,96.335,96.335,96.335,25
1786706160,96.335,96.335,96.335,96.335,6
1786706220,96.335,96.335,96.335,96.335,1
1786706280,96.335,96.335,96.335,96.335,50
1786706400,96.335,96.335,96.335,96.335,9
1786706700,96.335,96.335,96.335,96.335,11
1786707360,96.335,96.335,96.335,96.335,346
1786707540,96.335,96.335,96.335,96.335,5
1786707720,96.335,96.335,96.335,96.335,50
1786707840,96.335,96.335,96.335,96.335,10
1786708440,96.335,96.335,96.335,96.335,3
1786708740,96.335,96.335,96.335,96.335,138
1786708800,96.335,96.335,96.335,96.335,668
1786709160,96.335,96.335,96.335,96.335,318
1786709220,96.335,96.335,96.335,96.335,8
1786709340,96.335,96.335,96.335,96.335,549
1786709760,96.335,96.335,96.335,96.335,1
1786709880,96.335,96.335,96.335,96.335,13
1786710180,96.335,96.335,96.335,96.335,6
1786710300,96.335,96.335,96.335,96.335,24
1786710540,96.335,96.335,96.335,96.335,13
1786710600,96.335,96.34,96.335,96.34,168
1786710660,96.335,96.335,96.335,96.335,8
1786710900,96.335,96.335,96.335,96.335,851
1786710960,96.335,96.335,96.335,96.335,214
1786711020,96.335,96.335,96.335,96.335,444
1786711080,96.335,96.335,96.335,96.335,13
1786711200,96.335,96.335,96.335,96.335,131
1786711260,96.335,96.335,96.335,96.335,47
1786711380,96.335,96.335,96.335,96.335,23
1786711500,96.335,96.335,96.335,96.335,2
1786711560,96.335,96.335,96.335,96.335,1
1786711680,96.335,96.335,96.335,96.335,24
1786711860,96.335,96.335,96.335,96.335,323
1786711920,96.335,96.335,96.335,96.335,1
1786711980,96.335,96.335,96.335,96.335,4
1786712040,96.335,96.335,96.335,96.335,15
1786712220,96.335,96.335,96.335,96.335,26
1786713300,96.335,96.335,96.335,96.335,72
1786713420,96.335,96.335,96.335,96.335,6
1786713720,96.335,96.335,96.335,96.335,227
1786713840,96.335,96.335,96.335,96.335,174
1786713960,96.335,96.335,96.335,96.335,100
1786714020,96.335,96.335,96.335,96.335,7
1786714140,96.335,96.335,96.335,96.335,65
1786714260,96.335,96.335,96.335,96.335,39
1786714560,96.335,96.335,96.335,96.335,3
1786714920,96.335,96.335,96.335,96.335,10
1786714980,96.335,96.335,96.335,96.335,1
1786715040,96.335,96.335,96.335,96.335,3
1786715820,96.335,96.335,96.335,96.335,79
1786715880,96.335,96.335,96.335,96.335,119
1786715940,96.335,96.335,96.335,96.335,21
1786716000,96.34,96.34,96.335,96.335,866
1786716060,96.335,96.335,96.335,96.335,65
1786716120,96.335,96.335,96.335,96.335,14
1786716240,96.335,96.335,96.335,96.335,2
1786716300,96.335,96.335,96.335,96.335,2
1786716480,96.335,96.335,96.335,96.335,1
1786716540,96.335,96.335,96.335,96.335,91
1786716960,96.34,96.34,96.34,96.34,4
1786717140,96.335,96.335,96.335,96.335,1222
1786717320,96.335,96.335,96.335,96.335,193
1786717680,96.335,96.335,96.335,96.335,3
1786717860,96.335,96.335,96.335,96.335,220
1786717980,96.335,96.335,96.335,96.335,1
1786718040,96.34,96.34,96.34,96.34,12
1786718160,96.335,96.335,96.335,96.335,173
1786718640,96.335,96.335,96.335,96.335,357
1786718700,96.335,96.335,96.335,96.335,107
1786718880,96.335,96.335,96.335,96.335,145
1786718940,96.335,96.335,96.335,96.335,40
1786719360,96.335,96.335,96.335,96.335,25
1786720020,96.335,96.335,96.335,96.335,4
1786720140,96.335,96.335,96.335,96.335,173
1786720320,96.335,96.335,96.335,96.335,918
1786720380,96.335,96.335,96.335,96.335,178
1786720440,96.335,96.335,96.335,96.335,290
1786720560,96.335,96.335,96.335,96.335,5
1786720740,96.335,96.335,96.335,96.335,14
1786720800,96.335,96.335,96.335,96.335,210
1786721400,96.335,96.34,96.335,96.335,405
1786721460,96.335,96.335,96.335,96.335,80
1786721520,96.335,96.335,96.335,96.335,2
1786721580,96.335,96.335,96.335,96.335,13
1786721820,96.335,96.335,96.335,96.335,200
1786721880,96.335,96.335,96.335,96.335,40
1786722000,96.335,96.335,96.335,96.335,139
1786722120,96.335,96.335,96.335,96.335,50
1786722240,96.335,96.335,96.335,96.335,306
1786722300,96.335,96.335,96.335,96.335,235
1786723980,96.335,96.335,96.335,96.335,14
1786726380,96.33,96.33,96.33,96.33,35
1786728060,96.33,96.33,96.33,96.33,1
1786728720,96.33,96.335,96.33,96.335,966
1786728840,96.335,96.335,96.335,96.335,1
1786730820,96.33,96.33,96.33,96.33,5
1786734840,96.33,96.33,96.33,96.33,30
1786735380,96.33,96.33,96.33,96.33,6
1786735500,96.33,96.33,96.33,96.33,5
1786736340,96.33,96.33,96.33,96.33,11
1786737780,96.335,96.335,96.335,96.335,1
1786738440,96.33,96.33,96.33,96.33,50
1786738980,96.33,96.33,96.33,96.33,14
1786740360,96.33,96.33,96.33,96.33,2
1786741080,96.335,96.335,96.335,96.335,1
1786917600,96.335,96.335,96.33,96.33,13
1786927320,96.335,96.335,96.335,96.335,53
1786927380,96.335,96.335,96.335,96.335,252
1786928520,96.335,96.335,96.335,96.335,318
1786931400,96.335,96.335,96.335,96.335,30
1786934880,96.335,96.335,96.335,96.335,200
1786935780,96.335,96.335,96.335,96.335,100
1786935840,96.335,96.335,96.335,96.335,116
1786935960,96.335,96.335,96.335,96.335,113
1786948980,96.335,96.335,96.335,96.335,11
1786949040,96.335,96.335,96.335,96.335,8
1786951500,96.335,96.335,96.335,96.335,318
1786952040,96.335,96.335,96.335,96.335,11
1786952160,96.335,96.335,96.335,96.335,20
1786953300,96.335,96.335,96.335,96.335,3
1786953360,96.335,96.335,96.33,96.33,62
1786956780,96.335,96.335,96.335,96.335,17
1786957980,96.335,96.335,96.335,96.335,19
1786959120,96.335,96.335,96.335,96.335,2
1786959420,96.335,96.335,96.335,96.335,450
1786960140,96.335,96.335,96.335,96.335,41